<?xml version="1.0" encoding="UTF-8"?>
<gpx version="1.1" creator="Geurt's huttentocht 2027" xmlns="http://www.topografix.com/GPX/1/1" xmlns:xsi="http://www.w3.org/2001/XMLSchema-instance" xsi:schemaLocation="http://www.topografix.com/GPX/1/1 http://www.topografix.com/GPX/1/1/gpx.xsd">
  <metadata>
    <name>Lechtaler Höhenweg (Geurt's huttentocht 2027)</name>
    <desc>3-daagse: Madau - Memminger Huette - Griesslscharte - Ansbacher Huette - Flirsch. Indicatief, OSM/ODbL.</desc>
    <author><name>Geurt's huttentocht 2027</name></author>
    <copyright author="OpenStreetMap contributors"><license>ODbL</license></copyright>
  </metadata>
  <wpt lat="47.233536" lon="10.452458"><ele>1308</ele><name>Start Madau</name><sym>Trail Head</sym></wpt>
  <wpt lat="47.200612" lon="10.478599"><ele>2242</ele><name>Memminger Hütte (2.242 m)</name><sym>Lodging</sym></wpt>
  <wpt lat="47.188497" lon="10.425220"><ele>2632</ele><name>Grießlscharte (2.632 m)</name><sym>Pass</sym></wpt>
  <wpt lat="47.168308" lon="10.403172"><ele>2376</ele><name>Ansbacher Hütte (2.376 m)</name><sym>Lodging</sym></wpt>
  <wpt lat="47.148585" lon="10.408440"><ele>1160</ele><name>Finish Flirsch</name><sym>Trail Head</sym></wpt>
  <wpt lat="47.174300" lon="10.478200"><ele>3036</ele><name>Parseierspitze (3.036 m)</name><sym>Summit</sym></wpt>
  <trk><name>Lechtaler Höhenweg (Geurt's huttentocht 2027)</name><trkseg>
      <trkpt lat="47.233315" lon="10.452462"><ele>1320</ele></trkpt>
      <trkpt lat="47.233314" lon="10.452296"><ele>1319</ele></trkpt>
      <trkpt lat="47.233304" lon="10.452121"><ele>1317</ele></trkpt>
      <trkpt lat="47.233376" lon="10.451927"><ele>1317</ele></trkpt>
      <trkpt lat="47.233374" lon="10.451857"><ele>1316</ele></trkpt>
      <trkpt lat="47.233369" lon="10.451714"><ele>1314</ele></trkpt>
      <trkpt lat="47.233373" lon="10.451622"><ele>1314</ele></trkpt>
      <trkpt lat="47.233410" lon="10.451561"><ele>1313</ele></trkpt>
      <trkpt lat="47.233531" lon="10.451509"><ele>1312</ele></trkpt>
      <trkpt lat="47.233622" lon="10.451436"><ele>1311</ele></trkpt>
      <trkpt lat="47.233726" lon="10.451383"><ele>1311</ele></trkpt>
      <trkpt lat="47.233805" lon="10.451320"><ele>1310</ele></trkpt>
      <trkpt lat="47.233857" lon="10.451131"><ele>1309</ele></trkpt>
      <trkpt lat="47.233761" lon="10.451206"><ele>1309</ele></trkpt>
      <trkpt lat="47.233634" lon="10.451251"><ele>1308</ele></trkpt>
      <trkpt lat="47.233509" lon="10.451255"><ele>1308</ele></trkpt>
      <trkpt lat="47.233398" lon="10.451205"><ele>1308</ele></trkpt>
      <trkpt lat="47.233307" lon="10.451143"><ele>1306</ele></trkpt>
      <trkpt lat="47.233228" lon="10.451127"><ele>1306</ele></trkpt>
      <trkpt lat="47.233199" lon="10.451146"><ele>1306</ele></trkpt>
      <trkpt lat="47.233146" lon="10.451275"><ele>1307</ele></trkpt>
      <trkpt lat="47.233021" lon="10.451100"><ele>1304</ele></trkpt>
      <trkpt lat="47.233006" lon="10.451007"><ele>1303</ele></trkpt>
      <trkpt lat="47.232654" lon="10.450917"><ele>1297</ele></trkpt>
      <trkpt lat="47.232570" lon="10.451042"><ele>1296</ele></trkpt>
      <trkpt lat="47.232533" lon="10.451243"><ele>1297</ele></trkpt>
      <trkpt lat="47.232486" lon="10.451282"><ele>1296</ele></trkpt>
      <trkpt lat="47.232472" lon="10.451348"><ele>1296</ele></trkpt>
      <trkpt lat="47.232293" lon="10.451510"><ele>1290</ele></trkpt>
      <trkpt lat="47.232231" lon="10.451606"><ele>1290</ele></trkpt>
      <trkpt lat="47.232174" lon="10.451717"><ele>1290</ele></trkpt>
      <trkpt lat="47.232132" lon="10.451783"><ele>1290</ele></trkpt>
      <trkpt lat="47.231966" lon="10.451825"><ele>1286</ele></trkpt>
      <trkpt lat="47.231855" lon="10.451953"><ele>1283</ele></trkpt>
      <trkpt lat="47.231762" lon="10.452234"><ele>1279</ele></trkpt>
      <trkpt lat="47.231732" lon="10.452214"><ele>1277</ele></trkpt>
      <trkpt lat="47.231714" lon="10.452091"><ele>1274</ele></trkpt>
      <trkpt lat="47.231703" lon="10.451869"><ele>1271</ele></trkpt>
      <trkpt lat="47.231675" lon="10.451782"><ele>1269</ele></trkpt>
      <trkpt lat="47.231645" lon="10.451748"><ele>1268</ele></trkpt>
      <trkpt lat="47.231625" lon="10.451691"><ele>1267</ele></trkpt>
      <trkpt lat="47.231615" lon="10.451701"><ele>1267</ele></trkpt>
      <trkpt lat="47.231526" lon="10.451778"><ele>1267</ele></trkpt>
      <trkpt lat="47.231264" lon="10.452045"><ele>1269</ele></trkpt>
      <trkpt lat="47.231196" lon="10.452213"><ele>1270</ele></trkpt>
      <trkpt lat="47.231146" lon="10.452427"><ele>1272</ele></trkpt>
      <trkpt lat="47.231086" lon="10.452654"><ele>1275</ele></trkpt>
      <trkpt lat="47.230933" lon="10.452967"><ele>1278</ele></trkpt>
      <trkpt lat="47.230757" lon="10.453212"><ele>1282</ele></trkpt>
      <trkpt lat="47.230632" lon="10.453420"><ele>1282</ele></trkpt>
      <trkpt lat="47.230548" lon="10.453687"><ele>1286</ele></trkpt>
      <trkpt lat="47.230460" lon="10.453945"><ele>1288</ele></trkpt>
      <trkpt lat="47.230128" lon="10.454482"><ele>1290</ele></trkpt>
      <trkpt lat="47.229986" lon="10.454580"><ele>1289</ele></trkpt>
      <trkpt lat="47.229836" lon="10.454639"><ele>1289</ele></trkpt>
      <trkpt lat="47.229793" lon="10.454680"><ele>1290</ele></trkpt>
      <trkpt lat="47.229702" lon="10.454767"><ele>1290</ele></trkpt>
      <trkpt lat="47.229596" lon="10.455060"><ele>1291</ele></trkpt>
      <trkpt lat="47.229529" lon="10.455121"><ele>1290</ele></trkpt>
      <trkpt lat="47.229456" lon="10.455168"><ele>1288</ele></trkpt>
      <trkpt lat="47.229373" lon="10.455214"><ele>1291</ele></trkpt>
      <trkpt lat="47.229134" lon="10.455677"><ele>1293</ele></trkpt>
      <trkpt lat="47.228830" lon="10.456137"><ele>1299</ele></trkpt>
      <trkpt lat="47.228564" lon="10.456889"><ele>1303</ele></trkpt>
      <trkpt lat="47.228461" lon="10.457043"><ele>1306</ele></trkpt>
      <trkpt lat="47.228355" lon="10.457119"><ele>1309</ele></trkpt>
      <trkpt lat="47.228173" lon="10.457323"><ele>1310</ele></trkpt>
      <trkpt lat="47.228044" lon="10.457720"><ele>1312</ele></trkpt>
      <trkpt lat="47.227985" lon="10.457750"><ele>1314</ele></trkpt>
      <trkpt lat="47.227950" lon="10.457692"><ele>1314</ele></trkpt>
      <trkpt lat="47.227935" lon="10.457470"><ele>1314</ele></trkpt>
      <trkpt lat="47.227903" lon="10.457398"><ele>1316</ele></trkpt>
      <trkpt lat="47.227842" lon="10.457403"><ele>1317</ele></trkpt>
      <trkpt lat="47.227726" lon="10.457543"><ele>1318</ele></trkpt>
      <trkpt lat="47.227629" lon="10.457645"><ele>1320</ele></trkpt>
      <trkpt lat="47.226541" lon="10.458507"><ele>1322</ele></trkpt>
      <trkpt lat="47.226348" lon="10.458720"><ele>1324</ele></trkpt>
      <trkpt lat="47.226276" lon="10.458798"><ele>1325</ele></trkpt>
      <trkpt lat="47.226082" lon="10.458973"><ele>1326</ele></trkpt>
      <trkpt lat="47.225884" lon="10.459106"><ele>1328</ele></trkpt>
      <trkpt lat="47.225596" lon="10.459322"><ele>1331</ele></trkpt>
      <trkpt lat="47.225391" lon="10.459602"><ele>1331</ele></trkpt>
      <trkpt lat="47.225261" lon="10.459828"><ele>1333</ele></trkpt>
      <trkpt lat="47.225237" lon="10.459871"><ele>1333</ele></trkpt>
      <trkpt lat="47.225131" lon="10.459989"><ele>1334</ele></trkpt>
      <trkpt lat="47.224909" lon="10.460151"><ele>1338</ele></trkpt>
      <trkpt lat="47.224667" lon="10.460363"><ele>1338</ele></trkpt>
      <trkpt lat="47.224463" lon="10.460496"><ele>1340</ele></trkpt>
      <trkpt lat="47.224283" lon="10.460488"><ele>1340</ele></trkpt>
      <trkpt lat="47.224206" lon="10.460394"><ele>1342</ele></trkpt>
      <trkpt lat="47.224194" lon="10.460263"><ele>1345</ele></trkpt>
      <trkpt lat="47.224264" lon="10.460002"><ele>1348</ele></trkpt>
      <trkpt lat="47.224375" lon="10.459699"><ele>1350</ele></trkpt>
      <trkpt lat="47.224477" lon="10.459489"><ele>1352</ele></trkpt>
      <trkpt lat="47.224595" lon="10.459367"><ele>1352</ele></trkpt>
      <trkpt lat="47.224617" lon="10.459298"><ele>1354</ele></trkpt>
      <trkpt lat="47.224578" lon="10.459263"><ele>1355</ele></trkpt>
      <trkpt lat="47.224524" lon="10.459284"><ele>1356</ele></trkpt>
      <trkpt lat="47.224388" lon="10.459433"><ele>1354</ele></trkpt>
      <trkpt lat="47.223981" lon="10.459604"><ele>1360</ele></trkpt>
      <trkpt lat="47.223427" lon="10.459713"><ele>1368</ele></trkpt>
      <trkpt lat="47.223037" lon="10.459875"><ele>1376</ele></trkpt>
      <trkpt lat="47.222918" lon="10.460040"><ele>1377</ele></trkpt>
      <trkpt lat="47.222818" lon="10.460293"><ele>1376</ele></trkpt>
      <trkpt lat="47.222209" lon="10.460662"><ele>1381</ele></trkpt>
      <trkpt lat="47.221833" lon="10.460523"><ele>1388</ele></trkpt>
      <trkpt lat="47.221655" lon="10.460413"><ele>1392</ele></trkpt>
      <trkpt lat="47.221569" lon="10.460416"><ele>1395</ele></trkpt>
      <trkpt lat="47.221185" lon="10.460559"><ele>1398</ele></trkpt>
      <trkpt lat="47.220829" lon="10.460842"><ele>1403</ele></trkpt>
      <trkpt lat="47.220810" lon="10.460903"><ele>1406</ele></trkpt>
      <trkpt lat="47.220812" lon="10.460957"><ele>1406</ele></trkpt>
      <trkpt lat="47.220983" lon="10.461151"><ele>1401</ele></trkpt>
      <trkpt lat="47.221009" lon="10.461287"><ele>1402</ele></trkpt>
      <trkpt lat="47.220979" lon="10.461514"><ele>1403</ele></trkpt>
      <trkpt lat="47.220868" lon="10.461800"><ele>1403</ele></trkpt>
      <trkpt lat="47.220808" lon="10.461881"><ele>1404</ele></trkpt>
      <trkpt lat="47.220735" lon="10.461945"><ele>1404</ele></trkpt>
      <trkpt lat="47.220653" lon="10.461974"><ele>1405</ele></trkpt>
      <trkpt lat="47.220369" lon="10.462007"><ele>1408</ele></trkpt>
      <trkpt lat="47.220270" lon="10.462074"><ele>1407</ele></trkpt>
      <trkpt lat="47.220083" lon="10.462299"><ele>1408</ele></trkpt>
      <trkpt lat="47.219992" lon="10.462604"><ele>1406</ele></trkpt>
      <trkpt lat="47.219968" lon="10.462709"><ele>1404</ele></trkpt>
      <trkpt lat="47.219931" lon="10.462758"><ele>1404</ele></trkpt>
      <trkpt lat="47.219875" lon="10.462771"><ele>1404</ele></trkpt>
      <trkpt lat="47.219452" lon="10.462553"><ele>1406</ele></trkpt>
      <trkpt lat="47.219277" lon="10.462575"><ele>1406</ele></trkpt>
      <trkpt lat="47.219104" lon="10.462694"><ele>1404</ele></trkpt>
      <trkpt lat="47.218953" lon="10.462682"><ele>1405</ele></trkpt>
      <trkpt lat="47.218507" lon="10.462465"><ele>1406</ele></trkpt>
      <trkpt lat="47.217986" lon="10.462256"><ele>1405</ele></trkpt>
      <trkpt lat="47.217649" lon="10.462051"><ele>1407</ele></trkpt>
      <trkpt lat="47.217510" lon="10.462025"><ele>1407</ele></trkpt>
      <trkpt lat="47.217369" lon="10.462073"><ele>1409</ele></trkpt>
      <trkpt lat="47.217098" lon="10.462344"><ele>1409</ele></trkpt>
      <trkpt lat="47.216558" lon="10.462709"><ele>1410</ele></trkpt>
      <trkpt lat="47.216330" lon="10.462739"><ele>1410</ele></trkpt>
      <trkpt lat="47.216093" lon="10.462694"><ele>1411</ele></trkpt>
      <trkpt lat="47.215794" lon="10.462589"><ele>1412</ele></trkpt>
      <trkpt lat="47.215503" lon="10.462538"><ele>1413</ele></trkpt>
      <trkpt lat="47.215321" lon="10.462449"><ele>1414</ele></trkpt>
      <trkpt lat="47.215045" lon="10.462259"><ele>1414</ele></trkpt>
      <trkpt lat="47.214737" lon="10.462106"><ele>1417</ele></trkpt>
      <trkpt lat="47.214490" lon="10.462076"><ele>1417</ele></trkpt>
      <trkpt lat="47.214211" lon="10.462102"><ele>1418</ele></trkpt>
      <trkpt lat="47.214051" lon="10.462127"><ele>1419</ele></trkpt>
      <trkpt lat="47.213899" lon="10.462184"><ele>1419</ele></trkpt>
      <trkpt lat="47.213701" lon="10.462307"><ele>1419</ele></trkpt>
      <trkpt lat="47.213597" lon="10.462347"><ele>1420</ele></trkpt>
      <trkpt lat="47.213265" lon="10.462384"><ele>1420</ele></trkpt>
      <trkpt lat="47.212859" lon="10.462449"><ele>1422</ele></trkpt>
      <trkpt lat="47.212451" lon="10.462458"><ele>1424</ele></trkpt>
      <trkpt lat="47.211985" lon="10.462609"><ele>1427</ele></trkpt>
      <trkpt lat="47.211621" lon="10.462832"><ele>1428</ele></trkpt>
      <trkpt lat="47.211243" lon="10.462839"><ele>1430</ele></trkpt>
      <trkpt lat="47.211037" lon="10.462861"><ele>1431</ele></trkpt>
      <trkpt lat="47.210865" lon="10.462932"><ele>1432</ele></trkpt>
      <trkpt lat="47.210747" lon="10.463036"><ele>1434</ele></trkpt>
      <trkpt lat="47.210592" lon="10.463290"><ele>1434</ele></trkpt>
      <trkpt lat="47.210491" lon="10.463357"><ele>1434</ele></trkpt>
      <trkpt lat="47.210397" lon="10.463419"><ele>1435</ele></trkpt>
      <trkpt lat="47.210322" lon="10.463453"><ele>1435</ele></trkpt>
      <trkpt lat="47.210329" lon="10.463495"><ele>1435</ele></trkpt>
      <trkpt lat="47.210296" lon="10.463964"><ele>1436</ele></trkpt>
      <trkpt lat="47.210209" lon="10.464099"><ele>1439</ele></trkpt>
      <trkpt lat="47.210141" lon="10.464177"><ele>1440</ele></trkpt>
      <trkpt lat="47.210114" lon="10.464190"><ele>1440</ele></trkpt>
      <trkpt lat="47.210125" lon="10.464350"><ele>1444</ele></trkpt>
      <trkpt lat="47.210090" lon="10.464423"><ele>1446</ele></trkpt>
      <trkpt lat="47.210094" lon="10.464651"><ele>1448</ele></trkpt>
      <trkpt lat="47.210061" lon="10.464903"><ele>1450</ele></trkpt>
      <trkpt lat="47.210017" lon="10.465009"><ele>1451</ele></trkpt>
      <trkpt lat="47.210033" lon="10.465058"><ele>1451</ele></trkpt>
      <trkpt lat="47.210010" lon="10.465189"><ele>1452</ele></trkpt>
      <trkpt lat="47.210033" lon="10.465255"><ele>1453</ele></trkpt>
      <trkpt lat="47.209939" lon="10.465528"><ele>1456</ele></trkpt>
      <trkpt lat="47.209933" lon="10.465633"><ele>1458</ele></trkpt>
      <trkpt lat="47.210094" lon="10.465688"><ele>1461</ele></trkpt>
      <trkpt lat="47.210173" lon="10.465756"><ele>1462</ele></trkpt>
      <trkpt lat="47.210234" lon="10.465935"><ele>1466</ele></trkpt>
      <trkpt lat="47.210307" lon="10.466036"><ele>1468</ele></trkpt>
      <trkpt lat="47.210278" lon="10.466189"><ele>1472</ele></trkpt>
      <trkpt lat="47.210139" lon="10.466213"><ele>1474</ele></trkpt>
      <trkpt lat="47.210113" lon="10.466249"><ele>1476</ele></trkpt>
      <trkpt lat="47.210206" lon="10.466381"><ele>1479</ele></trkpt>
      <trkpt lat="47.210304" lon="10.466424"><ele>1480</ele></trkpt>
      <trkpt lat="47.210333" lon="10.466469"><ele>1481</ele></trkpt>
      <trkpt lat="47.210313" lon="10.466525"><ele>1484</ele></trkpt>
      <trkpt lat="47.210234" lon="10.466608"><ele>1488</ele></trkpt>
      <trkpt lat="47.210158" lon="10.466674"><ele>1492</ele></trkpt>
      <trkpt lat="47.210112" lon="10.466656"><ele>1491</ele></trkpt>
      <trkpt lat="47.210109" lon="10.466695"><ele>1493</ele></trkpt>
      <trkpt lat="47.210181" lon="10.466776"><ele>1495</ele></trkpt>
      <trkpt lat="47.210199" lon="10.466878"><ele>1499</ele></trkpt>
      <trkpt lat="47.210410" lon="10.467119"><ele>1507</ele></trkpt>
      <trkpt lat="47.210483" lon="10.467214"><ele>1510</ele></trkpt>
      <trkpt lat="47.210488" lon="10.467264"><ele>1512</ele></trkpt>
      <trkpt lat="47.210510" lon="10.467271"><ele>1512</ele></trkpt>
      <trkpt lat="47.210515" lon="10.467297"><ele>1513</ele></trkpt>
      <trkpt lat="47.210397" lon="10.467375"><ele>1518</ele></trkpt>
      <trkpt lat="47.210128" lon="10.467470"><ele>1527</ele></trkpt>
      <trkpt lat="47.209865" lon="10.467527"><ele>1533</ele></trkpt>
      <trkpt lat="47.209701" lon="10.467651"><ele>1541</ele></trkpt>
      <trkpt lat="47.209983" lon="10.468055"><ele>1558</ele></trkpt>
      <trkpt lat="47.210068" lon="10.468054"><ele>1556</ele></trkpt>
      <trkpt lat="47.210165" lon="10.468236"><ele>1563</ele></trkpt>
      <trkpt lat="47.210235" lon="10.468339"><ele>1566</ele></trkpt>
      <trkpt lat="47.210322" lon="10.468427"><ele>1569</ele></trkpt>
      <trkpt lat="47.210312" lon="10.468467"><ele>1571</ele></trkpt>
      <trkpt lat="47.210253" lon="10.468453"><ele>1572</ele></trkpt>
      <trkpt lat="47.210222" lon="10.468472"><ele>1574</ele></trkpt>
      <trkpt lat="47.210196" lon="10.468472"><ele>1574</ele></trkpt>
      <trkpt lat="47.210192" lon="10.468523"><ele>1577</ele></trkpt>
      <trkpt lat="47.210226" lon="10.468540"><ele>1577</ele></trkpt>
      <trkpt lat="47.210306" lon="10.468609"><ele>1578</ele></trkpt>
      <trkpt lat="47.210389" lon="10.468711"><ele>1584</ele></trkpt>
      <trkpt lat="47.210546" lon="10.468815"><ele>1587</ele></trkpt>
      <trkpt lat="47.210705" lon="10.468997"><ele>1593</ele></trkpt>
      <trkpt lat="47.210722" lon="10.469074"><ele>1596</ele></trkpt>
      <trkpt lat="47.210750" lon="10.469116"><ele>1598</ele></trkpt>
      <trkpt lat="47.210792" lon="10.469186"><ele>1600</ele></trkpt>
      <trkpt lat="47.210777" lon="10.469248"><ele>1603</ele></trkpt>
      <trkpt lat="47.210901" lon="10.469547"><ele>1611</ele></trkpt>
      <trkpt lat="47.210888" lon="10.469571"><ele>1612</ele></trkpt>
      <trkpt lat="47.210930" lon="10.469627"><ele>1613</ele></trkpt>
      <trkpt lat="47.210979" lon="10.469667"><ele>1612</ele></trkpt>
      <trkpt lat="47.211000" lon="10.469734"><ele>1614</ele></trkpt>
      <trkpt lat="47.210859" lon="10.469780"><ele>1622</ele></trkpt>
      <trkpt lat="47.210607" lon="10.469737"><ele>1630</ele></trkpt>
      <trkpt lat="47.210591" lon="10.469747"><ele>1632</ele></trkpt>
      <trkpt lat="47.210653" lon="10.469912"><ele>1636</ele></trkpt>
      <trkpt lat="47.210780" lon="10.470124"><ele>1641</ele></trkpt>
      <trkpt lat="47.210811" lon="10.470135"><ele>1640</ele></trkpt>
      <trkpt lat="47.210821" lon="10.470180"><ele>1642</ele></trkpt>
      <trkpt lat="47.210941" lon="10.470397"><ele>1648</ele></trkpt>
      <trkpt lat="47.210956" lon="10.470473"><ele>1650</ele></trkpt>
      <trkpt lat="47.211012" lon="10.470525"><ele>1651</ele></trkpt>
      <trkpt lat="47.211020" lon="10.470586"><ele>1653</ele></trkpt>
      <trkpt lat="47.211043" lon="10.470621"><ele>1654</ele></trkpt>
      <trkpt lat="47.211050" lon="10.470701"><ele>1656</ele></trkpt>
      <trkpt lat="47.211042" lon="10.470727"><ele>1658</ele></trkpt>
      <trkpt lat="47.210969" lon="10.470761"><ele>1661</ele></trkpt>
      <trkpt lat="47.210881" lon="10.470752"><ele>1663</ele></trkpt>
      <trkpt lat="47.210826" lon="10.470692"><ele>1663</ele></trkpt>
      <trkpt lat="47.210803" lon="10.470694"><ele>1664</ele></trkpt>
      <trkpt lat="47.210803" lon="10.470727"><ele>1666</ele></trkpt>
      <trkpt lat="47.210825" lon="10.470880"><ele>1671</ele></trkpt>
      <trkpt lat="47.210886" lon="10.470960"><ele>1672</ele></trkpt>
      <trkpt lat="47.210964" lon="10.471102"><ele>1674</ele></trkpt>
      <trkpt lat="47.210978" lon="10.471202"><ele>1678</ele></trkpt>
      <trkpt lat="47.210997" lon="10.471258"><ele>1680</ele></trkpt>
      <trkpt lat="47.211033" lon="10.471373"><ele>1684</ele></trkpt>
      <trkpt lat="47.211089" lon="10.471465"><ele>1684</ele></trkpt>
      <trkpt lat="47.211101" lon="10.471532"><ele>1686</ele></trkpt>
      <trkpt lat="47.211110" lon="10.471563"><ele>1687</ele></trkpt>
      <trkpt lat="47.211146" lon="10.471623"><ele>1686</ele></trkpt>
      <trkpt lat="47.211150" lon="10.471678"><ele>1688</ele></trkpt>
      <trkpt lat="47.211151" lon="10.471698"><ele>1689</ele></trkpt>
      <trkpt lat="47.211201" lon="10.471813"><ele>1692</ele></trkpt>
      <trkpt lat="47.211196" lon="10.471866"><ele>1695</ele></trkpt>
      <trkpt lat="47.211238" lon="10.471885"><ele>1694</ele></trkpt>
      <trkpt lat="47.211270" lon="10.472000"><ele>1698</ele></trkpt>
      <trkpt lat="47.211287" lon="10.472023"><ele>1699</ele></trkpt>
      <trkpt lat="47.211295" lon="10.472098"><ele>1702</ele></trkpt>
      <trkpt lat="47.211317" lon="10.472167"><ele>1704</ele></trkpt>
      <trkpt lat="47.211300" lon="10.472173"><ele>1706</ele></trkpt>
      <trkpt lat="47.211266" lon="10.472125"><ele>1705</ele></trkpt>
      <trkpt lat="47.211246" lon="10.472150"><ele>1707</ele></trkpt>
      <trkpt lat="47.211187" lon="10.472157"><ele>1710</ele></trkpt>
      <trkpt lat="47.211060" lon="10.472035"><ele>1710</ele></trkpt>
      <trkpt lat="47.210998" lon="10.472016"><ele>1713</ele></trkpt>
      <trkpt lat="47.210917" lon="10.471934"><ele>1714</ele></trkpt>
      <trkpt lat="47.210784" lon="10.471645"><ele>1713</ele></trkpt>
      <trkpt lat="47.210670" lon="10.471579"><ele>1716</ele></trkpt>
      <trkpt lat="47.210588" lon="10.471606"><ele>1722</ele></trkpt>
      <trkpt lat="47.210636" lon="10.471714"><ele>1724</ele></trkpt>
      <trkpt lat="47.210652" lon="10.471891"><ele>1729</ele></trkpt>
      <trkpt lat="47.210663" lon="10.471983"><ele>1731</ele></trkpt>
      <trkpt lat="47.210701" lon="10.472093"><ele>1733</ele></trkpt>
      <trkpt lat="47.210709" lon="10.472176"><ele>1736</ele></trkpt>
      <trkpt lat="47.210748" lon="10.472232"><ele>1736</ele></trkpt>
      <trkpt lat="47.210745" lon="10.472302"><ele>1738</ele></trkpt>
      <trkpt lat="47.210766" lon="10.472330"><ele>1738</ele></trkpt>
      <trkpt lat="47.210773" lon="10.472380"><ele>1740</ele></trkpt>
      <trkpt lat="47.210817" lon="10.472430"><ele>1739</ele></trkpt>
      <trkpt lat="47.210848" lon="10.472532"><ele>1742</ele></trkpt>
      <trkpt lat="47.210837" lon="10.472576"><ele>1744</ele></trkpt>
      <trkpt lat="47.210855" lon="10.472600"><ele>1744</ele></trkpt>
      <trkpt lat="47.210851" lon="10.472687"><ele>1748</ele></trkpt>
      <trkpt lat="47.210759" lon="10.472653"><ele>1750</ele></trkpt>
      <trkpt lat="47.210708" lon="10.472623"><ele>1751</ele></trkpt>
      <trkpt lat="47.210640" lon="10.472625"><ele>1753</ele></trkpt>
      <trkpt lat="47.210606" lon="10.472608"><ele>1754</ele></trkpt>
      <trkpt lat="47.210546" lon="10.472613"><ele>1757</ele></trkpt>
      <trkpt lat="47.210536" lon="10.472644"><ele>1759</ele></trkpt>
      <trkpt lat="47.210598" lon="10.472746"><ele>1759</ele></trkpt>
      <trkpt lat="47.210649" lon="10.472734"><ele>1757</ele></trkpt>
      <trkpt lat="47.210664" lon="10.472771"><ele>1758</ele></trkpt>
      <trkpt lat="47.210645" lon="10.472809"><ele>1760</ele></trkpt>
      <trkpt lat="47.210607" lon="10.472816"><ele>1762</ele></trkpt>
      <trkpt lat="47.210582" lon="10.472861"><ele>1764</ele></trkpt>
      <trkpt lat="47.210555" lon="10.472868"><ele>1765</ele></trkpt>
      <trkpt lat="47.210533" lon="10.472904"><ele>1768</ele></trkpt>
      <trkpt lat="47.210514" lon="10.472905"><ele>1770</ele></trkpt>
      <trkpt lat="47.210524" lon="10.472936"><ele>1770</ele></trkpt>
      <trkpt lat="47.210539" lon="10.472956"><ele>1769</ele></trkpt>
      <trkpt lat="47.210552" lon="10.473002"><ele>1770</ele></trkpt>
      <trkpt lat="47.210577" lon="10.473002"><ele>1769</ele></trkpt>
      <trkpt lat="47.210577" lon="10.473044"><ele>1770</ele></trkpt>
      <trkpt lat="47.210612" lon="10.473080"><ele>1771</ele></trkpt>
      <trkpt lat="47.210651" lon="10.473105"><ele>1772</ele></trkpt>
      <trkpt lat="47.210642" lon="10.473155"><ele>1774</ele></trkpt>
      <trkpt lat="47.210592" lon="10.473182"><ele>1776</ele></trkpt>
      <trkpt lat="47.210591" lon="10.473213"><ele>1778</ele></trkpt>
      <trkpt lat="47.210547" lon="10.473285"><ele>1782</ele></trkpt>
      <trkpt lat="47.210510" lon="10.473274"><ele>1783</ele></trkpt>
      <trkpt lat="47.210485" lon="10.473286"><ele>1785</ele></trkpt>
      <trkpt lat="47.210464" lon="10.473321"><ele>1787</ele></trkpt>
      <trkpt lat="47.210482" lon="10.473360"><ele>1788</ele></trkpt>
      <trkpt lat="47.210520" lon="10.473388"><ele>1787</ele></trkpt>
      <trkpt lat="47.210539" lon="10.473421"><ele>1787</ele></trkpt>
      <trkpt lat="47.210581" lon="10.473450"><ele>1787</ele></trkpt>
      <trkpt lat="47.210594" lon="10.473510"><ele>1789</ele></trkpt>
      <trkpt lat="47.210595" lon="10.473536"><ele>1790</ele></trkpt>
      <trkpt lat="47.210614" lon="10.473560"><ele>1790</ele></trkpt>
      <trkpt lat="47.210664" lon="10.473659"><ele>1791</ele></trkpt>
      <trkpt lat="47.210656" lon="10.473742"><ele>1792</ele></trkpt>
      <trkpt lat="47.210643" lon="10.473800"><ele>1794</ele></trkpt>
      <trkpt lat="47.210661" lon="10.473845"><ele>1794</ele></trkpt>
      <trkpt lat="47.210599" lon="10.473924"><ele>1797</ele></trkpt>
      <trkpt lat="47.210562" lon="10.473968"><ele>1799</ele></trkpt>
      <trkpt lat="47.210514" lon="10.473987"><ele>1801</ele></trkpt>
      <trkpt lat="47.210473" lon="10.473991"><ele>1802</ele></trkpt>
      <trkpt lat="47.210479" lon="10.474040"><ele>1802</ele></trkpt>
      <trkpt lat="47.210408" lon="10.474136"><ele>1805</ele></trkpt>
      <trkpt lat="47.210206" lon="10.474362"><ele>1812</ele></trkpt>
      <trkpt lat="47.210117" lon="10.474419"><ele>1815</ele></trkpt>
      <trkpt lat="47.210016" lon="10.474505"><ele>1818</ele></trkpt>
      <trkpt lat="47.209979" lon="10.474632"><ele>1820</ele></trkpt>
      <trkpt lat="47.209875" lon="10.474844"><ele>1826</ele></trkpt>
      <trkpt lat="47.209829" lon="10.474968"><ele>1828</ele></trkpt>
      <trkpt lat="47.209802" lon="10.475100"><ele>1829</ele></trkpt>
      <trkpt lat="47.209623" lon="10.475474"><ele>1836</ele></trkpt>
      <trkpt lat="47.209559" lon="10.475553"><ele>1838</ele></trkpt>
      <trkpt lat="47.209516" lon="10.475595"><ele>1840</ele></trkpt>
      <trkpt lat="47.209442" lon="10.475618"><ele>1842</ele></trkpt>
      <trkpt lat="47.209380" lon="10.475793"><ele>1846</ele></trkpt>
      <trkpt lat="47.209363" lon="10.475897"><ele>1848</ele></trkpt>
      <trkpt lat="47.209393" lon="10.476077"><ele>1850</ele></trkpt>
      <trkpt lat="47.209379" lon="10.476178"><ele>1851</ele></trkpt>
      <trkpt lat="47.209282" lon="10.476339"><ele>1856</ele></trkpt>
      <trkpt lat="47.209247" lon="10.476468"><ele>1859</ele></trkpt>
      <trkpt lat="47.209258" lon="10.476648"><ele>1861</ele></trkpt>
      <trkpt lat="47.209303" lon="10.476833"><ele>1862</ele></trkpt>
      <trkpt lat="47.209309" lon="10.476900"><ele>1864</ele></trkpt>
      <trkpt lat="47.209333" lon="10.476964"><ele>1864</ele></trkpt>
      <trkpt lat="47.209334" lon="10.477237"><ele>1870</ele></trkpt>
      <trkpt lat="47.209468" lon="10.477396"><ele>1870</ele></trkpt>
      <trkpt lat="47.209480" lon="10.477546"><ele>1874</ele></trkpt>
      <trkpt lat="47.209510" lon="10.477632"><ele>1874</ele></trkpt>
      <trkpt lat="47.209502" lon="10.477738"><ele>1877</ele></trkpt>
      <trkpt lat="47.209536" lon="10.477817"><ele>1878</ele></trkpt>
      <trkpt lat="47.209643" lon="10.478061"><ele>1882</ele></trkpt>
      <trkpt lat="47.209699" lon="10.478077"><ele>1881</ele></trkpt>
      <trkpt lat="47.209725" lon="10.478132"><ele>1882</ele></trkpt>
      <trkpt lat="47.209728" lon="10.478181"><ele>1884</ele></trkpt>
      <trkpt lat="47.209769" lon="10.478273"><ele>1886</ele></trkpt>
      <trkpt lat="47.209780" lon="10.478299"><ele>1887</ele></trkpt>
      <trkpt lat="47.209857" lon="10.478348"><ele>1887</ele></trkpt>
      <trkpt lat="47.209888" lon="10.478398"><ele>1888</ele></trkpt>
      <trkpt lat="47.209826" lon="10.478438"><ele>1891</ele></trkpt>
      <trkpt lat="47.209845" lon="10.478468"><ele>1892</ele></trkpt>
      <trkpt lat="47.209812" lon="10.478490"><ele>1894</ele></trkpt>
      <trkpt lat="47.209809" lon="10.478515"><ele>1894</ele></trkpt>
      <trkpt lat="47.209758" lon="10.478701"><ele>1904</ele></trkpt>
      <trkpt lat="47.209742" lon="10.478719"><ele>1905</ele></trkpt>
      <trkpt lat="47.209715" lon="10.478779"><ele>1909</ele></trkpt>
      <trkpt lat="47.209719" lon="10.478849"><ele>1912</ele></trkpt>
      <trkpt lat="47.209701" lon="10.478866"><ele>1913</ele></trkpt>
      <trkpt lat="47.209698" lon="10.478894"><ele>1914</ele></trkpt>
      <trkpt lat="47.209680" lon="10.478916"><ele>1915</ele></trkpt>
      <trkpt lat="47.209675" lon="10.478956"><ele>1916</ele></trkpt>
      <trkpt lat="47.209651" lon="10.478995"><ele>1918</ele></trkpt>
      <trkpt lat="47.209638" lon="10.479037"><ele>1920</ele></trkpt>
      <trkpt lat="47.209576" lon="10.479127"><ele>1925</ele></trkpt>
      <trkpt lat="47.209582" lon="10.479187"><ele>1927</ele></trkpt>
      <trkpt lat="47.209564" lon="10.479163"><ele>1927</ele></trkpt>
      <trkpt lat="47.209538" lon="10.479164"><ele>1928</ele></trkpt>
      <trkpt lat="47.209541" lon="10.479187"><ele>1928</ele></trkpt>
      <trkpt lat="47.209558" lon="10.479209"><ele>1929</ele></trkpt>
      <trkpt lat="47.209564" lon="10.479247"><ele>1930</ele></trkpt>
      <trkpt lat="47.209558" lon="10.479254"><ele>1931</ele></trkpt>
      <trkpt lat="47.209524" lon="10.479224"><ele>1930</ele></trkpt>
      <trkpt lat="47.209509" lon="10.479224"><ele>1931</ele></trkpt>
      <trkpt lat="47.209506" lon="10.479240"><ele>1932</ele></trkpt>
      <trkpt lat="47.209523" lon="10.479304"><ele>1934</ele></trkpt>
      <trkpt lat="47.209519" lon="10.479320"><ele>1936</ele></trkpt>
      <trkpt lat="47.209474" lon="10.479282"><ele>1935</ele></trkpt>
      <trkpt lat="47.209523" lon="10.479539"><ele>1946</ele></trkpt>
      <trkpt lat="47.209504" lon="10.479544"><ele>1947</ele></trkpt>
      <trkpt lat="47.209448" lon="10.479493"><ele>1947</ele></trkpt>
      <trkpt lat="47.209420" lon="10.479453"><ele>1946</ele></trkpt>
      <trkpt lat="47.209368" lon="10.479463"><ele>1947</ele></trkpt>
      <trkpt lat="47.209328" lon="10.479505"><ele>1950</ele></trkpt>
      <trkpt lat="47.209191" lon="10.479541"><ele>1955</ele></trkpt>
      <trkpt lat="47.209085" lon="10.479654"><ele>1964</ele></trkpt>
      <trkpt lat="47.209001" lon="10.479710"><ele>1965</ele></trkpt>
      <trkpt lat="47.208872" lon="10.479826"><ele>1971</ele></trkpt>
      <trkpt lat="47.208848" lon="10.479783"><ele>1970</ele></trkpt>
      <trkpt lat="47.208814" lon="10.479717"><ele>1970</ele></trkpt>
      <trkpt lat="47.208724" lon="10.479746"><ele>1978</ele></trkpt>
      <trkpt lat="47.208677" lon="10.479905"><ele>1983</ele></trkpt>
      <trkpt lat="47.208575" lon="10.479864"><ele>1988</ele></trkpt>
      <trkpt lat="47.208578" lon="10.479919"><ele>1988</ele></trkpt>
      <trkpt lat="47.208599" lon="10.479978"><ele>1986</ele></trkpt>
      <trkpt lat="47.208501" lon="10.480025"><ele>1992</ele></trkpt>
      <trkpt lat="47.208442" lon="10.479988"><ele>1995</ele></trkpt>
      <trkpt lat="47.208427" lon="10.480033"><ele>1996</ele></trkpt>
      <trkpt lat="47.208492" lon="10.480178"><ele>1998</ele></trkpt>
      <trkpt lat="47.208363" lon="10.480222"><ele>2003</ele></trkpt>
      <trkpt lat="47.208235" lon="10.480247"><ele>2009</ele></trkpt>
      <trkpt lat="47.208192" lon="10.480175"><ele>2012</ele></trkpt>
      <trkpt lat="47.208160" lon="10.480121"><ele>2015</ele></trkpt>
      <trkpt lat="47.208302" lon="10.479814"><ele>2012</ele></trkpt>
      <trkpt lat="47.208294" lon="10.479612"><ele>2018</ele></trkpt>
      <trkpt lat="47.208260" lon="10.479413"><ele>2022</ele></trkpt>
      <trkpt lat="47.208276" lon="10.479159"><ele>2022</ele></trkpt>
      <trkpt lat="47.208236" lon="10.479006"><ele>2024</ele></trkpt>
      <trkpt lat="47.208167" lon="10.478897"><ele>2026</ele></trkpt>
      <trkpt lat="47.208084" lon="10.478836"><ele>2028</ele></trkpt>
      <trkpt lat="47.208047" lon="10.478836"><ele>2029</ele></trkpt>
      <trkpt lat="47.208014" lon="10.478773"><ele>2030</ele></trkpt>
      <trkpt lat="47.208004" lon="10.478754"><ele>2030</ele></trkpt>
      <trkpt lat="47.207983" lon="10.478707"><ele>2031</ele></trkpt>
      <trkpt lat="47.207899" lon="10.478573"><ele>2035</ele></trkpt>
      <trkpt lat="47.207864" lon="10.478508"><ele>2036</ele></trkpt>
      <trkpt lat="47.207850" lon="10.478507"><ele>2037</ele></trkpt>
      <trkpt lat="47.207784" lon="10.478550"><ele>2040</ele></trkpt>
      <trkpt lat="47.207758" lon="10.478582"><ele>2041</ele></trkpt>
      <trkpt lat="47.207737" lon="10.478593"><ele>2042</ele></trkpt>
      <trkpt lat="47.207686" lon="10.478642"><ele>2044</ele></trkpt>
      <trkpt lat="47.207681" lon="10.478677"><ele>2045</ele></trkpt>
      <trkpt lat="47.207647" lon="10.478712"><ele>2047</ele></trkpt>
      <trkpt lat="47.207638" lon="10.478782"><ele>2048</ele></trkpt>
      <trkpt lat="47.207603" lon="10.478896"><ele>2050</ele></trkpt>
      <trkpt lat="47.207528" lon="10.479271"><ele>2062</ele></trkpt>
      <trkpt lat="47.207521" lon="10.479434"><ele>2064</ele></trkpt>
      <trkpt lat="47.207469" lon="10.479505"><ele>2067</ele></trkpt>
      <trkpt lat="47.207420" lon="10.479539"><ele>2070</ele></trkpt>
      <trkpt lat="47.207390" lon="10.479507"><ele>2071</ele></trkpt>
      <trkpt lat="47.207360" lon="10.479515"><ele>2073</ele></trkpt>
      <trkpt lat="47.207344" lon="10.479432"><ele>2074</ele></trkpt>
      <trkpt lat="47.207350" lon="10.479370"><ele>2073</ele></trkpt>
      <trkpt lat="47.207321" lon="10.479329"><ele>2075</ele></trkpt>
      <trkpt lat="47.207297" lon="10.479275"><ele>2076</ele></trkpt>
      <trkpt lat="47.207298" lon="10.479222"><ele>2076</ele></trkpt>
      <trkpt lat="47.207244" lon="10.479155"><ele>2079</ele></trkpt>
      <trkpt lat="47.207188" lon="10.479133"><ele>2082</ele></trkpt>
      <trkpt lat="47.207150" lon="10.479059"><ele>2083</ele></trkpt>
      <trkpt lat="47.206939" lon="10.478905"><ele>2090</ele></trkpt>
      <trkpt lat="47.206854" lon="10.478837"><ele>2092</ele></trkpt>
      <trkpt lat="47.206803" lon="10.478869"><ele>2094</ele></trkpt>
      <trkpt lat="47.206787" lon="10.478911"><ele>2096</ele></trkpt>
      <trkpt lat="47.206763" lon="10.478941"><ele>2097</ele></trkpt>
      <trkpt lat="47.206749" lon="10.478976"><ele>2099</ele></trkpt>
      <trkpt lat="47.206683" lon="10.479058"><ele>2104</ele></trkpt>
      <trkpt lat="47.206676" lon="10.479089"><ele>2105</ele></trkpt>
      <trkpt lat="47.206622" lon="10.479117"><ele>2108</ele></trkpt>
      <trkpt lat="47.206587" lon="10.479171"><ele>2110</ele></trkpt>
      <trkpt lat="47.206571" lon="10.479258"><ele>2112</ele></trkpt>
      <trkpt lat="47.206523" lon="10.479382"><ele>2115</ele></trkpt>
      <trkpt lat="47.206539" lon="10.479415"><ele>2115</ele></trkpt>
      <trkpt lat="47.206495" lon="10.479491"><ele>2117</ele></trkpt>
      <trkpt lat="47.206452" lon="10.479547"><ele>2119</ele></trkpt>
      <trkpt lat="47.206432" lon="10.479615"><ele>2120</ele></trkpt>
      <trkpt lat="47.206389" lon="10.479661"><ele>2122</ele></trkpt>
      <trkpt lat="47.206339" lon="10.479700"><ele>2124</ele></trkpt>
      <trkpt lat="47.206200" lon="10.479871"><ele>2128</ele></trkpt>
      <trkpt lat="47.206152" lon="10.479861"><ele>2130</ele></trkpt>
      <trkpt lat="47.206093" lon="10.480002"><ele>2134</ele></trkpt>
      <trkpt lat="47.206018" lon="10.480077"><ele>2134</ele></trkpt>
      <trkpt lat="47.205915" lon="10.480031"><ele>2140</ele></trkpt>
      <trkpt lat="47.205845" lon="10.479847"><ele>2143</ele></trkpt>
      <trkpt lat="47.205805" lon="10.479901"><ele>2145</ele></trkpt>
      <trkpt lat="47.205733" lon="10.479921"><ele>2148</ele></trkpt>
      <trkpt lat="47.205675" lon="10.479970"><ele>2150</ele></trkpt>
      <trkpt lat="47.205575" lon="10.480025"><ele>2152</ele></trkpt>
      <trkpt lat="47.205514" lon="10.480021"><ele>2155</ele></trkpt>
      <trkpt lat="47.205425" lon="10.480116"><ele>2156</ele></trkpt>
      <trkpt lat="47.205324" lon="10.480158"><ele>2160</ele></trkpt>
      <trkpt lat="47.205167" lon="10.480243"><ele>2166</ele></trkpt>
      <trkpt lat="47.205068" lon="10.480318"><ele>2168</ele></trkpt>
      <trkpt lat="47.204808" lon="10.480421"><ele>2184</ele></trkpt>
      <trkpt lat="47.204748" lon="10.480502"><ele>2184</ele></trkpt>
      <trkpt lat="47.204605" lon="10.480639"><ele>2183</ele></trkpt>
      <trkpt lat="47.204462" lon="10.480683"><ele>2188</ele></trkpt>
      <trkpt lat="47.204286" lon="10.480621"><ele>2194</ele></trkpt>
      <trkpt lat="47.204120" lon="10.480605"><ele>2198</ele></trkpt>
      <trkpt lat="47.203990" lon="10.480496"><ele>2203</ele></trkpt>
      <trkpt lat="47.203895" lon="10.480346"><ele>2208</ele></trkpt>
      <trkpt lat="47.203714" lon="10.480181"><ele>2211</ele></trkpt>
      <trkpt lat="47.203644" lon="10.480172"><ele>2210</ele></trkpt>
      <trkpt lat="47.203592" lon="10.480118"><ele>2211</ele></trkpt>
      <trkpt lat="47.203521" lon="10.480092"><ele>2211</ele></trkpt>
      <trkpt lat="47.203213" lon="10.479844"><ele>2213</ele></trkpt>
      <trkpt lat="47.203175" lon="10.479795"><ele>2214</ele></trkpt>
      <trkpt lat="47.203000" lon="10.479672"><ele>2214</ele></trkpt>
      <trkpt lat="47.202872" lon="10.479605"><ele>2214</ele></trkpt>
      <trkpt lat="47.202811" lon="10.479588"><ele>2214</ele></trkpt>
      <trkpt lat="47.202650" lon="10.479348"><ele>2216</ele></trkpt>
      <trkpt lat="47.202577" lon="10.479218"><ele>2217</ele></trkpt>
      <trkpt lat="47.202495" lon="10.479118"><ele>2217</ele></trkpt>
      <trkpt lat="47.202376" lon="10.478872"><ele>2218</ele></trkpt>
      <trkpt lat="47.202318" lon="10.478714"><ele>2218</ele></trkpt>
      <trkpt lat="47.202277" lon="10.478550"><ele>2218</ele></trkpt>
      <trkpt lat="47.202167" lon="10.478271"><ele>2218</ele></trkpt>
      <trkpt lat="47.202069" lon="10.478142"><ele>2218</ele></trkpt>
      <trkpt lat="47.202022" lon="10.478058"><ele>2219</ele></trkpt>
      <trkpt lat="47.201793" lon="10.477979"><ele>2218</ele></trkpt>
      <trkpt lat="47.201664" lon="10.477898"><ele>2220</ele></trkpt>
      <trkpt lat="47.201582" lon="10.477894"><ele>2220</ele></trkpt>
      <trkpt lat="47.201541" lon="10.477904"><ele>2220</ele></trkpt>
      <trkpt lat="47.201507" lon="10.477912"><ele>2221</ele></trkpt>
      <trkpt lat="47.201452" lon="10.477899"><ele>2222</ele></trkpt>
      <trkpt lat="47.201369" lon="10.477906"><ele>2222</ele></trkpt>
      <trkpt lat="47.201280" lon="10.477938"><ele>2223</ele></trkpt>
      <trkpt lat="47.201043" lon="10.478189"><ele>2228</ele></trkpt>
      <trkpt lat="47.200995" lon="10.478162"><ele>2229</ele></trkpt>
      <trkpt lat="47.200825" lon="10.478277"><ele>2234</ele></trkpt>
      <trkpt lat="47.200725" lon="10.478363"><ele>2236</ele></trkpt>
      <trkpt lat="47.200643" lon="10.478411"><ele>2237</ele></trkpt>
      <trkpt lat="47.200616" lon="10.478409"><ele>2238</ele></trkpt>
      <trkpt lat="47.200442" lon="10.478650"><ele>2231</ele></trkpt>
      <trkpt lat="47.200468" lon="10.478486"><ele>2228</ele></trkpt>
      <trkpt lat="47.200577" lon="10.478407"><ele>2227</ele></trkpt>
      <trkpt lat="47.200643" lon="10.478411"><ele>2227</ele></trkpt>
      <trkpt lat="47.200725" lon="10.478363"><ele>2226</ele></trkpt>
      <trkpt lat="47.200825" lon="10.478277"><ele>2223</ele></trkpt>
      <trkpt lat="47.200995" lon="10.478162"><ele>2217</ele></trkpt>
      <trkpt lat="47.201043" lon="10.478189"><ele>2218</ele></trkpt>
      <trkpt lat="47.201280" lon="10.477937"><ele>2213</ele></trkpt>
      <trkpt lat="47.201369" lon="10.477906"><ele>2214</ele></trkpt>
      <trkpt lat="47.201452" lon="10.477899"><ele>2214</ele></trkpt>
      <trkpt lat="47.201507" lon="10.477912"><ele>2215</ele></trkpt>
      <trkpt lat="47.201541" lon="10.477904"><ele>2215</ele></trkpt>
      <trkpt lat="47.201582" lon="10.477894"><ele>2215</ele></trkpt>
      <trkpt lat="47.201664" lon="10.477898"><ele>2216</ele></trkpt>
      <trkpt lat="47.201735" lon="10.477868"><ele>2217</ele></trkpt>
      <trkpt lat="47.201792" lon="10.477785"><ele>2218</ele></trkpt>
      <trkpt lat="47.201800" lon="10.477741"><ele>2218</ele></trkpt>
      <trkpt lat="47.201794" lon="10.477692"><ele>2217</ele></trkpt>
      <trkpt lat="47.201793" lon="10.477613"><ele>2216</ele></trkpt>
      <trkpt lat="47.201753" lon="10.477549"><ele>2213</ele></trkpt>
      <trkpt lat="47.201757" lon="10.477505"><ele>2213</ele></trkpt>
      <trkpt lat="47.201685" lon="10.477371"><ele>2209</ele></trkpt>
      <trkpt lat="47.201662" lon="10.477353"><ele>2208</ele></trkpt>
      <trkpt lat="47.201653" lon="10.477301"><ele>2207</ele></trkpt>
      <trkpt lat="47.201557" lon="10.477213"><ele>2204</ele></trkpt>
      <trkpt lat="47.201498" lon="10.477192"><ele>2202</ele></trkpt>
      <trkpt lat="47.201447" lon="10.477196"><ele>2200</ele></trkpt>
      <trkpt lat="47.201320" lon="10.477141"><ele>2197</ele></trkpt>
      <trkpt lat="47.201268" lon="10.477133"><ele>2196</ele></trkpt>
      <trkpt lat="47.201186" lon="10.477087"><ele>2195</ele></trkpt>
      <trkpt lat="47.201082" lon="10.477074"><ele>2193</ele></trkpt>
      <trkpt lat="47.200949" lon="10.477137"><ele>2191</ele></trkpt>
      <trkpt lat="47.200806" lon="10.477113"><ele>2186</ele></trkpt>
      <trkpt lat="47.200734" lon="10.477112"><ele>2184</ele></trkpt>
      <trkpt lat="47.200421" lon="10.477021"><ele>2172</ele></trkpt>
      <trkpt lat="47.200390" lon="10.477005"><ele>2171</ele></trkpt>
      <trkpt lat="47.200353" lon="10.477025"><ele>2171</ele></trkpt>
      <trkpt lat="47.200263" lon="10.477009"><ele>2169</ele></trkpt>
      <trkpt lat="47.200261" lon="10.476971"><ele>2168</ele></trkpt>
      <trkpt lat="47.200211" lon="10.476977"><ele>2168</ele></trkpt>
      <trkpt lat="47.200112" lon="10.476956"><ele>2166</ele></trkpt>
      <trkpt lat="47.200078" lon="10.476930"><ele>2165</ele></trkpt>
      <trkpt lat="47.200060" lon="10.476886"><ele>2164</ele></trkpt>
      <trkpt lat="47.199963" lon="10.476807"><ele>2161</ele></trkpt>
      <trkpt lat="47.199953" lon="10.476727"><ele>2160</ele></trkpt>
      <trkpt lat="47.199904" lon="10.476612"><ele>2158</ele></trkpt>
      <trkpt lat="47.199850" lon="10.476536"><ele>2157</ele></trkpt>
      <trkpt lat="47.199824" lon="10.476474"><ele>2156</ele></trkpt>
      <trkpt lat="47.199769" lon="10.476414"><ele>2155</ele></trkpt>
      <trkpt lat="47.199689" lon="10.476219"><ele>2153</ele></trkpt>
      <trkpt lat="47.199583" lon="10.475997"><ele>2151</ele></trkpt>
      <trkpt lat="47.199471" lon="10.475549"><ele>2150</ele></trkpt>
      <trkpt lat="47.199408" lon="10.475434"><ele>2151</ele></trkpt>
      <trkpt lat="47.199360" lon="10.475328"><ele>2152</ele></trkpt>
      <trkpt lat="47.199334" lon="10.475177"><ele>2152</ele></trkpt>
      <trkpt lat="47.199303" lon="10.475012"><ele>2152</ele></trkpt>
      <trkpt lat="47.199248" lon="10.474840"><ele>2151</ele></trkpt>
      <trkpt lat="47.199209" lon="10.474729"><ele>2150</ele></trkpt>
      <trkpt lat="47.199181" lon="10.474636"><ele>2148</ele></trkpt>
      <trkpt lat="47.199182" lon="10.474563"><ele>2147</ele></trkpt>
      <trkpt lat="47.199142" lon="10.474357"><ele>2145</ele></trkpt>
      <trkpt lat="47.199150" lon="10.474214"><ele>2143</ele></trkpt>
      <trkpt lat="47.199138" lon="10.474109"><ele>2142</ele></trkpt>
      <trkpt lat="47.199109" lon="10.474024"><ele>2142</ele></trkpt>
      <trkpt lat="47.199127" lon="10.473909"><ele>2140</ele></trkpt>
      <trkpt lat="47.199118" lon="10.473792"><ele>2139</ele></trkpt>
      <trkpt lat="47.199067" lon="10.473709"><ele>2140</ele></trkpt>
      <trkpt lat="47.199009" lon="10.473675"><ele>2141</ele></trkpt>
      <trkpt lat="47.198958" lon="10.473607"><ele>2142</ele></trkpt>
      <trkpt lat="47.198914" lon="10.473516"><ele>2143</ele></trkpt>
      <trkpt lat="47.198879" lon="10.473473"><ele>2145</ele></trkpt>
      <trkpt lat="47.198870" lon="10.473441"><ele>2145</ele></trkpt>
      <trkpt lat="47.198834" lon="10.473346"><ele>2147</ele></trkpt>
      <trkpt lat="47.198841" lon="10.473234"><ele>2146</ele></trkpt>
      <trkpt lat="47.198827" lon="10.473151"><ele>2146</ele></trkpt>
      <trkpt lat="47.198828" lon="10.473086"><ele>2146</ele></trkpt>
      <trkpt lat="47.198841" lon="10.473023"><ele>2145</ele></trkpt>
      <trkpt lat="47.198840" lon="10.472942"><ele>2147</ele></trkpt>
      <trkpt lat="47.198864" lon="10.472872"><ele>2147</ele></trkpt>
      <trkpt lat="47.198860" lon="10.472845"><ele>2148</ele></trkpt>
      <trkpt lat="47.198882" lon="10.472744"><ele>2148</ele></trkpt>
      <trkpt lat="47.198922" lon="10.472652"><ele>2150</ele></trkpt>
      <trkpt lat="47.198931" lon="10.472567"><ele>2152</ele></trkpt>
      <trkpt lat="47.198949" lon="10.472531"><ele>2152</ele></trkpt>
      <trkpt lat="47.198956" lon="10.472483"><ele>2154</ele></trkpt>
      <trkpt lat="47.198988" lon="10.472423"><ele>2155</ele></trkpt>
      <trkpt lat="47.199089" lon="10.472063"><ele>2159</ele></trkpt>
      <trkpt lat="47.199087" lon="10.472020"><ele>2159</ele></trkpt>
      <trkpt lat="47.199066" lon="10.471990"><ele>2160</ele></trkpt>
      <trkpt lat="47.199057" lon="10.471957"><ele>2161</ele></trkpt>
      <trkpt lat="47.199022" lon="10.471877"><ele>2162</ele></trkpt>
      <trkpt lat="47.199026" lon="10.471816"><ele>2162</ele></trkpt>
      <trkpt lat="47.199023" lon="10.471770"><ele>2161</ele></trkpt>
      <trkpt lat="47.199029" lon="10.471710"><ele>2161</ele></trkpt>
      <trkpt lat="47.199025" lon="10.471621"><ele>2159</ele></trkpt>
      <trkpt lat="47.198994" lon="10.471595"><ele>2158</ele></trkpt>
      <trkpt lat="47.198959" lon="10.471586"><ele>2158</ele></trkpt>
      <trkpt lat="47.199010" lon="10.471483"><ele>2152</ele></trkpt>
      <trkpt lat="47.199007" lon="10.471459"><ele>2151</ele></trkpt>
      <trkpt lat="47.198949" lon="10.471451"><ele>2151</ele></trkpt>
      <trkpt lat="47.198948" lon="10.471433"><ele>2150</ele></trkpt>
      <trkpt lat="47.198990" lon="10.471383"><ele>2147</ele></trkpt>
      <trkpt lat="47.198985" lon="10.471365"><ele>2146</ele></trkpt>
      <trkpt lat="47.198862" lon="10.471387"><ele>2148</ele></trkpt>
      <trkpt lat="47.198935" lon="10.471267"><ele>2140</ele></trkpt>
      <trkpt lat="47.198928" lon="10.471251"><ele>2139</ele></trkpt>
      <trkpt lat="47.198888" lon="10.471259"><ele>2140</ele></trkpt>
      <trkpt lat="47.198822" lon="10.471224"><ele>2138</ele></trkpt>
      <trkpt lat="47.198702" lon="10.471223"><ele>2140</ele></trkpt>
      <trkpt lat="47.198570" lon="10.471139"><ele>2134</ele></trkpt>
      <trkpt lat="47.198521" lon="10.471091"><ele>2129</ele></trkpt>
      <trkpt lat="47.198457" lon="10.471046"><ele>2124</ele></trkpt>
      <trkpt lat="47.198376" lon="10.471028"><ele>2121</ele></trkpt>
      <trkpt lat="47.198372" lon="10.471005"><ele>2120</ele></trkpt>
      <trkpt lat="47.198372" lon="10.470988"><ele>2119</ele></trkpt>
      <trkpt lat="47.198407" lon="10.470976"><ele>2120</ele></trkpt>
      <trkpt lat="47.198459" lon="10.470918"><ele>2118</ele></trkpt>
      <trkpt lat="47.198455" lon="10.470893"><ele>2117</ele></trkpt>
      <trkpt lat="47.198437" lon="10.470860"><ele>2115</ele></trkpt>
      <trkpt lat="47.198460" lon="10.470851"><ele>2115</ele></trkpt>
      <trkpt lat="47.198494" lon="10.470821"><ele>2114</ele></trkpt>
      <trkpt lat="47.198530" lon="10.470735"><ele>2110</ele></trkpt>
      <trkpt lat="47.198479" lon="10.470697"><ele>2108</ele></trkpt>
      <trkpt lat="47.198405" lon="10.470660"><ele>2106</ele></trkpt>
      <trkpt lat="47.198443" lon="10.470592"><ele>2103</ele></trkpt>
      <trkpt lat="47.198434" lon="10.470567"><ele>2102</ele></trkpt>
      <trkpt lat="47.198409" lon="10.470567"><ele>2102</ele></trkpt>
      <trkpt lat="47.198329" lon="10.470616"><ele>2104</ele></trkpt>
      <trkpt lat="47.198276" lon="10.470620"><ele>2108</ele></trkpt>
      <trkpt lat="47.198274" lon="10.470563"><ele>2106</ele></trkpt>
      <trkpt lat="47.198235" lon="10.470480"><ele>2106</ele></trkpt>
      <trkpt lat="47.198241" lon="10.470418"><ele>2104</ele></trkpt>
      <trkpt lat="47.198191" lon="10.470265"><ele>2102</ele></trkpt>
      <trkpt lat="47.198213" lon="10.470193"><ele>2097</ele></trkpt>
      <trkpt lat="47.198191" lon="10.469974"><ele>2089</ele></trkpt>
      <trkpt lat="47.198213" lon="10.469848"><ele>2085</ele></trkpt>
      <trkpt lat="47.198211" lon="10.469815"><ele>2084</ele></trkpt>
      <trkpt lat="47.198189" lon="10.469761"><ele>2083</ele></trkpt>
      <trkpt lat="47.198187" lon="10.469731"><ele>2082</ele></trkpt>
      <trkpt lat="47.198173" lon="10.469712"><ele>2082</ele></trkpt>
      <trkpt lat="47.198163" lon="10.469677"><ele>2082</ele></trkpt>
      <trkpt lat="47.198165" lon="10.469642"><ele>2082</ele></trkpt>
      <trkpt lat="47.198159" lon="10.469595"><ele>2081</ele></trkpt>
      <trkpt lat="47.198102" lon="10.469430"><ele>2081</ele></trkpt>
      <trkpt lat="47.198109" lon="10.469397"><ele>2080</ele></trkpt>
      <trkpt lat="47.198090" lon="10.469365"><ele>2081</ele></trkpt>
      <trkpt lat="47.198083" lon="10.469257"><ele>2080</ele></trkpt>
      <trkpt lat="47.198046" lon="10.469174"><ele>2082</ele></trkpt>
      <trkpt lat="47.198012" lon="10.469084"><ele>2083</ele></trkpt>
      <trkpt lat="47.198003" lon="10.468980"><ele>2082</ele></trkpt>
      <trkpt lat="47.197962" lon="10.468805"><ele>2084</ele></trkpt>
      <trkpt lat="47.197944" lon="10.468714"><ele>2085</ele></trkpt>
      <trkpt lat="47.197943" lon="10.468641"><ele>2084</ele></trkpt>
      <trkpt lat="47.197917" lon="10.468511"><ele>2086</ele></trkpt>
      <trkpt lat="47.197911" lon="10.468448"><ele>2086</ele></trkpt>
      <trkpt lat="47.197893" lon="10.468404"><ele>2088</ele></trkpt>
      <trkpt lat="47.197890" lon="10.468334"><ele>2087</ele></trkpt>
      <trkpt lat="47.197879" lon="10.468277"><ele>2087</ele></trkpt>
      <trkpt lat="47.197816" lon="10.468174"><ele>2090</ele></trkpt>
      <trkpt lat="47.197809" lon="10.468116"><ele>2089</ele></trkpt>
      <trkpt lat="47.197748" lon="10.467968"><ele>2087</ele></trkpt>
      <trkpt lat="47.197726" lon="10.467941"><ele>2087</ele></trkpt>
      <trkpt lat="47.197711" lon="10.467894"><ele>2085</ele></trkpt>
      <trkpt lat="47.197572" lon="10.467568"><ele>2075</ele></trkpt>
      <trkpt lat="47.197512" lon="10.467461"><ele>2072</ele></trkpt>
      <trkpt lat="47.197380" lon="10.467112"><ele>2061</ele></trkpt>
      <trkpt lat="47.197344" lon="10.467084"><ele>2060</ele></trkpt>
      <trkpt lat="47.197328" lon="10.467025"><ele>2059</ele></trkpt>
      <trkpt lat="47.197276" lon="10.466899"><ele>2056</ele></trkpt>
      <trkpt lat="47.197211" lon="10.466715"><ele>2054</ele></trkpt>
      <trkpt lat="47.197158" lon="10.466459"><ele>2047</ele></trkpt>
      <trkpt lat="47.197125" lon="10.466313"><ele>2041</ele></trkpt>
      <trkpt lat="47.197088" lon="10.466250"><ele>2037</ele></trkpt>
      <trkpt lat="47.197087" lon="10.466190"><ele>2034</ele></trkpt>
      <trkpt lat="47.197049" lon="10.466137"><ele>2030</ele></trkpt>
      <trkpt lat="47.197026" lon="10.466065"><ele>2025</ele></trkpt>
      <trkpt lat="47.196995" lon="10.466031"><ele>2023</ele></trkpt>
      <trkpt lat="47.196910" lon="10.465949"><ele>2019</ele></trkpt>
      <trkpt lat="47.196849" lon="10.465958"><ele>2019</ele></trkpt>
      <trkpt lat="47.196803" lon="10.466017"><ele>2019</ele></trkpt>
      <trkpt lat="47.196746" lon="10.465792"><ele>2015</ele></trkpt>
      <trkpt lat="47.196691" lon="10.465855"><ele>2016</ele></trkpt>
      <trkpt lat="47.196669" lon="10.465927"><ele>2017</ele></trkpt>
      <trkpt lat="47.196639" lon="10.465945"><ele>2017</ele></trkpt>
      <trkpt lat="47.196637" lon="10.466000"><ele>2018</ele></trkpt>
      <trkpt lat="47.196620" lon="10.466038"><ele>2018</ele></trkpt>
      <trkpt lat="47.196558" lon="10.465956"><ele>2015</ele></trkpt>
      <trkpt lat="47.196533" lon="10.465894"><ele>2013</ele></trkpt>
      <trkpt lat="47.196455" lon="10.465806"><ele>2009</ele></trkpt>
      <trkpt lat="47.196462" lon="10.465757"><ele>2008</ele></trkpt>
      <trkpt lat="47.196449" lon="10.465733"><ele>2007</ele></trkpt>
      <trkpt lat="47.196431" lon="10.465749"><ele>2007</ele></trkpt>
      <trkpt lat="47.196405" lon="10.465717"><ele>2006</ele></trkpt>
      <trkpt lat="47.196374" lon="10.465697"><ele>2004</ele></trkpt>
      <trkpt lat="47.196361" lon="10.465642"><ele>2002</ele></trkpt>
      <trkpt lat="47.196329" lon="10.465618"><ele>2000</ele></trkpt>
      <trkpt lat="47.196268" lon="10.465525"><ele>1995</ele></trkpt>
      <trkpt lat="47.196224" lon="10.465433"><ele>1991</ele></trkpt>
      <trkpt lat="47.196206" lon="10.465467"><ele>1991</ele></trkpt>
      <trkpt lat="47.196182" lon="10.465494"><ele>1990</ele></trkpt>
      <trkpt lat="47.196188" lon="10.465533"><ele>1992</ele></trkpt>
      <trkpt lat="47.196173" lon="10.465545"><ele>1991</ele></trkpt>
      <trkpt lat="47.196157" lon="10.465506"><ele>1990</ele></trkpt>
      <trkpt lat="47.196110" lon="10.465429"><ele>1986</ele></trkpt>
      <trkpt lat="47.196071" lon="10.465362"><ele>1983</ele></trkpt>
      <trkpt lat="47.196074" lon="10.465316"><ele>1982</ele></trkpt>
      <trkpt lat="47.196052" lon="10.465284"><ele>1980</ele></trkpt>
      <trkpt lat="47.196050" lon="10.465038"><ele>1973</ele></trkpt>
      <trkpt lat="47.195915" lon="10.465142"><ele>1972</ele></trkpt>
      <trkpt lat="47.195909" lon="10.465184"><ele>1973</ele></trkpt>
      <trkpt lat="47.195876" lon="10.465196"><ele>1972</ele></trkpt>
      <trkpt lat="47.195881" lon="10.465246"><ele>1974</ele></trkpt>
      <trkpt lat="47.195865" lon="10.465286"><ele>1974</ele></trkpt>
      <trkpt lat="47.195877" lon="10.465321"><ele>1975</ele></trkpt>
      <trkpt lat="47.195870" lon="10.465379"><ele>1977</ele></trkpt>
      <trkpt lat="47.195873" lon="10.465426"><ele>1978</ele></trkpt>
      <trkpt lat="47.195861" lon="10.465510"><ele>1980</ele></trkpt>
      <trkpt lat="47.195864" lon="10.465588"><ele>1982</ele></trkpt>
      <trkpt lat="47.195873" lon="10.465655"><ele>1983</ele></trkpt>
      <trkpt lat="47.195844" lon="10.465705"><ele>1983</ele></trkpt>
      <trkpt lat="47.195831" lon="10.465754"><ele>1983</ele></trkpt>
      <trkpt lat="47.195799" lon="10.465813"><ele>1983</ele></trkpt>
      <trkpt lat="47.195777" lon="10.465878"><ele>1983</ele></trkpt>
      <trkpt lat="47.195747" lon="10.465907"><ele>1982</ele></trkpt>
      <trkpt lat="47.195723" lon="10.465941"><ele>1982</ele></trkpt>
      <trkpt lat="47.195671" lon="10.465988"><ele>1980</ele></trkpt>
      <trkpt lat="47.195625" lon="10.466057"><ele>1978</ele></trkpt>
      <trkpt lat="47.195614" lon="10.466117"><ele>1978</ele></trkpt>
      <trkpt lat="47.195591" lon="10.466188"><ele>1979</ele></trkpt>
      <trkpt lat="47.195550" lon="10.466277"><ele>1978</ele></trkpt>
      <trkpt lat="47.195495" lon="10.466263"><ele>1976</ele></trkpt>
      <trkpt lat="47.195453" lon="10.466264"><ele>1974</ele></trkpt>
      <trkpt lat="47.195419" lon="10.466335"><ele>1974</ele></trkpt>
      <trkpt lat="47.195414" lon="10.466447"><ele>1978</ele></trkpt>
      <trkpt lat="47.195413" lon="10.466515"><ele>1981</ele></trkpt>
      <trkpt lat="47.195349" lon="10.466492"><ele>1977</ele></trkpt>
      <trkpt lat="47.195295" lon="10.466399"><ele>1971</ele></trkpt>
      <trkpt lat="47.195150" lon="10.466291"><ele>1966</ele></trkpt>
      <trkpt lat="47.195087" lon="10.466349"><ele>1966</ele></trkpt>
      <trkpt lat="47.195050" lon="10.466326"><ele>1965</ele></trkpt>
      <trkpt lat="47.195025" lon="10.466337"><ele>1965</ele></trkpt>
      <trkpt lat="47.195015" lon="10.466371"><ele>1966</ele></trkpt>
      <trkpt lat="47.194979" lon="10.466392"><ele>1966</ele></trkpt>
      <trkpt lat="47.194886" lon="10.466410"><ele>1967</ele></trkpt>
      <trkpt lat="47.194864" lon="10.466426"><ele>1968</ele></trkpt>
      <trkpt lat="47.194836" lon="10.466421"><ele>1968</ele></trkpt>
      <trkpt lat="47.194730" lon="10.466470"><ele>1970</ele></trkpt>
      <trkpt lat="47.194672" lon="10.466469"><ele>1970</ele></trkpt>
      <trkpt lat="47.194631" lon="10.466445"><ele>1970</ele></trkpt>
      <trkpt lat="47.194572" lon="10.466473"><ele>1971</ele></trkpt>
      <trkpt lat="47.194515" lon="10.466520"><ele>1973</ele></trkpt>
      <trkpt lat="47.194491" lon="10.466489"><ele>1972</ele></trkpt>
      <trkpt lat="47.194457" lon="10.466488"><ele>1972</ele></trkpt>
      <trkpt lat="47.194389" lon="10.466438"><ele>1971</ele></trkpt>
      <trkpt lat="47.194329" lon="10.466428"><ele>1973</ele></trkpt>
      <trkpt lat="47.194283" lon="10.466454"><ele>1975</ele></trkpt>
      <trkpt lat="47.194233" lon="10.466413"><ele>1975</ele></trkpt>
      <trkpt lat="47.194195" lon="10.466395"><ele>1975</ele></trkpt>
      <trkpt lat="47.194170" lon="10.466399"><ele>1976</ele></trkpt>
      <trkpt lat="47.194103" lon="10.466322"><ele>1975</ele></trkpt>
      <trkpt lat="47.194051" lon="10.466286"><ele>1975</ele></trkpt>
      <trkpt lat="47.194019" lon="10.466240"><ele>1974</ele></trkpt>
      <trkpt lat="47.193989" lon="10.466224"><ele>1974</ele></trkpt>
      <trkpt lat="47.193983" lon="10.466194"><ele>1973</ele></trkpt>
      <trkpt lat="47.193949" lon="10.466161"><ele>1972</ele></trkpt>
      <trkpt lat="47.193861" lon="10.466049"><ele>1970</ele></trkpt>
      <trkpt lat="47.193790" lon="10.465894"><ele>1969</ele></trkpt>
      <trkpt lat="47.193786" lon="10.465625"><ele>1963</ele></trkpt>
      <trkpt lat="47.193730" lon="10.465473"><ele>1963</ele></trkpt>
      <trkpt lat="47.193722" lon="10.465269"><ele>1960</ele></trkpt>
      <trkpt lat="47.193633" lon="10.464966"><ele>1956</ele></trkpt>
      <trkpt lat="47.193549" lon="10.464891"><ele>1956</ele></trkpt>
      <trkpt lat="47.193465" lon="10.464944"><ele>1960</ele></trkpt>
      <trkpt lat="47.193431" lon="10.464882"><ele>1958</ele></trkpt>
      <trkpt lat="47.193525" lon="10.464550"><ele>1942</ele></trkpt>
      <trkpt lat="47.193414" lon="10.464456"><ele>1940</ele></trkpt>
      <trkpt lat="47.193445" lon="10.464279"><ele>1935</ele></trkpt>
      <trkpt lat="47.193396" lon="10.464199"><ele>1934</ele></trkpt>
      <trkpt lat="47.193449" lon="10.464089"><ele>1930</ele></trkpt>
      <trkpt lat="47.193389" lon="10.464008"><ele>1927</ele></trkpt>
      <trkpt lat="47.193478" lon="10.463778"><ele>1915</ele></trkpt>
      <trkpt lat="47.193420" lon="10.463692"><ele>1911</ele></trkpt>
      <trkpt lat="47.193331" lon="10.463667"><ele>1911</ele></trkpt>
      <trkpt lat="47.193358" lon="10.463509"><ele>1902</ele></trkpt>
      <trkpt lat="47.193298" lon="10.463402"><ele>1895</ele></trkpt>
      <trkpt lat="47.193323" lon="10.463359"><ele>1893</ele></trkpt>
      <trkpt lat="47.193272" lon="10.463225"><ele>1887</ele></trkpt>
      <trkpt lat="47.193303" lon="10.463048"><ele>1879</ele></trkpt>
      <trkpt lat="47.193234" lon="10.462839"><ele>1869</ele></trkpt>
      <trkpt lat="47.193141" lon="10.462863"><ele>1870</ele></trkpt>
      <trkpt lat="47.193110" lon="10.462809"><ele>1867</ele></trkpt>
      <trkpt lat="47.193245" lon="10.462630"><ele>1859</ele></trkpt>
      <trkpt lat="47.193177" lon="10.462533"><ele>1853</ele></trkpt>
      <trkpt lat="47.193258" lon="10.462469"><ele>1850</ele></trkpt>
      <trkpt lat="47.193130" lon="10.462275"><ele>1841</ele></trkpt>
      <trkpt lat="47.193287" lon="10.462203"><ele>1837</ele></trkpt>
      <trkpt lat="47.193218" lon="10.462037"><ele>1830</ele></trkpt>
      <trkpt lat="47.193128" lon="10.461924"><ele>1826</ele></trkpt>
      <trkpt lat="47.193208" lon="10.461736"><ele>1814</ele></trkpt>
      <trkpt lat="47.193172" lon="10.461358"><ele>1793</ele></trkpt>
      <trkpt lat="47.193283" lon="10.461184"><ele>1786</ele></trkpt>
      <trkpt lat="47.193227" lon="10.461007"><ele>1780</ele></trkpt>
      <trkpt lat="47.193263" lon="10.460873"><ele>1778</ele></trkpt>
      <trkpt lat="47.193250" lon="10.460642"><ele>1760</ele></trkpt>
      <trkpt lat="47.193303" lon="10.460524"><ele>1749</ele></trkpt>
      <trkpt lat="47.193274" lon="10.460454"><ele>1745</ele></trkpt>
      <trkpt lat="47.193285" lon="10.460355"><ele>1737</ele></trkpt>
      <trkpt lat="47.193192" lon="10.460258"><ele>1734</ele></trkpt>
      <trkpt lat="47.193079" lon="10.460283"><ele>1741</ele></trkpt>
      <trkpt lat="47.192791" lon="10.460604"><ele>1752</ele></trkpt>
      <trkpt lat="47.192698" lon="10.460607"><ele>1748</ele></trkpt>
      <trkpt lat="47.192602" lon="10.460596"><ele>1744</ele></trkpt>
      <trkpt lat="47.192512" lon="10.460543"><ele>1737</ele></trkpt>
      <trkpt lat="47.192498" lon="10.460417"><ele>1731</ele></trkpt>
      <trkpt lat="47.192394" lon="10.460347"><ele>1725</ele></trkpt>
      <trkpt lat="47.192381" lon="10.460186"><ele>1717</ele></trkpt>
      <trkpt lat="47.192432" lon="10.459998"><ele>1712</ele></trkpt>
      <trkpt lat="47.192507" lon="10.460111"><ele>1720</ele></trkpt>
      <trkpt lat="47.192558" lon="10.460068"><ele>1720</ele></trkpt>
      <trkpt lat="47.192549" lon="10.459904"><ele>1713</ele></trkpt>
      <trkpt lat="47.192485" lon="10.459859"><ele>1708</ele></trkpt>
      <trkpt lat="47.192519" lon="10.459786"><ele>1706</ele></trkpt>
      <trkpt lat="47.192443" lon="10.459655"><ele>1697</ele></trkpt>
      <trkpt lat="47.192399" lon="10.459628"><ele>1694</ele></trkpt>
      <trkpt lat="47.192308" lon="10.459711"><ele>1697</ele></trkpt>
      <trkpt lat="47.192292" lon="10.459615"><ele>1691</ele></trkpt>
      <trkpt lat="47.192179" lon="10.459596"><ele>1688</ele></trkpt>
      <trkpt lat="47.192237" lon="10.459478"><ele>1681</ele></trkpt>
      <trkpt lat="47.192168" lon="10.459354"><ele>1676</ele></trkpt>
      <trkpt lat="47.192273" lon="10.459255"><ele>1672</ele></trkpt>
      <trkpt lat="47.192257" lon="10.459183"><ele>1669</ele></trkpt>
      <trkpt lat="47.192452" lon="10.459019"><ele>1668</ele></trkpt>
      <trkpt lat="47.192357" lon="10.458901"><ele>1662</ele></trkpt>
      <trkpt lat="47.192525" lon="10.458839"><ele>1667</ele></trkpt>
      <trkpt lat="47.192467" lon="10.458703"><ele>1668</ele></trkpt>
      <trkpt lat="47.192516" lon="10.458697"><ele>1669</ele></trkpt>
      <trkpt lat="47.192476" lon="10.458577"><ele>1669</ele></trkpt>
      <trkpt lat="47.192625" lon="10.458604"><ele>1661</ele></trkpt>
      <trkpt lat="47.192652" lon="10.458429"><ele>1655</ele></trkpt>
      <trkpt lat="47.192768" lon="10.458294"><ele>1645</ele></trkpt>
      <trkpt lat="47.192777" lon="10.458187"><ele>1647</ele></trkpt>
      <trkpt lat="47.192737" lon="10.458049"><ele>1651</ele></trkpt>
      <trkpt lat="47.192696" lon="10.457925"><ele>1655</ele></trkpt>
      <trkpt lat="47.192657" lon="10.457780"><ele>1659</ele></trkpt>
      <trkpt lat="47.192603" lon="10.457610"><ele>1666</ele></trkpt>
      <trkpt lat="47.192489" lon="10.457269"><ele>1675</ele></trkpt>
      <trkpt lat="47.192412" lon="10.457249"><ele>1674</ele></trkpt>
      <trkpt lat="47.192377" lon="10.457380"><ele>1670</ele></trkpt>
      <trkpt lat="47.192319" lon="10.457670"><ele>1661</ele></trkpt>
      <trkpt lat="47.192235" lon="10.457772"><ele>1658</ele></trkpt>
      <trkpt lat="47.192127" lon="10.457780"><ele>1658</ele></trkpt>
      <trkpt lat="47.192003" lon="10.457742"><ele>1659</ele></trkpt>
      <trkpt lat="47.191992" lon="10.457699"><ele>1660</ele></trkpt>
      <trkpt lat="47.192067" lon="10.457555"><ele>1663</ele></trkpt>
      <trkpt lat="47.191980" lon="10.457504"><ele>1666</ele></trkpt>
      <trkpt lat="47.192032" lon="10.457329"><ele>1671</ele></trkpt>
      <trkpt lat="47.191974" lon="10.457246"><ele>1676</ele></trkpt>
      <trkpt lat="47.191965" lon="10.457059"><ele>1682</ele></trkpt>
      <trkpt lat="47.192023" lon="10.456951"><ele>1683</ele></trkpt>
      <trkpt lat="47.191944" lon="10.456906"><ele>1687</ele></trkpt>
      <trkpt lat="47.191969" lon="10.456734"><ele>1691</ele></trkpt>
      <trkpt lat="47.192042" lon="10.456584"><ele>1693</ele></trkpt>
      <trkpt lat="47.191766" lon="10.456559"><ele>1709</ele></trkpt>
      <trkpt lat="47.191645" lon="10.456619"><ele>1715</ele></trkpt>
      <trkpt lat="47.191701" lon="10.456447"><ele>1716</ele></trkpt>
      <trkpt lat="47.191460" lon="10.456431"><ele>1728</ele></trkpt>
      <trkpt lat="47.191544" lon="10.456181"><ele>1732</ele></trkpt>
      <trkpt lat="47.191631" lon="10.455905"><ele>1741</ele></trkpt>
      <trkpt lat="47.191467" lon="10.455814"><ele>1751</ele></trkpt>
      <trkpt lat="47.191325" lon="10.455682"><ele>1757</ele></trkpt>
      <trkpt lat="47.191130" lon="10.455551"><ele>1764</ele></trkpt>
      <trkpt lat="47.190658" lon="10.455366"><ele>1794</ele></trkpt>
      <trkpt lat="47.190418" lon="10.455268"><ele>1824</ele></trkpt>
      <trkpt lat="47.190568" lon="10.455012"><ele>1827</ele></trkpt>
      <trkpt lat="47.190654" lon="10.454958"><ele>1822</ele></trkpt>
      <trkpt lat="47.190736" lon="10.454844"><ele>1818</ele></trkpt>
      <trkpt lat="47.190822" lon="10.454770"><ele>1817</ele></trkpt>
      <trkpt lat="47.190892" lon="10.454658"><ele>1817</ele></trkpt>
      <trkpt lat="47.190959" lon="10.454598"><ele>1816</ele></trkpt>
      <trkpt lat="47.191032" lon="10.454544"><ele>1816</ele></trkpt>
      <trkpt lat="47.191102" lon="10.454459"><ele>1818</ele></trkpt>
      <trkpt lat="47.191152" lon="10.454411"><ele>1818</ele></trkpt>
      <trkpt lat="47.191162" lon="10.454378"><ele>1819</ele></trkpt>
      <trkpt lat="47.191168" lon="10.454322"><ele>1821</ele></trkpt>
      <trkpt lat="47.191222" lon="10.454257"><ele>1822</ele></trkpt>
      <trkpt lat="47.191254" lon="10.454201"><ele>1823</ele></trkpt>
      <trkpt lat="47.191276" lon="10.454110"><ele>1825</ele></trkpt>
      <trkpt lat="47.191299" lon="10.454059"><ele>1825</ele></trkpt>
      <trkpt lat="47.191353" lon="10.454015"><ele>1823</ele></trkpt>
      <trkpt lat="47.191461" lon="10.454004"><ele>1817</ele></trkpt>
      <trkpt lat="47.191527" lon="10.453978"><ele>1814</ele></trkpt>
      <trkpt lat="47.191578" lon="10.453958"><ele>1811</ele></trkpt>
      <trkpt lat="47.191611" lon="10.453836"><ele>1811</ele></trkpt>
      <trkpt lat="47.191599" lon="10.453719"><ele>1815</ele></trkpt>
      <trkpt lat="47.191599" lon="10.453616"><ele>1818</ele></trkpt>
      <trkpt lat="47.191596" lon="10.453536"><ele>1820</ele></trkpt>
      <trkpt lat="47.191561" lon="10.453457"><ele>1824</ele></trkpt>
      <trkpt lat="47.191572" lon="10.453374"><ele>1826</ele></trkpt>
      <trkpt lat="47.191641" lon="10.453199"><ele>1823</ele></trkpt>
      <trkpt lat="47.191681" lon="10.453131"><ele>1821</ele></trkpt>
      <trkpt lat="47.191698" lon="10.453048"><ele>1820</ele></trkpt>
      <trkpt lat="47.191685" lon="10.452970"><ele>1820</ele></trkpt>
      <trkpt lat="47.191645" lon="10.452910"><ele>1822</ele></trkpt>
      <trkpt lat="47.191650" lon="10.452895"><ele>1822</ele></trkpt>
      <trkpt lat="47.191637" lon="10.452887"><ele>1823</ele></trkpt>
      <trkpt lat="47.191636" lon="10.452826"><ele>1822</ele></trkpt>
      <trkpt lat="47.191625" lon="10.452789"><ele>1823</ele></trkpt>
      <trkpt lat="47.191635" lon="10.452587"><ele>1811</ele></trkpt>
      <trkpt lat="47.191623" lon="10.452488"><ele>1807</ele></trkpt>
      <trkpt lat="47.191671" lon="10.452113"><ele>1810</ele></trkpt>
      <trkpt lat="47.191698" lon="10.452037"><ele>1812</ele></trkpt>
      <trkpt lat="47.191713" lon="10.451990"><ele>1813</ele></trkpt>
      <trkpt lat="47.191711" lon="10.451950"><ele>1813</ele></trkpt>
      <trkpt lat="47.191739" lon="10.451848"><ele>1818</ele></trkpt>
      <trkpt lat="47.191739" lon="10.451760"><ele>1822</ele></trkpt>
      <trkpt lat="47.191755" lon="10.451707"><ele>1824</ele></trkpt>
      <trkpt lat="47.191774" lon="10.451602"><ele>1829</ele></trkpt>
      <trkpt lat="47.191809" lon="10.451483"><ele>1835</ele></trkpt>
      <trkpt lat="47.191836" lon="10.451344"><ele>1841</ele></trkpt>
      <trkpt lat="47.191851" lon="10.451112"><ele>1847</ele></trkpt>
      <trkpt lat="47.191908" lon="10.450774"><ele>1851</ele></trkpt>
      <trkpt lat="47.191920" lon="10.450609"><ele>1853</ele></trkpt>
      <trkpt lat="47.191940" lon="10.450473"><ele>1854</ele></trkpt>
      <trkpt lat="47.191932" lon="10.450429"><ele>1854</ele></trkpt>
      <trkpt lat="47.191938" lon="10.450401"><ele>1854</ele></trkpt>
      <trkpt lat="47.191944" lon="10.450345"><ele>1855</ele></trkpt>
      <trkpt lat="47.191938" lon="10.450317"><ele>1855</ele></trkpt>
      <trkpt lat="47.191939" lon="10.450248"><ele>1855</ele></trkpt>
      <trkpt lat="47.191946" lon="10.450195"><ele>1855</ele></trkpt>
      <trkpt lat="47.191939" lon="10.450156"><ele>1855</ele></trkpt>
      <trkpt lat="47.191945" lon="10.450123"><ele>1855</ele></trkpt>
      <trkpt lat="47.191949" lon="10.450071"><ele>1855</ele></trkpt>
      <trkpt lat="47.191947" lon="10.449995"><ele>1855</ele></trkpt>
      <trkpt lat="47.191948" lon="10.449960"><ele>1855</ele></trkpt>
      <trkpt lat="47.191945" lon="10.449886"><ele>1856</ele></trkpt>
      <trkpt lat="47.191956" lon="10.449828"><ele>1855</ele></trkpt>
      <trkpt lat="47.191981" lon="10.449728"><ele>1854</ele></trkpt>
      <trkpt lat="47.192015" lon="10.449646"><ele>1854</ele></trkpt>
      <trkpt lat="47.192077" lon="10.449558"><ele>1854</ele></trkpt>
      <trkpt lat="47.192133" lon="10.449475"><ele>1855</ele></trkpt>
      <trkpt lat="47.192143" lon="10.449450"><ele>1856</ele></trkpt>
      <trkpt lat="47.192158" lon="10.449427"><ele>1857</ele></trkpt>
      <trkpt lat="47.192177" lon="10.449418"><ele>1856</ele></trkpt>
      <trkpt lat="47.192189" lon="10.449397"><ele>1857</ele></trkpt>
      <trkpt lat="47.192212" lon="10.449392"><ele>1857</ele></trkpt>
      <trkpt lat="47.192271" lon="10.449352"><ele>1856</ele></trkpt>
      <trkpt lat="47.192305" lon="10.449311"><ele>1857</ele></trkpt>
      <trkpt lat="47.192314" lon="10.449275"><ele>1858</ele></trkpt>
      <trkpt lat="47.192327" lon="10.449257"><ele>1859</ele></trkpt>
      <trkpt lat="47.192389" lon="10.449140"><ele>1863</ele></trkpt>
      <trkpt lat="47.192455" lon="10.449033"><ele>1867</ele></trkpt>
      <trkpt lat="47.192474" lon="10.448954"><ele>1870</ele></trkpt>
      <trkpt lat="47.192520" lon="10.448839"><ele>1874</ele></trkpt>
      <trkpt lat="47.192574" lon="10.448761"><ele>1874</ele></trkpt>
      <trkpt lat="47.192612" lon="10.448614"><ele>1876</ele></trkpt>
      <trkpt lat="47.192572" lon="10.448505"><ele>1879</ele></trkpt>
      <trkpt lat="47.192575" lon="10.448495"><ele>1879</ele></trkpt>
      <trkpt lat="47.192591" lon="10.448442"><ele>1879</ele></trkpt>
      <trkpt lat="47.192639" lon="10.448442"><ele>1879</ele></trkpt>
      <trkpt lat="47.192656" lon="10.448468"><ele>1878</ele></trkpt>
      <trkpt lat="47.192672" lon="10.448482"><ele>1877</ele></trkpt>
      <trkpt lat="47.192707" lon="10.448511"><ele>1876</ele></trkpt>
      <trkpt lat="47.192735" lon="10.448532"><ele>1874</ele></trkpt>
      <trkpt lat="47.192749" lon="10.448539"><ele>1874</ele></trkpt>
      <trkpt lat="47.192761" lon="10.448558"><ele>1873</ele></trkpt>
      <trkpt lat="47.192804" lon="10.448601"><ele>1870</ele></trkpt>
      <trkpt lat="47.192840" lon="10.448643"><ele>1867</ele></trkpt>
      <trkpt lat="47.192859" lon="10.448650"><ele>1867</ele></trkpt>
      <trkpt lat="47.192895" lon="10.448677"><ele>1865</ele></trkpt>
      <trkpt lat="47.192904" lon="10.448665"><ele>1865</ele></trkpt>
      <trkpt lat="47.192898" lon="10.448618"><ele>1865</ele></trkpt>
      <trkpt lat="47.192898" lon="10.448526"><ele>1869</ele></trkpt>
      <trkpt lat="47.192899" lon="10.448491"><ele>1870</ele></trkpt>
      <trkpt lat="47.192906" lon="10.448476"><ele>1871</ele></trkpt>
      <trkpt lat="47.192907" lon="10.448421"><ele>1873</ele></trkpt>
      <trkpt lat="47.192911" lon="10.448410"><ele>1874</ele></trkpt>
      <trkpt lat="47.192912" lon="10.448368"><ele>1876</ele></trkpt>
      <trkpt lat="47.192902" lon="10.448334"><ele>1878</ele></trkpt>
      <trkpt lat="47.192889" lon="10.448289"><ele>1880</ele></trkpt>
      <trkpt lat="47.192889" lon="10.448237"><ele>1882</ele></trkpt>
      <trkpt lat="47.192869" lon="10.448211"><ele>1884</ele></trkpt>
      <trkpt lat="47.192853" lon="10.448159"><ele>1886</ele></trkpt>
      <trkpt lat="47.192855" lon="10.448128"><ele>1888</ele></trkpt>
      <trkpt lat="47.192842" lon="10.448101"><ele>1889</ele></trkpt>
      <trkpt lat="47.192841" lon="10.448074"><ele>1890</ele></trkpt>
      <trkpt lat="47.192971" lon="10.447989"><ele>1895</ele></trkpt>
      <trkpt lat="47.192998" lon="10.447962"><ele>1897</ele></trkpt>
      <trkpt lat="47.193009" lon="10.447942"><ele>1898</ele></trkpt>
      <trkpt lat="47.192956" lon="10.447880"><ele>1901</ele></trkpt>
      <trkpt lat="47.192963" lon="10.447853"><ele>1902</ele></trkpt>
      <trkpt lat="47.192929" lon="10.447808"><ele>1904</ele></trkpt>
      <trkpt lat="47.192923" lon="10.447797"><ele>1904</ele></trkpt>
      <trkpt lat="47.192898" lon="10.447764"><ele>1905</ele></trkpt>
      <trkpt lat="47.192818" lon="10.447647"><ele>1908</ele></trkpt>
      <trkpt lat="47.192791" lon="10.447612"><ele>1910</ele></trkpt>
      <trkpt lat="47.192732" lon="10.447604"><ele>1911</ele></trkpt>
      <trkpt lat="47.192659" lon="10.447605"><ele>1912</ele></trkpt>
      <trkpt lat="47.192706" lon="10.447541"><ele>1914</ele></trkpt>
      <trkpt lat="47.192736" lon="10.447488"><ele>1915</ele></trkpt>
      <trkpt lat="47.192763" lon="10.447483"><ele>1915</ele></trkpt>
      <trkpt lat="47.192831" lon="10.447459"><ele>1915</ele></trkpt>
      <trkpt lat="47.192876" lon="10.447458"><ele>1915</ele></trkpt>
      <trkpt lat="47.192944" lon="10.447414"><ele>1916</ele></trkpt>
      <trkpt lat="47.193008" lon="10.447361"><ele>1917</ele></trkpt>
      <trkpt lat="47.193050" lon="10.447314"><ele>1918</ele></trkpt>
      <trkpt lat="47.193080" lon="10.447313"><ele>1918</ele></trkpt>
      <trkpt lat="47.193093" lon="10.447281"><ele>1919</ele></trkpt>
      <trkpt lat="47.193121" lon="10.447253"><ele>1920</ele></trkpt>
      <trkpt lat="47.193120" lon="10.447223"><ele>1921</ele></trkpt>
      <trkpt lat="47.193083" lon="10.447202"><ele>1922</ele></trkpt>
      <trkpt lat="47.193074" lon="10.447180"><ele>1924</ele></trkpt>
      <trkpt lat="47.193051" lon="10.447166"><ele>1925</ele></trkpt>
      <trkpt lat="47.193033" lon="10.447146"><ele>1926</ele></trkpt>
      <trkpt lat="47.193028" lon="10.447119"><ele>1928</ele></trkpt>
      <trkpt lat="47.192977" lon="10.447074"><ele>1930</ele></trkpt>
      <trkpt lat="47.192960" lon="10.447038"><ele>1932</ele></trkpt>
      <trkpt lat="47.192937" lon="10.447012"><ele>1933</ele></trkpt>
      <trkpt lat="47.192937" lon="10.446993"><ele>1934</ele></trkpt>
      <trkpt lat="47.192957" lon="10.446978"><ele>1935</ele></trkpt>
      <trkpt lat="47.192972" lon="10.446956"><ele>1937</ele></trkpt>
      <trkpt lat="47.193008" lon="10.446949"><ele>1938</ele></trkpt>
      <trkpt lat="47.193005" lon="10.446918"><ele>1939</ele></trkpt>
      <trkpt lat="47.192988" lon="10.446907"><ele>1940</ele></trkpt>
      <trkpt lat="47.192968" lon="10.446886"><ele>1940</ele></trkpt>
      <trkpt lat="47.192890" lon="10.446839"><ele>1943</ele></trkpt>
      <trkpt lat="47.192894" lon="10.446805"><ele>1945</ele></trkpt>
      <trkpt lat="47.192909" lon="10.446796"><ele>1946</ele></trkpt>
      <trkpt lat="47.192916" lon="10.446775"><ele>1947</ele></trkpt>
      <trkpt lat="47.192938" lon="10.446760"><ele>1947</ele></trkpt>
      <trkpt lat="47.192981" lon="10.446732"><ele>1948</ele></trkpt>
      <trkpt lat="47.192984" lon="10.446707"><ele>1949</ele></trkpt>
      <trkpt lat="47.192961" lon="10.446675"><ele>1952</ele></trkpt>
      <trkpt lat="47.192936" lon="10.446654"><ele>1953</ele></trkpt>
      <trkpt lat="47.192938" lon="10.446631"><ele>1954</ele></trkpt>
      <trkpt lat="47.192917" lon="10.446597"><ele>1956</ele></trkpt>
      <trkpt lat="47.192879" lon="10.446585"><ele>1958</ele></trkpt>
      <trkpt lat="47.192864" lon="10.446560"><ele>1960</ele></trkpt>
      <trkpt lat="47.192886" lon="10.446521"><ele>1961</ele></trkpt>
      <trkpt lat="47.192924" lon="10.446496"><ele>1960</ele></trkpt>
      <trkpt lat="47.192863" lon="10.446451"><ele>1964</ele></trkpt>
      <trkpt lat="47.192829" lon="10.446412"><ele>1967</ele></trkpt>
      <trkpt lat="47.192825" lon="10.446374"><ele>1969</ele></trkpt>
      <trkpt lat="47.192788" lon="10.446362"><ele>1971</ele></trkpt>
      <trkpt lat="47.192816" lon="10.446339"><ele>1971</ele></trkpt>
      <trkpt lat="47.192834" lon="10.446317"><ele>1971</ele></trkpt>
      <trkpt lat="47.192848" lon="10.446310"><ele>1971</ele></trkpt>
      <trkpt lat="47.192854" lon="10.446304"><ele>1971</ele></trkpt>
      <trkpt lat="47.192877" lon="10.446301"><ele>1971</ele></trkpt>
      <trkpt lat="47.192897" lon="10.446277"><ele>1971</ele></trkpt>
      <trkpt lat="47.192911" lon="10.446245"><ele>1973</ele></trkpt>
      <trkpt lat="47.192887" lon="10.446221"><ele>1975</ele></trkpt>
      <trkpt lat="47.192908" lon="10.446170"><ele>1977</ele></trkpt>
      <trkpt lat="47.192902" lon="10.446031"><ele>1985</ele></trkpt>
      <trkpt lat="47.192951" lon="10.445985"><ele>1988</ele></trkpt>
      <trkpt lat="47.192973" lon="10.445958"><ele>1990</ele></trkpt>
      <trkpt lat="47.193005" lon="10.445954"><ele>1990</ele></trkpt>
      <trkpt lat="47.193047" lon="10.445952"><ele>1989</ele></trkpt>
      <trkpt lat="47.193088" lon="10.445952"><ele>1989</ele></trkpt>
      <trkpt lat="47.193157" lon="10.445887"><ele>1993</ele></trkpt>
      <trkpt lat="47.193219" lon="10.445815"><ele>1998</ele></trkpt>
      <trkpt lat="47.193132" lon="10.445831"><ele>1998</ele></trkpt>
      <trkpt lat="47.193101" lon="10.445787"><ele>2001</ele></trkpt>
      <trkpt lat="47.193055" lon="10.445716"><ele>2007</ele></trkpt>
      <trkpt lat="47.193011" lon="10.445617"><ele>2016</ele></trkpt>
      <trkpt lat="47.192836" lon="10.445526"><ele>2025</ele></trkpt>
      <trkpt lat="47.192764" lon="10.445519"><ele>2027</ele></trkpt>
      <trkpt lat="47.192718" lon="10.445395"><ele>2035</ele></trkpt>
      <trkpt lat="47.192673" lon="10.445369"><ele>2038</ele></trkpt>
      <trkpt lat="47.192648" lon="10.445357"><ele>2040</ele></trkpt>
      <trkpt lat="47.192624" lon="10.445345"><ele>2042</ele></trkpt>
      <trkpt lat="47.192571" lon="10.445357"><ele>2044</ele></trkpt>
      <trkpt lat="47.192528" lon="10.445354"><ele>2046</ele></trkpt>
      <trkpt lat="47.192502" lon="10.445351"><ele>2047</ele></trkpt>
      <trkpt lat="47.192469" lon="10.445366"><ele>2047</ele></trkpt>
      <trkpt lat="47.192414" lon="10.445388"><ele>2047</ele></trkpt>
      <trkpt lat="47.192296" lon="10.445408"><ele>2047</ele></trkpt>
      <trkpt lat="47.192054" lon="10.445451"><ele>2045</ele></trkpt>
      <trkpt lat="47.191939" lon="10.445513"><ele>2041</ele></trkpt>
      <trkpt lat="47.191826" lon="10.445592"><ele>2035</ele></trkpt>
      <trkpt lat="47.191837" lon="10.445546"><ele>2037</ele></trkpt>
      <trkpt lat="47.191806" lon="10.445543"><ele>2036</ele></trkpt>
      <trkpt lat="47.191781" lon="10.445512"><ele>2036</ele></trkpt>
      <trkpt lat="47.191733" lon="10.445482"><ele>2036</ele></trkpt>
      <trkpt lat="47.191780" lon="10.445427"><ele>2040</ele></trkpt>
      <trkpt lat="47.191787" lon="10.445385"><ele>2041</ele></trkpt>
      <trkpt lat="47.191779" lon="10.445303"><ele>2044</ele></trkpt>
      <trkpt lat="47.191744" lon="10.445202"><ele>2045</ele></trkpt>
      <trkpt lat="47.191709" lon="10.445059"><ele>2047</ele></trkpt>
      <trkpt lat="47.191701" lon="10.444879"><ele>2051</ele></trkpt>
      <trkpt lat="47.191662" lon="10.444784"><ele>2051</ele></trkpt>
      <trkpt lat="47.191654" lon="10.444652"><ele>2053</ele></trkpt>
      <trkpt lat="47.191646" lon="10.444401"><ele>2059</ele></trkpt>
      <trkpt lat="47.191666" lon="10.444287"><ele>2065</ele></trkpt>
      <trkpt lat="47.191655" lon="10.444200"><ele>2069</ele></trkpt>
      <trkpt lat="47.191651" lon="10.444129"><ele>2071</ele></trkpt>
      <trkpt lat="47.191636" lon="10.444069"><ele>2071</ele></trkpt>
      <trkpt lat="47.191605" lon="10.443903"><ele>2073</ele></trkpt>
      <trkpt lat="47.191595" lon="10.443621"><ele>2077</ele></trkpt>
      <trkpt lat="47.191572" lon="10.443490"><ele>2079</ele></trkpt>
      <trkpt lat="47.191539" lon="10.443406"><ele>2080</ele></trkpt>
      <trkpt lat="47.191545" lon="10.443396"><ele>2080</ele></trkpt>
      <trkpt lat="47.191532" lon="10.443344"><ele>2081</ele></trkpt>
      <trkpt lat="47.191512" lon="10.443321"><ele>2081</ele></trkpt>
      <trkpt lat="47.191486" lon="10.443292"><ele>2081</ele></trkpt>
      <trkpt lat="47.191482" lon="10.443269"><ele>2082</ele></trkpt>
      <trkpt lat="47.191497" lon="10.443249"><ele>2083</ele></trkpt>
      <trkpt lat="47.191517" lon="10.443240"><ele>2084</ele></trkpt>
      <trkpt lat="47.191515" lon="10.443210"><ele>2085</ele></trkpt>
      <trkpt lat="47.191489" lon="10.443167"><ele>2086</ele></trkpt>
      <trkpt lat="47.191507" lon="10.443025"><ele>2092</ele></trkpt>
      <trkpt lat="47.191534" lon="10.442968"><ele>2096</ele></trkpt>
      <trkpt lat="47.191516" lon="10.442908"><ele>2096</ele></trkpt>
      <trkpt lat="47.191452" lon="10.442810"><ele>2095</ele></trkpt>
      <trkpt lat="47.191451" lon="10.442623"><ele>2101</ele></trkpt>
      <trkpt lat="47.191438" lon="10.442455"><ele>2105</ele></trkpt>
      <trkpt lat="47.191415" lon="10.442414"><ele>2105</ele></trkpt>
      <trkpt lat="47.191405" lon="10.442366"><ele>2106</ele></trkpt>
      <trkpt lat="47.191383" lon="10.442306"><ele>2107</ele></trkpt>
      <trkpt lat="47.191386" lon="10.442194"><ele>2110</ele></trkpt>
      <trkpt lat="47.191396" lon="10.442087"><ele>2113</ele></trkpt>
      <trkpt lat="47.191370" lon="10.442021"><ele>2114</ele></trkpt>
      <trkpt lat="47.191364" lon="10.441968"><ele>2115</ele></trkpt>
      <trkpt lat="47.191366" lon="10.441898"><ele>2117</ele></trkpt>
      <trkpt lat="47.191381" lon="10.441852"><ele>2118</ele></trkpt>
      <trkpt lat="47.191379" lon="10.441826"><ele>2119</ele></trkpt>
      <trkpt lat="47.191378" lon="10.441780"><ele>2120</ele></trkpt>
      <trkpt lat="47.191410" lon="10.441744"><ele>2123</ele></trkpt>
      <trkpt lat="47.191393" lon="10.441661"><ele>2124</ele></trkpt>
      <trkpt lat="47.191429" lon="10.441577"><ele>2129</ele></trkpt>
      <trkpt lat="47.191418" lon="10.441505"><ele>2131</ele></trkpt>
      <trkpt lat="47.191454" lon="10.441440"><ele>2134</ele></trkpt>
      <trkpt lat="47.191448" lon="10.441416"><ele>2135</ele></trkpt>
      <trkpt lat="47.191463" lon="10.441376"><ele>2137</ele></trkpt>
      <trkpt lat="47.191430" lon="10.441302"><ele>2138</ele></trkpt>
      <trkpt lat="47.191441" lon="10.441237"><ele>2141</ele></trkpt>
      <trkpt lat="47.191424" lon="10.441212"><ele>2141</ele></trkpt>
      <trkpt lat="47.191434" lon="10.441134"><ele>2144</ele></trkpt>
      <trkpt lat="47.191424" lon="10.441083"><ele>2146</ele></trkpt>
      <trkpt lat="47.191396" lon="10.441069"><ele>2146</ele></trkpt>
      <trkpt lat="47.191397" lon="10.440874"><ele>2159</ele></trkpt>
      <trkpt lat="47.191391" lon="10.440301"><ele>2196</ele></trkpt>
      <trkpt lat="47.191416" lon="10.439746"><ele>2194</ele></trkpt>
      <trkpt lat="47.191409" lon="10.439187"><ele>2194</ele></trkpt>
      <trkpt lat="47.191450" lon="10.438937"><ele>2206</ele></trkpt>
      <trkpt lat="47.191444" lon="10.438640"><ele>2208</ele></trkpt>
      <trkpt lat="47.191475" lon="10.438259"><ele>2207</ele></trkpt>
      <trkpt lat="47.191572" lon="10.437395"><ele>2204</ele></trkpt>
      <trkpt lat="47.191588" lon="10.437255"><ele>2206</ele></trkpt>
      <trkpt lat="47.191597" lon="10.437065"><ele>2210</ele></trkpt>
      <trkpt lat="47.191597" lon="10.436977"><ele>2212</ele></trkpt>
      <trkpt lat="47.191576" lon="10.436851"><ele>2216</ele></trkpt>
      <trkpt lat="47.191586" lon="10.436780"><ele>2218</ele></trkpt>
      <trkpt lat="47.191567" lon="10.436729"><ele>2219</ele></trkpt>
      <trkpt lat="47.191561" lon="10.436649"><ele>2222</ele></trkpt>
      <trkpt lat="47.191571" lon="10.436431"><ele>2226</ele></trkpt>
      <trkpt lat="47.191625" lon="10.436057"><ele>2225</ele></trkpt>
      <trkpt lat="47.191665" lon="10.435802"><ele>2225</ele></trkpt>
      <trkpt lat="47.191710" lon="10.435678"><ele>2226</ele></trkpt>
      <trkpt lat="47.191758" lon="10.435552"><ele>2226</ele></trkpt>
      <trkpt lat="47.191774" lon="10.435424"><ele>2229</ele></trkpt>
      <trkpt lat="47.191806" lon="10.435286"><ele>2232</ele></trkpt>
      <trkpt lat="47.191821" lon="10.435158"><ele>2236</ele></trkpt>
      <trkpt lat="47.191892" lon="10.435001"><ele>2240</ele></trkpt>
      <trkpt lat="47.191907" lon="10.434887"><ele>2246</ele></trkpt>
      <trkpt lat="47.191948" lon="10.434667"><ele>2258</ele></trkpt>
      <trkpt lat="47.191983" lon="10.434351"><ele>2276</ele></trkpt>
      <trkpt lat="47.191928" lon="10.434102"><ele>2282</ele></trkpt>
      <trkpt lat="47.191917" lon="10.433978"><ele>2285</ele></trkpt>
      <trkpt lat="47.191893" lon="10.433893"><ele>2286</ele></trkpt>
      <trkpt lat="47.191875" lon="10.433749"><ele>2288</ele></trkpt>
      <trkpt lat="47.191823" lon="10.433612"><ele>2289</ele></trkpt>
      <trkpt lat="47.191803" lon="10.433356"><ele>2294</ele></trkpt>
      <trkpt lat="47.191824" lon="10.433271"><ele>2299</ele></trkpt>
      <trkpt lat="47.191806" lon="10.433160"><ele>2303</ele></trkpt>
      <trkpt lat="47.191826" lon="10.433017"><ele>2310</ele></trkpt>
      <trkpt lat="47.191815" lon="10.432920"><ele>2315</ele></trkpt>
      <trkpt lat="47.191726" lon="10.432639"><ele>2323</ele></trkpt>
      <trkpt lat="47.191683" lon="10.432303"><ele>2333</ele></trkpt>
      <trkpt lat="47.191650" lon="10.432239"><ele>2335</ele></trkpt>
      <trkpt lat="47.191610" lon="10.432210"><ele>2335</ele></trkpt>
      <trkpt lat="47.191564" lon="10.431961"><ele>2341</ele></trkpt>
      <trkpt lat="47.191516" lon="10.431561"><ele>2341</ele></trkpt>
      <trkpt lat="47.191491" lon="10.430947"><ele>2363</ele></trkpt>
      <trkpt lat="47.191437" lon="10.430585"><ele>2379</ele></trkpt>
      <trkpt lat="47.191354" lon="10.430210"><ele>2397</ele></trkpt>
      <trkpt lat="47.191224" lon="10.429745"><ele>2405</ele></trkpt>
      <trkpt lat="47.191089" lon="10.429538"><ele>2406</ele></trkpt>
      <trkpt lat="47.190830" lon="10.429309"><ele>2401</ele></trkpt>
      <trkpt lat="47.190684" lon="10.429131"><ele>2412</ele></trkpt>
      <trkpt lat="47.190757" lon="10.429049"><ele>2418</ele></trkpt>
      <trkpt lat="47.190782" lon="10.428985"><ele>2422</ele></trkpt>
      <trkpt lat="47.190824" lon="10.428950"><ele>2425</ele></trkpt>
      <trkpt lat="47.190858" lon="10.428883"><ele>2431</ele></trkpt>
      <trkpt lat="47.190660" lon="10.428517"><ele>2440</ele></trkpt>
      <trkpt lat="47.190586" lon="10.428402"><ele>2443</ele></trkpt>
      <trkpt lat="47.190534" lon="10.428420"><ele>2442</ele></trkpt>
      <trkpt lat="47.190489" lon="10.428347"><ele>2445</ele></trkpt>
      <trkpt lat="47.190361" lon="10.428171"><ele>2457</ele></trkpt>
      <trkpt lat="47.190346" lon="10.427971"><ele>2467</ele></trkpt>
      <trkpt lat="47.190303" lon="10.427789"><ele>2473</ele></trkpt>
      <trkpt lat="47.190164" lon="10.427725"><ele>2475</ele></trkpt>
      <trkpt lat="47.189996" lon="10.427671"><ele>2480</ele></trkpt>
      <trkpt lat="47.189986" lon="10.427619"><ele>2482</ele></trkpt>
      <trkpt lat="47.189812" lon="10.427471"><ele>2495</ele></trkpt>
      <trkpt lat="47.189765" lon="10.427401"><ele>2503</ele></trkpt>
      <trkpt lat="47.189754" lon="10.427213"><ele>2518</ele></trkpt>
      <trkpt lat="47.189779" lon="10.427144"><ele>2519</ele></trkpt>
      <trkpt lat="47.189747" lon="10.427100"><ele>2524</ele></trkpt>
      <trkpt lat="47.189768" lon="10.427049"><ele>2525</ele></trkpt>
      <trkpt lat="47.189731" lon="10.427013"><ele>2529</ele></trkpt>
      <trkpt lat="47.189720" lon="10.426930"><ele>2533</ele></trkpt>
      <trkpt lat="47.189744" lon="10.426875"><ele>2533</ele></trkpt>
      <trkpt lat="47.189788" lon="10.426810"><ele>2533</ele></trkpt>
      <trkpt lat="47.189774" lon="10.426802"><ele>2534</ele></trkpt>
      <trkpt lat="47.189740" lon="10.426793"><ele>2536</ele></trkpt>
      <trkpt lat="47.189718" lon="10.426751"><ele>2537</ele></trkpt>
      <trkpt lat="47.189744" lon="10.426679"><ele>2538</ele></trkpt>
      <trkpt lat="47.189718" lon="10.426648"><ele>2539</ele></trkpt>
      <trkpt lat="47.189721" lon="10.426604"><ele>2540</ele></trkpt>
      <trkpt lat="47.189687" lon="10.426569"><ele>2541</ele></trkpt>
      <trkpt lat="47.189702" lon="10.426509"><ele>2541</ele></trkpt>
      <trkpt lat="47.189671" lon="10.426512"><ele>2542</ele></trkpt>
      <trkpt lat="47.189656" lon="10.426480"><ele>2543</ele></trkpt>
      <trkpt lat="47.189679" lon="10.426444"><ele>2543</ele></trkpt>
      <trkpt lat="47.189603" lon="10.426346"><ele>2549</ele></trkpt>
      <trkpt lat="47.189464" lon="10.426277"><ele>2556</ele></trkpt>
      <trkpt lat="47.189227" lon="10.426019"><ele>2572</ele></trkpt>
      <trkpt lat="47.189058" lon="10.425945"><ele>2586</ele></trkpt>
      <trkpt lat="47.188876" lon="10.425752"><ele>2597</ele></trkpt>
      <trkpt lat="47.188829" lon="10.425799"><ele>2598</ele></trkpt>
      <trkpt lat="47.188758" lon="10.425761"><ele>2601</ele></trkpt>
      <trkpt lat="47.188705" lon="10.425695"><ele>2603</ele></trkpt>
      <trkpt lat="47.188558" lon="10.425555"><ele>2607</ele></trkpt>
      <trkpt lat="47.188502" lon="10.425437"><ele>2608</ele></trkpt>
      <trkpt lat="47.188527" lon="10.425301"><ele>2606</ele></trkpt>
      <trkpt lat="47.188497" lon="10.425220"><ele>2608</ele></trkpt>
      <trkpt lat="47.188424" lon="10.425258"><ele>2609</ele></trkpt>
      <trkpt lat="47.188365" lon="10.425139"><ele>2611</ele></trkpt>
      <trkpt lat="47.188325" lon="10.425202"><ele>2611</ele></trkpt>
      <trkpt lat="47.188179" lon="10.425295"><ele>2612</ele></trkpt>
      <trkpt lat="47.187971" lon="10.425522"><ele>2616</ele></trkpt>
      <trkpt lat="47.187781" lon="10.425621"><ele>2614</ele></trkpt>
      <trkpt lat="47.187578" lon="10.425595"><ele>2608</ele></trkpt>
      <trkpt lat="47.187413" lon="10.425549"><ele>2604</ele></trkpt>
      <trkpt lat="47.187266" lon="10.425389"><ele>2597</ele></trkpt>
      <trkpt lat="47.187115" lon="10.425268"><ele>2590</ele></trkpt>
      <trkpt lat="47.186950" lon="10.424985"><ele>2578</ele></trkpt>
      <trkpt lat="47.186769" lon="10.424773"><ele>2573</ele></trkpt>
      <trkpt lat="47.186716" lon="10.424515"><ele>2574</ele></trkpt>
      <trkpt lat="47.186614" lon="10.424303"><ele>2571</ele></trkpt>
      <trkpt lat="47.186522" lon="10.424133"><ele>2570</ele></trkpt>
      <trkpt lat="47.186490" lon="10.424097"><ele>2570</ele></trkpt>
      <trkpt lat="47.186454" lon="10.424115"><ele>2569</ele></trkpt>
      <trkpt lat="47.186365" lon="10.423978"><ele>2570</ele></trkpt>
      <trkpt lat="47.186256" lon="10.423926"><ele>2564</ele></trkpt>
      <trkpt lat="47.186101" lon="10.423693"><ele>2556</ele></trkpt>
      <trkpt lat="47.185897" lon="10.423365"><ele>2545</ele></trkpt>
      <trkpt lat="47.185849" lon="10.423186"><ele>2547</ele></trkpt>
      <trkpt lat="47.185699" lon="10.422915"><ele>2549</ele></trkpt>
      <trkpt lat="47.185683" lon="10.422841"><ele>2550</ele></trkpt>
      <trkpt lat="47.185563" lon="10.422628"><ele>2548</ele></trkpt>
      <trkpt lat="47.185531" lon="10.422597"><ele>2547</ele></trkpt>
      <trkpt lat="47.185422" lon="10.422410"><ele>2545</ele></trkpt>
      <trkpt lat="47.185350" lon="10.422324"><ele>2543</ele></trkpt>
      <trkpt lat="47.185240" lon="10.422144"><ele>2542</ele></trkpt>
      <trkpt lat="47.185147" lon="10.422011"><ele>2539</ele></trkpt>
      <trkpt lat="47.185138" lon="10.421938"><ele>2540</ele></trkpt>
      <trkpt lat="47.184942" lon="10.421667"><ele>2531</ele></trkpt>
      <trkpt lat="47.184892" lon="10.421570"><ele>2530</ele></trkpt>
      <trkpt lat="47.184842" lon="10.421511"><ele>2527</ele></trkpt>
      <trkpt lat="47.184771" lon="10.421417"><ele>2524</ele></trkpt>
      <trkpt lat="47.184707" lon="10.421389"><ele>2520</ele></trkpt>
      <trkpt lat="47.184630" lon="10.421288"><ele>2516</ele></trkpt>
      <trkpt lat="47.184587" lon="10.421275"><ele>2513</ele></trkpt>
      <trkpt lat="47.184573" lon="10.421234"><ele>2513</ele></trkpt>
      <trkpt lat="47.184480" lon="10.421117"><ele>2507</ele></trkpt>
      <trkpt lat="47.184473" lon="10.421075"><ele>2508</ele></trkpt>
      <trkpt lat="47.184445" lon="10.421039"><ele>2507</ele></trkpt>
      <trkpt lat="47.184434" lon="10.421001"><ele>2509</ele></trkpt>
      <trkpt lat="47.184389" lon="10.420993"><ele>2506</ele></trkpt>
      <trkpt lat="47.184081" lon="10.420602"><ele>2506</ele></trkpt>
      <trkpt lat="47.183968" lon="10.420513"><ele>2501</ele></trkpt>
      <trkpt lat="47.183922" lon="10.420466"><ele>2500</ele></trkpt>
      <trkpt lat="47.183898" lon="10.420409"><ele>2501</ele></trkpt>
      <trkpt lat="47.183863" lon="10.420268"><ele>2506</ele></trkpt>
      <trkpt lat="47.183715" lon="10.419994"><ele>2509</ele></trkpt>
      <trkpt lat="47.183644" lon="10.419868"><ele>2507</ele></trkpt>
      <trkpt lat="47.183427" lon="10.419547"><ele>2505</ele></trkpt>
      <trkpt lat="47.183347" lon="10.419398"><ele>2508</ele></trkpt>
      <trkpt lat="47.183306" lon="10.419269"><ele>2512</ele></trkpt>
      <trkpt lat="47.183238" lon="10.419180"><ele>2511</ele></trkpt>
      <trkpt lat="47.183163" lon="10.418969"><ele>2511</ele></trkpt>
      <trkpt lat="47.183096" lon="10.418877"><ele>2509</ele></trkpt>
      <trkpt lat="47.183080" lon="10.418785"><ele>2510</ele></trkpt>
      <trkpt lat="47.183019" lon="10.418658"><ele>2508</ele></trkpt>
      <trkpt lat="47.182970" lon="10.418543"><ele>2507</ele></trkpt>
      <trkpt lat="47.182973" lon="10.418497"><ele>2508</ele></trkpt>
      <trkpt lat="47.183012" lon="10.418415"><ele>2514</ele></trkpt>
      <trkpt lat="47.182911" lon="10.418117"><ele>2513</ele></trkpt>
      <trkpt lat="47.182871" lon="10.417873"><ele>2517</ele></trkpt>
      <trkpt lat="47.182858" lon="10.417659"><ele>2520</ele></trkpt>
      <trkpt lat="47.182827" lon="10.417522"><ele>2520</ele></trkpt>
      <trkpt lat="47.182830" lon="10.417433"><ele>2519</ele></trkpt>
      <trkpt lat="47.182855" lon="10.417401"><ele>2519</ele></trkpt>
      <trkpt lat="47.182849" lon="10.417358"><ele>2519</ele></trkpt>
      <trkpt lat="47.182883" lon="10.417138"><ele>2514</ele></trkpt>
      <trkpt lat="47.182916" lon="10.417043"><ele>2510</ele></trkpt>
      <trkpt lat="47.182949" lon="10.416851"><ele>2502</ele></trkpt>
      <trkpt lat="47.182988" lon="10.416714"><ele>2494</ele></trkpt>
      <trkpt lat="47.182977" lon="10.416590"><ele>2490</ele></trkpt>
      <trkpt lat="47.182961" lon="10.416417"><ele>2486</ele></trkpt>
      <trkpt lat="47.182947" lon="10.416267"><ele>2482</ele></trkpt>
      <trkpt lat="47.182905" lon="10.416188"><ele>2483</ele></trkpt>
      <trkpt lat="47.182886" lon="10.416081"><ele>2481</ele></trkpt>
      <trkpt lat="47.182886" lon="10.415987"><ele>2478</ele></trkpt>
      <trkpt lat="47.182868" lon="10.415932"><ele>2477</ele></trkpt>
      <trkpt lat="47.182846" lon="10.415759"><ele>2473</ele></trkpt>
      <trkpt lat="47.182850" lon="10.415693"><ele>2471</ele></trkpt>
      <trkpt lat="47.182835" lon="10.415647"><ele>2470</ele></trkpt>
      <trkpt lat="47.182806" lon="10.415398"><ele>2464</ele></trkpt>
      <trkpt lat="47.182759" lon="10.415307"><ele>2462</ele></trkpt>
      <trkpt lat="47.182653" lon="10.415068"><ele>2457</ele></trkpt>
      <trkpt lat="47.182644" lon="10.415023"><ele>2455</ele></trkpt>
      <trkpt lat="47.182603" lon="10.414921"><ele>2452</ele></trkpt>
      <trkpt lat="47.182528" lon="10.414784"><ele>2448</ele></trkpt>
      <trkpt lat="47.182487" lon="10.414739"><ele>2448</ele></trkpt>
      <trkpt lat="47.182376" lon="10.414655"><ele>2451</ele></trkpt>
      <trkpt lat="47.182318" lon="10.414555"><ele>2451</ele></trkpt>
      <trkpt lat="47.182275" lon="10.414504"><ele>2451</ele></trkpt>
      <trkpt lat="47.182237" lon="10.414495"><ele>2453</ele></trkpt>
      <trkpt lat="47.182196" lon="10.414451"><ele>2453</ele></trkpt>
      <trkpt lat="47.182145" lon="10.414363"><ele>2452</ele></trkpt>
      <trkpt lat="47.182055" lon="10.414247"><ele>2450</ele></trkpt>
      <trkpt lat="47.182010" lon="10.414232"><ele>2451</ele></trkpt>
      <trkpt lat="47.181944" lon="10.414166"><ele>2451</ele></trkpt>
      <trkpt lat="47.181848" lon="10.414146"><ele>2453</ele></trkpt>
      <trkpt lat="47.181805" lon="10.414094"><ele>2453</ele></trkpt>
      <trkpt lat="47.181725" lon="10.414053"><ele>2454</ele></trkpt>
      <trkpt lat="47.181694" lon="10.413985"><ele>2452</ele></trkpt>
      <trkpt lat="47.181644" lon="10.413977"><ele>2453</ele></trkpt>
      <trkpt lat="47.181609" lon="10.413942"><ele>2452</ele></trkpt>
      <trkpt lat="47.181553" lon="10.413903"><ele>2451</ele></trkpt>
      <trkpt lat="47.181331" lon="10.413845"><ele>2450</ele></trkpt>
      <trkpt lat="47.181152" lon="10.413825"><ele>2448</ele></trkpt>
      <trkpt lat="47.181109" lon="10.413793"><ele>2446</ele></trkpt>
      <trkpt lat="47.180977" lon="10.413756"><ele>2444</ele></trkpt>
      <trkpt lat="47.180867" lon="10.413679"><ele>2441</ele></trkpt>
      <trkpt lat="47.180764" lon="10.413640"><ele>2441</ele></trkpt>
      <trkpt lat="47.180682" lon="10.413635"><ele>2441</ele></trkpt>
      <trkpt lat="47.180460" lon="10.413581"><ele>2444</ele></trkpt>
      <trkpt lat="47.180351" lon="10.413503"><ele>2445</ele></trkpt>
      <trkpt lat="47.180244" lon="10.413450"><ele>2446</ele></trkpt>
      <trkpt lat="47.180188" lon="10.413439"><ele>2447</ele></trkpt>
      <trkpt lat="47.180067" lon="10.413270"><ele>2444</ele></trkpt>
      <trkpt lat="47.180010" lon="10.413179"><ele>2442</ele></trkpt>
      <trkpt lat="47.179989" lon="10.413112"><ele>2441</ele></trkpt>
      <trkpt lat="47.179955" lon="10.413061"><ele>2440</ele></trkpt>
      <trkpt lat="47.179947" lon="10.412994"><ele>2439</ele></trkpt>
      <trkpt lat="47.179874" lon="10.412814"><ele>2435</ele></trkpt>
      <trkpt lat="47.179831" lon="10.412659"><ele>2433</ele></trkpt>
      <trkpt lat="47.179786" lon="10.412512"><ele>2431</ele></trkpt>
      <trkpt lat="47.179745" lon="10.412441"><ele>2431</ele></trkpt>
      <trkpt lat="47.179690" lon="10.412362"><ele>2432</ele></trkpt>
      <trkpt lat="47.179679" lon="10.412311"><ele>2432</ele></trkpt>
      <trkpt lat="47.179630" lon="10.412209"><ele>2431</ele></trkpt>
      <trkpt lat="47.179595" lon="10.412148"><ele>2432</ele></trkpt>
      <trkpt lat="47.179572" lon="10.412038"><ele>2431</ele></trkpt>
      <trkpt lat="47.179547" lon="10.412003"><ele>2431</ele></trkpt>
      <trkpt lat="47.179517" lon="10.411927"><ele>2430</ele></trkpt>
      <trkpt lat="47.179463" lon="10.411872"><ele>2431</ele></trkpt>
      <trkpt lat="47.179364" lon="10.411721"><ele>2431</ele></trkpt>
      <trkpt lat="47.179241" lon="10.411673"><ele>2432</ele></trkpt>
      <trkpt lat="47.179121" lon="10.411662"><ele>2434</ele></trkpt>
      <trkpt lat="47.179058" lon="10.411592"><ele>2434</ele></trkpt>
      <trkpt lat="47.178981" lon="10.411510"><ele>2433</ele></trkpt>
      <trkpt lat="47.178928" lon="10.411499"><ele>2433</ele></trkpt>
      <trkpt lat="47.178876" lon="10.411502"><ele>2434</ele></trkpt>
      <trkpt lat="47.178774" lon="10.411528"><ele>2435</ele></trkpt>
      <trkpt lat="47.178698" lon="10.411526"><ele>2436</ele></trkpt>
      <trkpt lat="47.178623" lon="10.411501"><ele>2436</ele></trkpt>
      <trkpt lat="47.178593" lon="10.411454"><ele>2436</ele></trkpt>
      <trkpt lat="47.178557" lon="10.411413"><ele>2435</ele></trkpt>
      <trkpt lat="47.178491" lon="10.411393"><ele>2437</ele></trkpt>
      <trkpt lat="47.178443" lon="10.411361"><ele>2438</ele></trkpt>
      <trkpt lat="47.178235" lon="10.411165"><ele>2450</ele></trkpt>
      <trkpt lat="47.178220" lon="10.411118"><ele>2451</ele></trkpt>
      <trkpt lat="47.178173" lon="10.411066"><ele>2455</ele></trkpt>
      <trkpt lat="47.178141" lon="10.410958"><ele>2458</ele></trkpt>
      <trkpt lat="47.178125" lon="10.410899"><ele>2459</ele></trkpt>
      <trkpt lat="47.178106" lon="10.410900"><ele>2460</ele></trkpt>
      <trkpt lat="47.178117" lon="10.410839"><ele>2459</ele></trkpt>
      <trkpt lat="47.178093" lon="10.410782"><ele>2458</ele></trkpt>
      <trkpt lat="47.177961" lon="10.410565"><ele>2458</ele></trkpt>
      <trkpt lat="47.177722" lon="10.410346"><ele>2471</ele></trkpt>
      <trkpt lat="47.177494" lon="10.410092"><ele>2473</ele></trkpt>
      <trkpt lat="47.177293" lon="10.409919"><ele>2473</ele></trkpt>
      <trkpt lat="47.177216" lon="10.409860"><ele>2473</ele></trkpt>
      <trkpt lat="47.177157" lon="10.409759"><ele>2474</ele></trkpt>
      <trkpt lat="47.177056" lon="10.409499"><ele>2480</ele></trkpt>
      <trkpt lat="47.177011" lon="10.409387"><ele>2482</ele></trkpt>
      <trkpt lat="47.176960" lon="10.409283"><ele>2483</ele></trkpt>
      <trkpt lat="47.176947" lon="10.409174"><ele>2483</ele></trkpt>
      <trkpt lat="47.176896" lon="10.408977"><ele>2481</ele></trkpt>
      <trkpt lat="47.176779" lon="10.408862"><ele>2479</ele></trkpt>
      <trkpt lat="47.176699" lon="10.408776"><ele>2478</ele></trkpt>
      <trkpt lat="47.176707" lon="10.408487"><ele>2478</ele></trkpt>
      <trkpt lat="47.176626" lon="10.408060"><ele>2480</ele></trkpt>
      <trkpt lat="47.176418" lon="10.407298"><ele>2460</ele></trkpt>
      <trkpt lat="47.176226" lon="10.406386"><ele>2441</ele></trkpt>
      <trkpt lat="47.176208" lon="10.406149"><ele>2442</ele></trkpt>
      <trkpt lat="47.176174" lon="10.405866"><ele>2440</ele></trkpt>
      <trkpt lat="47.176073" lon="10.405677"><ele>2431</ele></trkpt>
      <trkpt lat="47.176001" lon="10.405384"><ele>2424</ele></trkpt>
      <trkpt lat="47.175970" lon="10.405228"><ele>2422</ele></trkpt>
      <trkpt lat="47.175922" lon="10.405127"><ele>2421</ele></trkpt>
      <trkpt lat="47.175916" lon="10.405023"><ele>2422</ele></trkpt>
      <trkpt lat="47.175897" lon="10.404966"><ele>2423</ele></trkpt>
      <trkpt lat="47.175895" lon="10.404920"><ele>2423</ele></trkpt>
      <trkpt lat="47.175857" lon="10.404804"><ele>2424</ele></trkpt>
      <trkpt lat="47.175842" lon="10.404730"><ele>2424</ele></trkpt>
      <trkpt lat="47.175759" lon="10.404559"><ele>2424</ele></trkpt>
      <trkpt lat="47.175753" lon="10.404518"><ele>2425</ele></trkpt>
      <trkpt lat="47.175712" lon="10.404420"><ele>2426</ele></trkpt>
      <trkpt lat="47.175679" lon="10.404353"><ele>2426</ele></trkpt>
      <trkpt lat="47.175645" lon="10.404300"><ele>2425</ele></trkpt>
      <trkpt lat="47.175607" lon="10.404243"><ele>2424</ele></trkpt>
      <trkpt lat="47.175587" lon="10.404195"><ele>2424</ele></trkpt>
      <trkpt lat="47.175538" lon="10.404126"><ele>2422</ele></trkpt>
      <trkpt lat="47.175500" lon="10.404089"><ele>2420</ele></trkpt>
      <trkpt lat="47.175444" lon="10.403994"><ele>2419</ele></trkpt>
      <trkpt lat="47.175236" lon="10.403844"><ele>2407</ele></trkpt>
      <trkpt lat="47.175073" lon="10.403717"><ele>2400</ele></trkpt>
      <trkpt lat="47.174831" lon="10.403361"><ele>2405</ele></trkpt>
      <trkpt lat="47.174681" lon="10.403115"><ele>2417</ele></trkpt>
      <trkpt lat="47.174525" lon="10.403024"><ele>2418</ele></trkpt>
      <trkpt lat="47.174368" lon="10.402954"><ele>2416</ele></trkpt>
      <trkpt lat="47.174186" lon="10.402956"><ele>2408</ele></trkpt>
      <trkpt lat="47.174091" lon="10.402931"><ele>2406</ele></trkpt>
      <trkpt lat="47.173986" lon="10.402966"><ele>2402</ele></trkpt>
      <trkpt lat="47.173723" lon="10.402941"><ele>2395</ele></trkpt>
      <trkpt lat="47.173719" lon="10.402847"><ele>2395</ele></trkpt>
      <trkpt lat="47.173675" lon="10.402847"><ele>2394</ele></trkpt>
      <trkpt lat="47.173611" lon="10.402830"><ele>2392</ele></trkpt>
      <trkpt lat="47.173570" lon="10.402807"><ele>2391</ele></trkpt>
      <trkpt lat="47.173388" lon="10.402888"><ele>2389</ele></trkpt>
      <trkpt lat="47.173248" lon="10.402931"><ele>2385</ele></trkpt>
      <trkpt lat="47.173125" lon="10.402958"><ele>2382</ele></trkpt>
      <trkpt lat="47.173048" lon="10.402990"><ele>2380</ele></trkpt>
      <trkpt lat="47.173010" lon="10.403045"><ele>2379</ele></trkpt>
      <trkpt lat="47.172947" lon="10.403044"><ele>2377</ele></trkpt>
      <trkpt lat="47.172883" lon="10.403017"><ele>2376</ele></trkpt>
      <trkpt lat="47.172812" lon="10.403016"><ele>2374</ele></trkpt>
      <trkpt lat="47.172748" lon="10.402984"><ele>2373</ele></trkpt>
      <trkpt lat="47.172608" lon="10.402973"><ele>2370</ele></trkpt>
      <trkpt lat="47.172572" lon="10.402886"><ele>2371</ele></trkpt>
      <trkpt lat="47.172518" lon="10.402821"><ele>2371</ele></trkpt>
      <trkpt lat="47.172466" lon="10.402810"><ele>2370</ele></trkpt>
      <trkpt lat="47.172433" lon="10.402775"><ele>2370</ele></trkpt>
      <trkpt lat="47.172400" lon="10.402744"><ele>2369</ele></trkpt>
      <trkpt lat="47.172363" lon="10.402747"><ele>2369</ele></trkpt>
      <trkpt lat="47.172231" lon="10.402684"><ele>2368</ele></trkpt>
      <trkpt lat="47.172136" lon="10.402711"><ele>2367</ele></trkpt>
      <trkpt lat="47.172087" lon="10.402690"><ele>2368</ele></trkpt>
      <trkpt lat="47.171995" lon="10.402694"><ele>2368</ele></trkpt>
      <trkpt lat="47.171923" lon="10.402673"><ele>2369</ele></trkpt>
      <trkpt lat="47.171720" lon="10.402798"><ele>2366</ele></trkpt>
      <trkpt lat="47.171348" lon="10.402967"><ele>2364</ele></trkpt>
      <trkpt lat="47.170976" lon="10.403246"><ele>2369</ele></trkpt>
      <trkpt lat="47.170825" lon="10.403483"><ele>2361</ele></trkpt>
      <trkpt lat="47.170622" lon="10.403616"><ele>2370</ele></trkpt>
      <trkpt lat="47.170513" lon="10.403709"><ele>2372</ele></trkpt>
      <trkpt lat="47.170454" lon="10.403756"><ele>2371</ele></trkpt>
      <trkpt lat="47.170367" lon="10.403842"><ele>2369</ele></trkpt>
      <trkpt lat="47.170290" lon="10.403877"><ele>2370</ele></trkpt>
      <trkpt lat="47.170214" lon="10.403908"><ele>2369</ele></trkpt>
      <trkpt lat="47.170171" lon="10.403937"><ele>2367</ele></trkpt>
      <trkpt lat="47.170148" lon="10.403935"><ele>2367</ele></trkpt>
      <trkpt lat="47.170131" lon="10.403911"><ele>2368</ele></trkpt>
      <trkpt lat="47.169889" lon="10.403796"><ele>2371</ele></trkpt>
      <trkpt lat="47.169629" lon="10.403751"><ele>2369</ele></trkpt>
      <trkpt lat="47.169500" lon="10.403712"><ele>2369</ele></trkpt>
      <trkpt lat="47.169376" lon="10.403599"><ele>2372</ele></trkpt>
      <trkpt lat="47.169246" lon="10.403561"><ele>2373</ele></trkpt>
      <trkpt lat="47.169176" lon="10.403508"><ele>2375</ele></trkpt>
      <trkpt lat="47.169117" lon="10.403498"><ele>2375</ele></trkpt>
      <trkpt lat="47.168997" lon="10.403519"><ele>2372</ele></trkpt>
      <trkpt lat="47.168921" lon="10.403552"><ele>2370</ele></trkpt>
      <trkpt lat="47.168796" lon="10.403638"><ele>2365</ele></trkpt>
      <trkpt lat="47.168718" lon="10.403663"><ele>2364</ele></trkpt>
      <trkpt lat="47.168617" lon="10.403679"><ele>2363</ele></trkpt>
      <trkpt lat="47.168586" lon="10.403635"><ele>2364</ele></trkpt>
      <trkpt lat="47.168573" lon="10.403548"><ele>2367</ele></trkpt>
      <trkpt lat="47.168568" lon="10.403443"><ele>2371</ele></trkpt>
      <trkpt lat="47.168547" lon="10.403302"><ele>2375</ele></trkpt>
      <trkpt lat="47.168540" lon="10.403290"><ele>2375</ele></trkpt>
      <trkpt lat="47.168535" lon="10.403281"><ele>2375</ele></trkpt>
      <trkpt lat="47.168519" lon="10.403275"><ele>2374</ele></trkpt>
      <trkpt lat="47.168453" lon="10.403284"><ele>2374</ele></trkpt>
      <trkpt lat="47.168314" lon="10.403299"><ele>2374</ele></trkpt>
      <trkpt lat="47.168453" lon="10.403284"><ele>2378</ele></trkpt>
      <trkpt lat="47.168519" lon="10.403275"><ele>2379</ele></trkpt>
      <trkpt lat="47.168540" lon="10.403290"><ele>2379</ele></trkpt>
      <trkpt lat="47.168547" lon="10.403302"><ele>2379</ele></trkpt>
      <trkpt lat="47.168568" lon="10.403443"><ele>2378</ele></trkpt>
      <trkpt lat="47.168573" lon="10.403548"><ele>2378</ele></trkpt>
      <trkpt lat="47.168586" lon="10.403635"><ele>2376</ele></trkpt>
      <trkpt lat="47.168617" lon="10.403679"><ele>2376</ele></trkpt>
      <trkpt lat="47.168718" lon="10.403663"><ele>2375</ele></trkpt>
      <trkpt lat="47.168796" lon="10.403638"><ele>2374</ele></trkpt>
      <trkpt lat="47.168921" lon="10.403552"><ele>2376</ele></trkpt>
      <trkpt lat="47.168997" lon="10.403519"><ele>2377</ele></trkpt>
      <trkpt lat="47.169117" lon="10.403498"><ele>2377</ele></trkpt>
      <trkpt lat="47.169177" lon="10.403508"><ele>2376</ele></trkpt>
      <trkpt lat="47.169247" lon="10.403561"><ele>2374</ele></trkpt>
      <trkpt lat="47.169376" lon="10.403599"><ele>2374</ele></trkpt>
      <trkpt lat="47.169500" lon="10.403712"><ele>2370</ele></trkpt>
      <trkpt lat="47.169629" lon="10.403751"><ele>2369</ele></trkpt>
      <trkpt lat="47.169889" lon="10.403796"><ele>2370</ele></trkpt>
      <trkpt lat="47.170131" lon="10.403911"><ele>2366</ele></trkpt>
      <trkpt lat="47.170030" lon="10.404063"><ele>2360</ele></trkpt>
      <trkpt lat="47.169767" lon="10.404171"><ele>2352</ele></trkpt>
      <trkpt lat="47.169626" lon="10.404258"><ele>2346</ele></trkpt>
      <trkpt lat="47.169502" lon="10.404402"><ele>2343</ele></trkpt>
      <trkpt lat="47.169217" lon="10.404778"><ele>2332</ele></trkpt>
      <trkpt lat="47.169189" lon="10.404791"><ele>2332</ele></trkpt>
      <trkpt lat="47.169158" lon="10.404772"><ele>2334</ele></trkpt>
      <trkpt lat="47.169139" lon="10.404883"><ele>2328</ele></trkpt>
      <trkpt lat="47.169129" lon="10.404888"><ele>2328</ele></trkpt>
      <trkpt lat="47.169098" lon="10.404868"><ele>2328</ele></trkpt>
      <trkpt lat="47.169077" lon="10.404897"><ele>2326</ele></trkpt>
      <trkpt lat="47.169075" lon="10.404966"><ele>2323</ele></trkpt>
      <trkpt lat="47.169034" lon="10.404944"><ele>2323</ele></trkpt>
      <trkpt lat="47.169002" lon="10.404883"><ele>2324</ele></trkpt>
      <trkpt lat="47.168826" lon="10.404867"><ele>2320</ele></trkpt>
      <trkpt lat="47.168816" lon="10.404945"><ele>2317</ele></trkpt>
      <trkpt lat="47.168889" lon="10.405050"><ele>2316</ele></trkpt>
      <trkpt lat="47.168766" lon="10.405087"><ele>2310</ele></trkpt>
      <trkpt lat="47.168859" lon="10.405305"><ele>2307</ele></trkpt>
      <trkpt lat="47.169007" lon="10.405389"><ele>2303</ele></trkpt>
      <trkpt lat="47.168895" lon="10.405499"><ele>2298</ele></trkpt>
      <trkpt lat="47.168965" lon="10.405553"><ele>2296</ele></trkpt>
      <trkpt lat="47.168969" lon="10.405577"><ele>2295</ele></trkpt>
      <trkpt lat="47.168774" lon="10.405594"><ele>2292</ele></trkpt>
      <trkpt lat="47.168915" lon="10.405942"><ele>2284</ele></trkpt>
      <trkpt lat="47.168887" lon="10.406012"><ele>2282</ele></trkpt>
      <trkpt lat="47.168703" lon="10.405992"><ele>2278</ele></trkpt>
      <trkpt lat="47.168715" lon="10.406109"><ele>2274</ele></trkpt>
      <trkpt lat="47.168812" lon="10.406223"><ele>2272</ele></trkpt>
      <trkpt lat="47.168816" lon="10.406289"><ele>2269</ele></trkpt>
      <trkpt lat="47.168757" lon="10.406315"><ele>2267</ele></trkpt>
      <trkpt lat="47.168778" lon="10.406369"><ele>2265</ele></trkpt>
      <trkpt lat="47.168679" lon="10.406369"><ele>2265</ele></trkpt>
      <trkpt lat="47.168700" lon="10.406489"><ele>2261</ele></trkpt>
      <trkpt lat="47.168598" lon="10.406436"><ele>2262</ele></trkpt>
      <trkpt lat="47.168541" lon="10.406636"><ele>2254</ele></trkpt>
      <trkpt lat="47.168622" lon="10.406726"><ele>2252</ele></trkpt>
      <trkpt lat="47.168725" lon="10.406766"><ele>2249</ele></trkpt>
      <trkpt lat="47.168695" lon="10.406799"><ele>2247</ele></trkpt>
      <trkpt lat="47.168704" lon="10.406823"><ele>2246</ele></trkpt>
      <trkpt lat="47.168730" lon="10.406828"><ele>2246</ele></trkpt>
      <trkpt lat="47.168744" lon="10.406849"><ele>2245</ele></trkpt>
      <trkpt lat="47.168738" lon="10.406879"><ele>2243</ele></trkpt>
      <trkpt lat="47.168835" lon="10.406912"><ele>2242</ele></trkpt>
      <trkpt lat="47.168855" lon="10.406982"><ele>2240</ele></trkpt>
      <trkpt lat="47.168855" lon="10.407244"><ele>2229</ele></trkpt>
      <trkpt lat="47.168809" lon="10.407766"><ele>2210</ele></trkpt>
      <trkpt lat="47.168853" lon="10.407758"><ele>2211</ele></trkpt>
      <trkpt lat="47.168848" lon="10.407856"><ele>2208</ele></trkpt>
      <trkpt lat="47.168890" lon="10.407936"><ele>2206</ele></trkpt>
      <trkpt lat="47.168884" lon="10.408065"><ele>2202</ele></trkpt>
      <trkpt lat="47.168817" lon="10.408502"><ele>2193</ele></trkpt>
      <trkpt lat="47.168702" lon="10.408898"><ele>2188</ele></trkpt>
      <trkpt lat="47.168606" lon="10.409112"><ele>2185</ele></trkpt>
      <trkpt lat="47.168600" lon="10.409139"><ele>2184</ele></trkpt>
      <trkpt lat="47.168578" lon="10.409172"><ele>2184</ele></trkpt>
      <trkpt lat="47.168513" lon="10.409335"><ele>2179</ele></trkpt>
      <trkpt lat="47.168472" lon="10.409384"><ele>2176</ele></trkpt>
      <trkpt lat="47.168436" lon="10.409490"><ele>2174</ele></trkpt>
      <trkpt lat="47.168434" lon="10.409511"><ele>2173</ele></trkpt>
      <trkpt lat="47.168420" lon="10.409499"><ele>2173</ele></trkpt>
      <trkpt lat="47.168417" lon="10.409647"><ele>2171</ele></trkpt>
      <trkpt lat="47.168342" lon="10.409564"><ele>2168</ele></trkpt>
      <trkpt lat="47.168324" lon="10.409571"><ele>2167</ele></trkpt>
      <trkpt lat="47.168299" lon="10.409702"><ele>2164</ele></trkpt>
      <trkpt lat="47.168303" lon="10.409763"><ele>2164</ele></trkpt>
      <trkpt lat="47.168243" lon="10.409916"><ele>2158</ele></trkpt>
      <trkpt lat="47.168249" lon="10.410029"><ele>2158</ele></trkpt>
      <trkpt lat="47.168094" lon="10.410311"><ele>2150</ele></trkpt>
      <trkpt lat="47.167908" lon="10.410322"><ele>2140</ele></trkpt>
      <trkpt lat="47.167836" lon="10.410524"><ele>2137</ele></trkpt>
      <trkpt lat="47.167812" lon="10.410728"><ele>2133</ele></trkpt>
      <trkpt lat="47.167819" lon="10.410802"><ele>2133</ele></trkpt>
      <trkpt lat="47.167729" lon="10.411323"><ele>2125</ele></trkpt>
      <trkpt lat="47.167636" lon="10.411516"><ele>2118</ele></trkpt>
      <trkpt lat="47.167634" lon="10.411773"><ele>2114</ele></trkpt>
      <trkpt lat="47.167621" lon="10.411801"><ele>2112</ele></trkpt>
      <trkpt lat="47.167597" lon="10.411782"><ele>2112</ele></trkpt>
      <trkpt lat="47.167513" lon="10.411742"><ele>2110</ele></trkpt>
      <trkpt lat="47.167473" lon="10.411751"><ele>2108</ele></trkpt>
      <trkpt lat="47.167476" lon="10.411835"><ele>2106</ele></trkpt>
      <trkpt lat="47.167377" lon="10.411834"><ele>2101</ele></trkpt>
      <trkpt lat="47.167324" lon="10.411905"><ele>2098</ele></trkpt>
      <trkpt lat="47.167251" lon="10.411914"><ele>2095</ele></trkpt>
      <trkpt lat="47.167230" lon="10.412039"><ele>2091</ele></trkpt>
      <trkpt lat="47.167143" lon="10.411992"><ele>2088</ele></trkpt>
      <trkpt lat="47.167131" lon="10.412030"><ele>2087</ele></trkpt>
      <trkpt lat="47.167143" lon="10.412114"><ele>2085</ele></trkpt>
      <trkpt lat="47.166988" lon="10.411889"><ele>2082</ele></trkpt>
      <trkpt lat="47.166963" lon="10.412022"><ele>2079</ele></trkpt>
      <trkpt lat="47.166872" lon="10.411864"><ele>2076</ele></trkpt>
      <trkpt lat="47.166809" lon="10.412246"><ele>2067</ele></trkpt>
      <trkpt lat="47.166604" lon="10.411990"><ele>2059</ele></trkpt>
      <trkpt lat="47.166555" lon="10.412092"><ele>2056</ele></trkpt>
      <trkpt lat="47.166490" lon="10.411965"><ele>2053</ele></trkpt>
      <trkpt lat="47.166398" lon="10.412146"><ele>2048</ele></trkpt>
      <trkpt lat="47.166364" lon="10.412109"><ele>2046</ele></trkpt>
      <trkpt lat="47.166316" lon="10.412351"><ele>2039</ele></trkpt>
      <trkpt lat="47.166210" lon="10.412201"><ele>2035</ele></trkpt>
      <trkpt lat="47.166201" lon="10.412360"><ele>2032</ele></trkpt>
      <trkpt lat="47.166189" lon="10.412410"><ele>2031</ele></trkpt>
      <trkpt lat="47.166175" lon="10.412422"><ele>2030</ele></trkpt>
      <trkpt lat="47.166067" lon="10.412171"><ele>2027</ele></trkpt>
      <trkpt lat="47.166021" lon="10.412295"><ele>2023</ele></trkpt>
      <trkpt lat="47.165935" lon="10.412143"><ele>2020</ele></trkpt>
      <trkpt lat="47.165847" lon="10.412488"><ele>2012</ele></trkpt>
      <trkpt lat="47.165698" lon="10.412359"><ele>2006</ele></trkpt>
      <trkpt lat="47.165616" lon="10.412380"><ele>2003</ele></trkpt>
      <trkpt lat="47.165526" lon="10.412436"><ele>1998</ele></trkpt>
      <trkpt lat="47.165535" lon="10.412731"><ele>1992</ele></trkpt>
      <trkpt lat="47.165321" lon="10.412669"><ele>1985</ele></trkpt>
      <trkpt lat="47.165313" lon="10.412787"><ele>1983</ele></trkpt>
      <trkpt lat="47.165193" lon="10.412680"><ele>1978</ele></trkpt>
      <trkpt lat="47.165168" lon="10.412840"><ele>1974</ele></trkpt>
      <trkpt lat="47.165061" lon="10.412715"><ele>1972</ele></trkpt>
      <trkpt lat="47.164985" lon="10.412596"><ele>1968</ele></trkpt>
      <trkpt lat="47.164932" lon="10.412740"><ele>1964</ele></trkpt>
      <trkpt lat="47.164787" lon="10.412571"><ele>1957</ele></trkpt>
      <trkpt lat="47.164783" lon="10.412827"><ele>1954</ele></trkpt>
      <trkpt lat="47.164703" lon="10.413180"><ele>1942</ele></trkpt>
      <trkpt lat="47.164600" lon="10.413063"><ele>1940</ele></trkpt>
      <trkpt lat="47.164503" lon="10.412915"><ele>1936</ele></trkpt>
      <trkpt lat="47.164472" lon="10.412895"><ele>1935</ele></trkpt>
      <trkpt lat="47.164460" lon="10.412864"><ele>1935</ele></trkpt>
      <trkpt lat="47.164410" lon="10.412804"><ele>1933</ele></trkpt>
      <trkpt lat="47.164407" lon="10.412896"><ele>1931</ele></trkpt>
      <trkpt lat="47.164371" lon="10.412866"><ele>1930</ele></trkpt>
      <trkpt lat="47.164252" lon="10.412666"><ele>1925</ele></trkpt>
      <trkpt lat="47.164249" lon="10.412699"><ele>1924</ele></trkpt>
      <trkpt lat="47.164234" lon="10.412719"><ele>1924</ele></trkpt>
      <trkpt lat="47.164214" lon="10.412840"><ele>1922</ele></trkpt>
      <trkpt lat="47.164153" lon="10.412822"><ele>1918</ele></trkpt>
      <trkpt lat="47.164144" lon="10.412769"><ele>1918</ele></trkpt>
      <trkpt lat="47.164127" lon="10.412775"><ele>1917</ele></trkpt>
      <trkpt lat="47.164119" lon="10.412832"><ele>1916</ele></trkpt>
      <trkpt lat="47.164095" lon="10.412876"><ele>1914</ele></trkpt>
      <trkpt lat="47.164085" lon="10.412838"><ele>1914</ele></trkpt>
      <trkpt lat="47.164041" lon="10.412779"><ele>1912</ele></trkpt>
      <trkpt lat="47.164020" lon="10.412727"><ele>1911</ele></trkpt>
      <trkpt lat="47.163984" lon="10.412946"><ele>1906</ele></trkpt>
      <trkpt lat="47.163893" lon="10.412778"><ele>1902</ele></trkpt>
      <trkpt lat="47.163875" lon="10.412786"><ele>1901</ele></trkpt>
      <trkpt lat="47.163864" lon="10.413128"><ele>1895</ele></trkpt>
      <trkpt lat="47.163843" lon="10.413146"><ele>1894</ele></trkpt>
      <trkpt lat="47.163713" lon="10.412929"><ele>1889</ele></trkpt>
      <trkpt lat="47.163658" lon="10.413112"><ele>1883</ele></trkpt>
      <trkpt lat="47.163634" lon="10.413075"><ele>1882</ele></trkpt>
      <trkpt lat="47.163621" lon="10.413207"><ele>1879</ele></trkpt>
      <trkpt lat="47.163519" lon="10.413147"><ele>1873</ele></trkpt>
      <trkpt lat="47.163497" lon="10.413393"><ele>1868</ele></trkpt>
      <trkpt lat="47.163362" lon="10.413189"><ele>1862</ele></trkpt>
      <trkpt lat="47.163334" lon="10.413429"><ele>1858</ele></trkpt>
      <trkpt lat="47.163190" lon="10.413305"><ele>1852</ele></trkpt>
      <trkpt lat="47.163182" lon="10.413379"><ele>1850</ele></trkpt>
      <trkpt lat="47.163110" lon="10.413283"><ele>1846</ele></trkpt>
      <trkpt lat="47.163090" lon="10.413416"><ele>1844</ele></trkpt>
      <trkpt lat="47.163052" lon="10.413393"><ele>1842</ele></trkpt>
      <trkpt lat="47.163048" lon="10.413621"><ele>1838</ele></trkpt>
      <trkpt lat="47.162819" lon="10.413373"><ele>1828</ele></trkpt>
      <trkpt lat="47.162807" lon="10.413520"><ele>1824</ele></trkpt>
      <trkpt lat="47.162648" lon="10.413279"><ele>1818</ele></trkpt>
      <trkpt lat="47.162611" lon="10.413516"><ele>1812</ele></trkpt>
      <trkpt lat="47.162358" lon="10.413173"><ele>1802</ele></trkpt>
      <trkpt lat="47.162245" lon="10.413064"><ele>1798</ele></trkpt>
      <trkpt lat="47.162247" lon="10.413030"><ele>1798</ele></trkpt>
      <trkpt lat="47.162214" lon="10.413042"><ele>1797</ele></trkpt>
      <trkpt lat="47.162200" lon="10.413015"><ele>1795</ele></trkpt>
      <trkpt lat="47.162178" lon="10.413031"><ele>1794</ele></trkpt>
      <trkpt lat="47.162156" lon="10.413026"><ele>1793</ele></trkpt>
      <trkpt lat="47.162160" lon="10.412969"><ele>1790</ele></trkpt>
      <trkpt lat="47.162174" lon="10.412914"><ele>1789</ele></trkpt>
      <trkpt lat="47.162165" lon="10.412898"><ele>1788</ele></trkpt>
      <trkpt lat="47.162114" lon="10.412921"><ele>1786</ele></trkpt>
      <trkpt lat="47.162093" lon="10.412906"><ele>1784</ele></trkpt>
      <trkpt lat="47.162131" lon="10.412833"><ele>1784</ele></trkpt>
      <trkpt lat="47.162130" lon="10.412790"><ele>1782</ele></trkpt>
      <trkpt lat="47.162169" lon="10.412742"><ele>1782</ele></trkpt>
      <trkpt lat="47.162229" lon="10.412617"><ele>1780</ele></trkpt>
      <trkpt lat="47.162244" lon="10.412526"><ele>1777</ele></trkpt>
      <trkpt lat="47.162210" lon="10.412458"><ele>1774</ele></trkpt>
      <trkpt lat="47.162083" lon="10.412449"><ele>1768</ele></trkpt>
      <trkpt lat="47.162098" lon="10.412393"><ele>1767</ele></trkpt>
      <trkpt lat="47.162014" lon="10.412388"><ele>1763</ele></trkpt>
      <trkpt lat="47.162006" lon="10.412333"><ele>1762</ele></trkpt>
      <trkpt lat="47.161976" lon="10.412332"><ele>1760</ele></trkpt>
      <trkpt lat="47.161965" lon="10.412297"><ele>1759</ele></trkpt>
      <trkpt lat="47.161929" lon="10.412317"><ele>1758</ele></trkpt>
      <trkpt lat="47.161908" lon="10.412351"><ele>1757</ele></trkpt>
      <trkpt lat="47.161890" lon="10.412345"><ele>1756</ele></trkpt>
      <trkpt lat="47.161883" lon="10.412240"><ele>1753</ele></trkpt>
      <trkpt lat="47.161897" lon="10.412152"><ele>1753</ele></trkpt>
      <trkpt lat="47.161876" lon="10.412134"><ele>1752</ele></trkpt>
      <trkpt lat="47.161844" lon="10.412142"><ele>1750</ele></trkpt>
      <trkpt lat="47.161793" lon="10.412180"><ele>1747</ele></trkpt>
      <trkpt lat="47.161786" lon="10.412165"><ele>1747</ele></trkpt>
      <trkpt lat="47.161784" lon="10.412105"><ele>1747</ele></trkpt>
      <trkpt lat="47.161742" lon="10.412145"><ele>1744</ele></trkpt>
      <trkpt lat="47.161699" lon="10.412165"><ele>1742</ele></trkpt>
      <trkpt lat="47.161676" lon="10.412199"><ele>1740</ele></trkpt>
      <trkpt lat="47.161575" lon="10.412189"><ele>1736</ele></trkpt>
      <trkpt lat="47.161580" lon="10.412151"><ele>1736</ele></trkpt>
      <trkpt lat="47.161504" lon="10.412070"><ele>1732</ele></trkpt>
      <trkpt lat="47.161392" lon="10.412110"><ele>1726</ele></trkpt>
      <trkpt lat="47.161336" lon="10.412094"><ele>1723</ele></trkpt>
      <trkpt lat="47.161273" lon="10.412146"><ele>1720</ele></trkpt>
      <trkpt lat="47.161238" lon="10.412119"><ele>1718</ele></trkpt>
      <trkpt lat="47.161172" lon="10.411993"><ele>1712</ele></trkpt>
      <trkpt lat="47.161167" lon="10.411923"><ele>1711</ele></trkpt>
      <trkpt lat="47.161245" lon="10.411709"><ele>1712</ele></trkpt>
      <trkpt lat="47.161191" lon="10.411638"><ele>1710</ele></trkpt>
      <trkpt lat="47.161125" lon="10.411627"><ele>1708</ele></trkpt>
      <trkpt lat="47.161053" lon="10.411699"><ele>1704</ele></trkpt>
      <trkpt lat="47.161002" lon="10.411699"><ele>1704</ele></trkpt>
      <trkpt lat="47.160956" lon="10.411741"><ele>1702</ele></trkpt>
      <trkpt lat="47.160845" lon="10.411734"><ele>1700</ele></trkpt>
      <trkpt lat="47.160642" lon="10.411799"><ele>1694</ele></trkpt>
      <trkpt lat="47.160537" lon="10.411923"><ele>1687</ele></trkpt>
      <trkpt lat="47.160564" lon="10.411960"><ele>1686</ele></trkpt>
      <trkpt lat="47.160487" lon="10.412021"><ele>1681</ele></trkpt>
      <trkpt lat="47.160457" lon="10.412030"><ele>1680</ele></trkpt>
      <trkpt lat="47.160429" lon="10.412067"><ele>1677</ele></trkpt>
      <trkpt lat="47.160396" lon="10.412063"><ele>1676</ele></trkpt>
      <trkpt lat="47.160372" lon="10.412095"><ele>1675</ele></trkpt>
      <trkpt lat="47.160367" lon="10.412185"><ele>1671</ele></trkpt>
      <trkpt lat="47.160338" lon="10.412188"><ele>1670</ele></trkpt>
      <trkpt lat="47.160327" lon="10.412218"><ele>1670</ele></trkpt>
      <trkpt lat="47.160172" lon="10.412165"><ele>1668</ele></trkpt>
      <trkpt lat="47.160131" lon="10.412229"><ele>1664</ele></trkpt>
      <trkpt lat="47.160137" lon="10.412257"><ele>1662</ele></trkpt>
      <trkpt lat="47.160118" lon="10.412269"><ele>1662</ele></trkpt>
      <trkpt lat="47.160114" lon="10.412301"><ele>1660</ele></trkpt>
      <trkpt lat="47.160082" lon="10.412292"><ele>1659</ele></trkpt>
      <trkpt lat="47.160065" lon="10.412357"><ele>1656</ele></trkpt>
      <trkpt lat="47.160033" lon="10.412348"><ele>1655</ele></trkpt>
      <trkpt lat="47.159987" lon="10.412349"><ele>1654</ele></trkpt>
      <trkpt lat="47.159984" lon="10.412380"><ele>1653</ele></trkpt>
      <trkpt lat="47.159873" lon="10.412404"><ele>1650</ele></trkpt>
      <trkpt lat="47.159673" lon="10.412578"><ele>1635</ele></trkpt>
      <trkpt lat="47.159595" lon="10.412612"><ele>1632</ele></trkpt>
      <trkpt lat="47.159587" lon="10.412638"><ele>1630</ele></trkpt>
      <trkpt lat="47.159546" lon="10.412642"><ele>1630</ele></trkpt>
      <trkpt lat="47.159535" lon="10.412668"><ele>1628</ele></trkpt>
      <trkpt lat="47.159478" lon="10.412652"><ele>1630</ele></trkpt>
      <trkpt lat="47.159427" lon="10.412670"><ele>1629</ele></trkpt>
      <trkpt lat="47.159380" lon="10.412806"><ele>1622</ele></trkpt>
      <trkpt lat="47.159185" lon="10.412992"><ele>1615</ele></trkpt>
      <trkpt lat="47.159142" lon="10.412989"><ele>1615</ele></trkpt>
      <trkpt lat="47.159116" lon="10.413022"><ele>1613</ele></trkpt>
      <trkpt lat="47.158863" lon="10.413168"><ele>1604</ele></trkpt>
      <trkpt lat="47.158492" lon="10.413077"><ele>1596</ele></trkpt>
      <trkpt lat="47.158364" lon="10.413084"><ele>1592</ele></trkpt>
      <trkpt lat="47.158222" lon="10.412978"><ele>1588</ele></trkpt>
      <trkpt lat="47.158058" lon="10.412806"><ele>1582</ele></trkpt>
      <trkpt lat="47.157854" lon="10.412743"><ele>1573</ele></trkpt>
      <trkpt lat="47.157757" lon="10.412613"><ele>1576</ele></trkpt>
      <trkpt lat="47.157382" lon="10.412504"><ele>1570</ele></trkpt>
      <trkpt lat="47.157295" lon="10.412588"><ele>1561</ele></trkpt>
      <trkpt lat="47.157229" lon="10.412589"><ele>1560</ele></trkpt>
      <trkpt lat="47.157006" lon="10.412435"><ele>1556</ele></trkpt>
      <trkpt lat="47.156932" lon="10.412357"><ele>1554</ele></trkpt>
      <trkpt lat="47.156923" lon="10.412314"><ele>1556</ele></trkpt>
      <trkpt lat="47.156866" lon="10.412256"><ele>1556</ele></trkpt>
      <trkpt lat="47.156764" lon="10.412303"><ele>1549</ele></trkpt>
      <trkpt lat="47.156607" lon="10.412247"><ele>1545</ele></trkpt>
      <trkpt lat="47.156575" lon="10.412285"><ele>1542</ele></trkpt>
      <trkpt lat="47.156449" lon="10.412281"><ele>1538</ele></trkpt>
      <trkpt lat="47.156432" lon="10.412220"><ele>1539</ele></trkpt>
      <trkpt lat="47.156363" lon="10.412206"><ele>1535</ele></trkpt>
      <trkpt lat="47.156299" lon="10.412160"><ele>1530</ele></trkpt>
      <trkpt lat="47.156261" lon="10.412149"><ele>1528</ele></trkpt>
      <trkpt lat="47.156188" lon="10.412079"><ele>1522</ele></trkpt>
      <trkpt lat="47.156170" lon="10.411938"><ele>1522</ele></trkpt>
      <trkpt lat="47.156106" lon="10.411717"><ele>1516</ele></trkpt>
      <trkpt lat="47.155995" lon="10.411452"><ele>1506</ele></trkpt>
      <trkpt lat="47.155924" lon="10.411409"><ele>1500</ele></trkpt>
      <trkpt lat="47.155875" lon="10.411288"><ele>1496</ele></trkpt>
      <trkpt lat="47.155745" lon="10.411322"><ele>1484</ele></trkpt>
      <trkpt lat="47.155595" lon="10.410954"><ele>1470</ele></trkpt>
      <trkpt lat="47.155578" lon="10.410786"><ele>1466</ele></trkpt>
      <trkpt lat="47.155678" lon="10.410668"><ele>1469</ele></trkpt>
      <trkpt lat="47.155662" lon="10.410536"><ele>1463</ele></trkpt>
      <trkpt lat="47.155566" lon="10.410434"><ele>1451</ele></trkpt>
      <trkpt lat="47.155472" lon="10.410187"><ele>1447</ele></trkpt>
      <trkpt lat="47.155392" lon="10.410214"><ele>1435</ele></trkpt>
      <trkpt lat="47.155276" lon="10.410123"><ele>1424</ele></trkpt>
      <trkpt lat="47.155173" lon="10.409969"><ele>1418</ele></trkpt>
      <trkpt lat="47.155028" lon="10.409703"><ele>1404</ele></trkpt>
      <trkpt lat="47.154947" lon="10.409509"><ele>1400</ele></trkpt>
      <trkpt lat="47.154881" lon="10.409454"><ele>1396</ele></trkpt>
      <trkpt lat="47.154758" lon="10.409472"><ele>1387</ele></trkpt>
      <trkpt lat="47.154593" lon="10.409271"><ele>1382</ele></trkpt>
      <trkpt lat="47.154468" lon="10.409227"><ele>1376</ele></trkpt>
      <trkpt lat="47.154210" lon="10.409051"><ele>1363</ele></trkpt>
      <trkpt lat="47.153966" lon="10.408704"><ele>1350</ele></trkpt>
      <trkpt lat="47.153891" lon="10.408835"><ele>1344</ele></trkpt>
      <trkpt lat="47.153710" lon="10.408791"><ele>1331</ele></trkpt>
      <trkpt lat="47.153595" lon="10.408658"><ele>1324</ele></trkpt>
      <trkpt lat="47.153338" lon="10.409074"><ele>1302</ele></trkpt>
      <trkpt lat="47.153136" lon="10.409345"><ele>1286</ele></trkpt>
      <trkpt lat="47.152862" lon="10.409618"><ele>1265</ele></trkpt>
      <trkpt lat="47.152991" lon="10.409961"><ele>1258</ele></trkpt>
      <trkpt lat="47.152951" lon="10.410018"><ele>1253</ele></trkpt>
      <trkpt lat="47.152816" lon="10.409929"><ele>1250</ele></trkpt>
      <trkpt lat="47.152610" lon="10.409654"><ele>1253</ele></trkpt>
      <trkpt lat="47.152353" lon="10.409554"><ele>1242</ele></trkpt>
      <trkpt lat="47.151992" lon="10.409671"><ele>1224</ele></trkpt>
      <trkpt lat="47.151933" lon="10.409705"><ele>1221</ele></trkpt>
      <trkpt lat="47.151804" lon="10.409822"><ele>1214</ele></trkpt>
      <trkpt lat="47.151773" lon="10.409883"><ele>1212</ele></trkpt>
      <trkpt lat="47.151739" lon="10.410197"><ele>1208</ele></trkpt>
      <trkpt lat="47.151688" lon="10.410452"><ele>1203</ele></trkpt>
      <trkpt lat="47.151694" lon="10.410627"><ele>1201</ele></trkpt>
      <trkpt lat="47.151687" lon="10.410697"><ele>1200</ele></trkpt>
      <trkpt lat="47.151667" lon="10.410737"><ele>1198</ele></trkpt>
      <trkpt lat="47.151647" lon="10.410745"><ele>1198</ele></trkpt>
      <trkpt lat="47.151613" lon="10.410741"><ele>1197</ele></trkpt>
      <trkpt lat="47.151570" lon="10.410776"><ele>1196</ele></trkpt>
      <trkpt lat="47.151471" lon="10.410717"><ele>1194</ele></trkpt>
      <trkpt lat="47.151370" lon="10.410616"><ele>1192</ele></trkpt>
      <trkpt lat="47.151310" lon="10.410477"><ele>1192</ele></trkpt>
      <trkpt lat="47.151235" lon="10.410327"><ele>1190</ele></trkpt>
      <trkpt lat="47.151234" lon="10.410380"><ele>1190</ele></trkpt>
      <trkpt lat="47.151219" lon="10.410426"><ele>1190</ele></trkpt>
      <trkpt lat="47.151102" lon="10.410230"><ele>1188</ele></trkpt>
      <trkpt lat="47.150970" lon="10.410054"><ele>1185</ele></trkpt>
      <trkpt lat="47.150834" lon="10.409908"><ele>1182</ele></trkpt>
      <trkpt lat="47.150622" lon="10.409759"><ele>1180</ele></trkpt>
      <trkpt lat="47.150404" lon="10.409633"><ele>1178</ele></trkpt>
      <trkpt lat="47.149998" lon="10.409474"><ele>1172</ele></trkpt>
      <trkpt lat="47.149585" lon="10.409375"><ele>1166</ele></trkpt>
      <trkpt lat="47.148422" lon="10.409339"><ele>1154</ele></trkpt>
      <trkpt lat="47.148417" lon="10.409259"><ele>1154</ele></trkpt>
      <trkpt lat="47.148434" lon="10.408891"><ele>1155</ele></trkpt>
      <trkpt lat="47.148482" lon="10.408486"><ele>1155</ele></trkpt>
      <trkpt lat="47.148500" lon="10.408401"><ele>1155</ele></trkpt>
  </trkseg></trk>
</gpx>
