<?xml version="1.0" encoding="UTF-8"?>
<gpx version="1.1" creator="Geurt's huttentocht 2027" xmlns="http://www.topografix.com/GPX/1/1" xmlns:xsi="http://www.w3.org/2001/XMLSchema-instance" xsi:schemaLocation="http://www.topografix.com/GPX/1/1 http://www.topografix.com/GPX/1/1/gpx.xsd">
  <metadata>
    <name>Noodplan Verwallrunde (uitwijkroutes)</name>
    <desc>Uitwijk-/afdaalroutes. Indicatief, OSM/ODbL.</desc>
    <copyright author="OpenStreetMap contributors"><license>ODbL</license></copyright>
  </metadata>
  <wpt lat="47.063379" lon="10.375531"><ele>1300</ele><name>Kappl</name><sym>Flag, Red</sym></wpt>
  <wpt lat="47.062444" lon="10.316042"><ele>2310</ele><name>Niederelbehütte</name><sym>Flag, Red</sym></wpt>
  <wpt lat="47.106040" lon="10.355825"><ele>2375</ele><name>Edmund-Graf-Hütte</name><sym>Flag, Red</sym></wpt>
  <wpt lat="47.149487" lon="10.343585"><ele>1122</ele><name>Pettneu</name><sym>Flag, Red</sym></wpt>
  <wpt lat="47.101893" lon="10.367843"><ele>2672</ele><name>Kapplerjoch</name><sym>Flag, Red</sym></wpt>
  <trk><name>Niederelbehütte naar Kappl</name><trkseg>
      <trkpt lat="47.062414" lon="10.316133"><ele>2309</ele></trkpt>
      <trkpt lat="47.062480" lon="10.316178"><ele>2308</ele></trkpt>
      <trkpt lat="47.062511" lon="10.316184"><ele>2308</ele></trkpt>
      <trkpt lat="47.062599" lon="10.315912"><ele>2309</ele></trkpt>
      <trkpt lat="47.062641" lon="10.315824"><ele>2309</ele></trkpt>
      <trkpt lat="47.062738" lon="10.315743"><ele>2308</ele></trkpt>
      <trkpt lat="47.062845" lon="10.315767"><ele>2306</ele></trkpt>
      <trkpt lat="47.062944" lon="10.315817"><ele>2304</ele></trkpt>
      <trkpt lat="47.062969" lon="10.315809"><ele>2304</ele></trkpt>
      <trkpt lat="47.062968" lon="10.315643"><ele>2303</ele></trkpt>
      <trkpt lat="47.062976" lon="10.315568"><ele>2302</ele></trkpt>
      <trkpt lat="47.062995" lon="10.315512"><ele>2302</ele></trkpt>
      <trkpt lat="47.063028" lon="10.315492"><ele>2301</ele></trkpt>
      <trkpt lat="47.063077" lon="10.315457"><ele>2300</ele></trkpt>
      <trkpt lat="47.063206" lon="10.315445"><ele>2299</ele></trkpt>
      <trkpt lat="47.063275" lon="10.315457"><ele>2299</ele></trkpt>
      <trkpt lat="47.063351" lon="10.315496"><ele>2297</ele></trkpt>
      <trkpt lat="47.063479" lon="10.315441"><ele>2294</ele></trkpt>
      <trkpt lat="47.063495" lon="10.315450"><ele>2292</ele></trkpt>
      <trkpt lat="47.063496" lon="10.315471"><ele>2292</ele></trkpt>
      <trkpt lat="47.063425" lon="10.315574"><ele>2291</ele></trkpt>
      <trkpt lat="47.063418" lon="10.315605"><ele>2290</ele></trkpt>
      <trkpt lat="47.063441" lon="10.315610"><ele>2289</ele></trkpt>
      <trkpt lat="47.063685" lon="10.315459"><ele>2284</ele></trkpt>
      <trkpt lat="47.063704" lon="10.315461"><ele>2282</ele></trkpt>
      <trkpt lat="47.063708" lon="10.315482"><ele>2281</ele></trkpt>
      <trkpt lat="47.063584" lon="10.315681"><ele>2278</ele></trkpt>
      <trkpt lat="47.063584" lon="10.315701"><ele>2277</ele></trkpt>
      <trkpt lat="47.063598" lon="10.315704"><ele>2276</ele></trkpt>
      <trkpt lat="47.063873" lon="10.315544"><ele>2268</ele></trkpt>
      <trkpt lat="47.063890" lon="10.315542"><ele>2268</ele></trkpt>
      <trkpt lat="47.063895" lon="10.315566"><ele>2266</ele></trkpt>
      <trkpt lat="47.063849" lon="10.315817"><ele>2261</ele></trkpt>
      <trkpt lat="47.063800" lon="10.315935"><ele>2258</ele></trkpt>
      <trkpt lat="47.063834" lon="10.315959"><ele>2256</ele></trkpt>
      <trkpt lat="47.063941" lon="10.315983"><ele>2251</ele></trkpt>
      <trkpt lat="47.064015" lon="10.315902"><ele>2250</ele></trkpt>
      <trkpt lat="47.064112" lon="10.315823"><ele>2249</ele></trkpt>
      <trkpt lat="47.064101" lon="10.316268"><ele>2236</ele></trkpt>
      <trkpt lat="47.064072" lon="10.316427"><ele>2233</ele></trkpt>
      <trkpt lat="47.064180" lon="10.316583"><ele>2226</ele></trkpt>
      <trkpt lat="47.064180" lon="10.316836"><ele>2221</ele></trkpt>
      <trkpt lat="47.064413" lon="10.317227"><ele>2217</ele></trkpt>
      <trkpt lat="47.064436" lon="10.317400"><ele>2213</ele></trkpt>
      <trkpt lat="47.064562" lon="10.317545"><ele>2210</ele></trkpt>
      <trkpt lat="47.064625" lon="10.318181"><ele>2200</ele></trkpt>
      <trkpt lat="47.064555" lon="10.318542"><ele>2196</ele></trkpt>
      <trkpt lat="47.064364" lon="10.318732"><ele>2190</ele></trkpt>
      <trkpt lat="47.064226" lon="10.318985"><ele>2184</ele></trkpt>
      <trkpt lat="47.064168" lon="10.319136"><ele>2182</ele></trkpt>
      <trkpt lat="47.064207" lon="10.319168"><ele>2183</ele></trkpt>
      <trkpt lat="47.064157" lon="10.319268"><ele>2178</ele></trkpt>
      <trkpt lat="47.064081" lon="10.319257"><ele>2173</ele></trkpt>
      <trkpt lat="47.064078" lon="10.319337"><ele>2170</ele></trkpt>
      <trkpt lat="47.064157" lon="10.319438"><ele>2172</ele></trkpt>
      <trkpt lat="47.064092" lon="10.319495"><ele>2166</ele></trkpt>
      <trkpt lat="47.064050" lon="10.319501"><ele>2163</ele></trkpt>
      <trkpt lat="47.064049" lon="10.319589"><ele>2160</ele></trkpt>
      <trkpt lat="47.064095" lon="10.319612"><ele>2162</ele></trkpt>
      <trkpt lat="47.064160" lon="10.319874"><ele>2155</ele></trkpt>
      <trkpt lat="47.064379" lon="10.320083"><ele>2148</ele></trkpt>
      <trkpt lat="47.064495" lon="10.320236"><ele>2142</ele></trkpt>
      <trkpt lat="47.064592" lon="10.320300"><ele>2140</ele></trkpt>
      <trkpt lat="47.064726" lon="10.320367"><ele>2137</ele></trkpt>
      <trkpt lat="47.064798" lon="10.320448"><ele>2136</ele></trkpt>
      <trkpt lat="47.064866" lon="10.320622"><ele>2133</ele></trkpt>
      <trkpt lat="47.064873" lon="10.320804"><ele>2129</ele></trkpt>
      <trkpt lat="47.064940" lon="10.320978"><ele>2127</ele></trkpt>
      <trkpt lat="47.064999" lon="10.321013"><ele>2128</ele></trkpt>
      <trkpt lat="47.065026" lon="10.321085"><ele>2128</ele></trkpt>
      <trkpt lat="47.064996" lon="10.321136"><ele>2126</ele></trkpt>
      <trkpt lat="47.064930" lon="10.321204"><ele>2124</ele></trkpt>
      <trkpt lat="47.064884" lon="10.321285"><ele>2123</ele></trkpt>
      <trkpt lat="47.064842" lon="10.321413"><ele>2122</ele></trkpt>
      <trkpt lat="47.064809" lon="10.321556"><ele>2121</ele></trkpt>
      <trkpt lat="47.064722" lon="10.321778"><ele>2119</ele></trkpt>
      <trkpt lat="47.064669" lon="10.321886"><ele>2117</ele></trkpt>
      <trkpt lat="47.064615" lon="10.321963"><ele>2115</ele></trkpt>
      <trkpt lat="47.064579" lon="10.321968"><ele>2113</ele></trkpt>
      <trkpt lat="47.064420" lon="10.322432"><ele>2108</ele></trkpt>
      <trkpt lat="47.064390" lon="10.322544"><ele>2106</ele></trkpt>
      <trkpt lat="47.064373" lon="10.322656"><ele>2106</ele></trkpt>
      <trkpt lat="47.064359" lon="10.322820"><ele>2104</ele></trkpt>
      <trkpt lat="47.064403" lon="10.323163"><ele>2101</ele></trkpt>
      <trkpt lat="47.064449" lon="10.323389"><ele>2099</ele></trkpt>
      <trkpt lat="47.064451" lon="10.323542"><ele>2096</ele></trkpt>
      <trkpt lat="47.064474" lon="10.323645"><ele>2095</ele></trkpt>
      <trkpt lat="47.064513" lon="10.323763"><ele>2094</ele></trkpt>
      <trkpt lat="47.064554" lon="10.323935"><ele>2092</ele></trkpt>
      <trkpt lat="47.064565" lon="10.324011"><ele>2091</ele></trkpt>
      <trkpt lat="47.064569" lon="10.324152"><ele>2089</ele></trkpt>
      <trkpt lat="47.064588" lon="10.324281"><ele>2086</ele></trkpt>
      <trkpt lat="47.064613" lon="10.324377"><ele>2084</ele></trkpt>
      <trkpt lat="47.064652" lon="10.324448"><ele>2083</ele></trkpt>
      <trkpt lat="47.064679" lon="10.324460"><ele>2083</ele></trkpt>
      <trkpt lat="47.064709" lon="10.324458"><ele>2083</ele></trkpt>
      <trkpt lat="47.064763" lon="10.324427"><ele>2085</ele></trkpt>
      <trkpt lat="47.064818" lon="10.324427"><ele>2086</ele></trkpt>
      <trkpt lat="47.064847" lon="10.324449"><ele>2086</ele></trkpt>
      <trkpt lat="47.064882" lon="10.324490"><ele>2085</ele></trkpt>
      <trkpt lat="47.064930" lon="10.324571"><ele>2083</ele></trkpt>
      <trkpt lat="47.064966" lon="10.324662"><ele>2080</ele></trkpt>
      <trkpt lat="47.065034" lon="10.324859"><ele>2076</ele></trkpt>
      <trkpt lat="47.065123" lon="10.325003"><ele>2074</ele></trkpt>
      <trkpt lat="47.065197" lon="10.325196"><ele>2070</ele></trkpt>
      <trkpt lat="47.065232" lon="10.325257"><ele>2069</ele></trkpt>
      <trkpt lat="47.065268" lon="10.325300"><ele>2069</ele></trkpt>
      <trkpt lat="47.065433" lon="10.325456"><ele>2068</ele></trkpt>
      <trkpt lat="47.065490" lon="10.325542"><ele>2066</ele></trkpt>
      <trkpt lat="47.065667" lon="10.325867"><ele>2059</ele></trkpt>
      <trkpt lat="47.065762" lon="10.325973"><ele>2059</ele></trkpt>
      <trkpt lat="47.065771" lon="10.326016"><ele>2058</ele></trkpt>
      <trkpt lat="47.065769" lon="10.326083"><ele>2056</ele></trkpt>
      <trkpt lat="47.065775" lon="10.326146"><ele>2055</ele></trkpt>
      <trkpt lat="47.065815" lon="10.326330"><ele>2052</ele></trkpt>
      <trkpt lat="47.065849" lon="10.326421"><ele>2052</ele></trkpt>
      <trkpt lat="47.065872" lon="10.326514"><ele>2052</ele></trkpt>
      <trkpt lat="47.065935" lon="10.327108"><ele>2045</ele></trkpt>
      <trkpt lat="47.065955" lon="10.327460"><ele>2042</ele></trkpt>
      <trkpt lat="47.065932" lon="10.327539"><ele>2040</ele></trkpt>
      <trkpt lat="47.065866" lon="10.327673"><ele>2037</ele></trkpt>
      <trkpt lat="47.065851" lon="10.327736"><ele>2036</ele></trkpt>
      <trkpt lat="47.065842" lon="10.327830"><ele>2035</ele></trkpt>
      <trkpt lat="47.065842" lon="10.327933"><ele>2035</ele></trkpt>
      <trkpt lat="47.065793" lon="10.328119"><ele>2033</ele></trkpt>
      <trkpt lat="47.065790" lon="10.328167"><ele>2032</ele></trkpt>
      <trkpt lat="47.065827" lon="10.328318"><ele>2032</ele></trkpt>
      <trkpt lat="47.065825" lon="10.328351"><ele>2031</ele></trkpt>
      <trkpt lat="47.065803" lon="10.328358"><ele>2030</ele></trkpt>
      <trkpt lat="47.065776" lon="10.328346"><ele>2030</ele></trkpt>
      <trkpt lat="47.065754" lon="10.328316"><ele>2029</ele></trkpt>
      <trkpt lat="47.065727" lon="10.328273"><ele>2029</ele></trkpt>
      <trkpt lat="47.065616" lon="10.328044"><ele>2027</ele></trkpt>
      <trkpt lat="47.065609" lon="10.327995"><ele>2026</ele></trkpt>
      <trkpt lat="47.065617" lon="10.327880"><ele>2026</ele></trkpt>
      <trkpt lat="47.065614" lon="10.327844"><ele>2026</ele></trkpt>
      <trkpt lat="47.065607" lon="10.327823"><ele>2026</ele></trkpt>
      <trkpt lat="47.065593" lon="10.327812"><ele>2026</ele></trkpt>
      <trkpt lat="47.065577" lon="10.327807"><ele>2025</ele></trkpt>
      <trkpt lat="47.065526" lon="10.327856"><ele>2023</ele></trkpt>
      <trkpt lat="47.065474" lon="10.327934"><ele>2022</ele></trkpt>
      <trkpt lat="47.065452" lon="10.327994"><ele>2021</ele></trkpt>
      <trkpt lat="47.065426" lon="10.328131"><ele>2020</ele></trkpt>
      <trkpt lat="47.065371" lon="10.328736"><ele>2011</ele></trkpt>
      <trkpt lat="47.065369" lon="10.328989"><ele>2007</ele></trkpt>
      <trkpt lat="47.065376" lon="10.329043"><ele>2006</ele></trkpt>
      <trkpt lat="47.065401" lon="10.329104"><ele>2006</ele></trkpt>
      <trkpt lat="47.065551" lon="10.329340"><ele>2002</ele></trkpt>
      <trkpt lat="47.065655" lon="10.329556"><ele>2000</ele></trkpt>
      <trkpt lat="47.065705" lon="10.329695"><ele>1997</ele></trkpt>
      <trkpt lat="47.065730" lon="10.329842"><ele>1995</ele></trkpt>
      <trkpt lat="47.065740" lon="10.330009"><ele>1993</ele></trkpt>
      <trkpt lat="47.065735" lon="10.330230"><ele>1990</ele></trkpt>
      <trkpt lat="47.065767" lon="10.330457"><ele>1987</ele></trkpt>
      <trkpt lat="47.065765" lon="10.330512"><ele>1986</ele></trkpt>
      <trkpt lat="47.065753" lon="10.330591"><ele>1985</ele></trkpt>
      <trkpt lat="47.065675" lon="10.330883"><ele>1981</ele></trkpt>
      <trkpt lat="47.065665" lon="10.330957"><ele>1980</ele></trkpt>
      <trkpt lat="47.065664" lon="10.331273"><ele>1976</ele></trkpt>
      <trkpt lat="47.065643" lon="10.331455"><ele>1974</ele></trkpt>
      <trkpt lat="47.065613" lon="10.331557"><ele>1972</ele></trkpt>
      <trkpt lat="47.065561" lon="10.331648"><ele>1970</ele></trkpt>
      <trkpt lat="47.065511" lon="10.331689"><ele>1969</ele></trkpt>
      <trkpt lat="47.065391" lon="10.331742"><ele>1966</ele></trkpt>
      <trkpt lat="47.065273" lon="10.331890"><ele>1963</ele></trkpt>
      <trkpt lat="47.065086" lon="10.332158"><ele>1956</ele></trkpt>
      <trkpt lat="47.064963" lon="10.332320"><ele>1952</ele></trkpt>
      <trkpt lat="47.064819" lon="10.332485"><ele>1948</ele></trkpt>
      <trkpt lat="47.064778" lon="10.332541"><ele>1946</ele></trkpt>
      <trkpt lat="47.064742" lon="10.332615"><ele>1944</ele></trkpt>
      <trkpt lat="47.064720" lon="10.332682"><ele>1944</ele></trkpt>
      <trkpt lat="47.064637" lon="10.333079"><ele>1940</ele></trkpt>
      <trkpt lat="47.064628" lon="10.333103"><ele>1940</ele></trkpt>
      <trkpt lat="47.064593" lon="10.333145"><ele>1940</ele></trkpt>
      <trkpt lat="47.064552" lon="10.333178"><ele>1940</ele></trkpt>
      <trkpt lat="47.064543" lon="10.333197"><ele>1941</ele></trkpt>
      <trkpt lat="47.064542" lon="10.333226"><ele>1941</ele></trkpt>
      <trkpt lat="47.064563" lon="10.333316"><ele>1940</ele></trkpt>
      <trkpt lat="47.064616" lon="10.333390"><ele>1938</ele></trkpt>
      <trkpt lat="47.064704" lon="10.333601"><ele>1932</ele></trkpt>
      <trkpt lat="47.064848" lon="10.333878"><ele>1930</ele></trkpt>
      <trkpt lat="47.064893" lon="10.334019"><ele>1926</ele></trkpt>
      <trkpt lat="47.064916" lon="10.334197"><ele>1924</ele></trkpt>
      <trkpt lat="47.064916" lon="10.334282"><ele>1922</ele></trkpt>
      <trkpt lat="47.064900" lon="10.334390"><ele>1921</ele></trkpt>
      <trkpt lat="47.064869" lon="10.334496"><ele>1920</ele></trkpt>
      <trkpt lat="47.064854" lon="10.334593"><ele>1920</ele></trkpt>
      <trkpt lat="47.064854" lon="10.334723"><ele>1918</ele></trkpt>
      <trkpt lat="47.064871" lon="10.334920"><ele>1916</ele></trkpt>
      <trkpt lat="47.064939" lon="10.335423"><ele>1909</ele></trkpt>
      <trkpt lat="47.065035" lon="10.335709"><ele>1905</ele></trkpt>
      <trkpt lat="47.065030" lon="10.335945"><ele>1904</ele></trkpt>
      <trkpt lat="47.065122" lon="10.336486"><ele>1896</ele></trkpt>
      <trkpt lat="47.065162" lon="10.336620"><ele>1893</ele></trkpt>
      <trkpt lat="47.065194" lon="10.336690"><ele>1891</ele></trkpt>
      <trkpt lat="47.065212" lon="10.336754"><ele>1890</ele></trkpt>
      <trkpt lat="47.065217" lon="10.336862"><ele>1889</ele></trkpt>
      <trkpt lat="47.065214" lon="10.337001"><ele>1888</ele></trkpt>
      <trkpt lat="47.065199" lon="10.337148"><ele>1886</ele></trkpt>
      <trkpt lat="47.065158" lon="10.337267"><ele>1886</ele></trkpt>
      <trkpt lat="47.065063" lon="10.337373"><ele>1886</ele></trkpt>
      <trkpt lat="47.064963" lon="10.337554"><ele>1882</ele></trkpt>
      <trkpt lat="47.064919" lon="10.337574"><ele>1881</ele></trkpt>
      <trkpt lat="47.064887" lon="10.337569"><ele>1881</ele></trkpt>
      <trkpt lat="47.064766" lon="10.337479"><ele>1883</ele></trkpt>
      <trkpt lat="47.064723" lon="10.337455"><ele>1884</ele></trkpt>
      <trkpt lat="47.064679" lon="10.337453"><ele>1884</ele></trkpt>
      <trkpt lat="47.064616" lon="10.337480"><ele>1884</ele></trkpt>
      <trkpt lat="47.064554" lon="10.337549"><ele>1882</ele></trkpt>
      <trkpt lat="47.064486" lon="10.337694"><ele>1878</ele></trkpt>
      <trkpt lat="47.064391" lon="10.337846"><ele>1877</ele></trkpt>
      <trkpt lat="47.064389" lon="10.337876"><ele>1876</ele></trkpt>
      <trkpt lat="47.064398" lon="10.337894"><ele>1875</ele></trkpt>
      <trkpt lat="47.064416" lon="10.337901"><ele>1874</ele></trkpt>
      <trkpt lat="47.064441" lon="10.337896"><ele>1873</ele></trkpt>
      <trkpt lat="47.064526" lon="10.337839"><ele>1873</ele></trkpt>
      <trkpt lat="47.064559" lon="10.337784"><ele>1874</ele></trkpt>
      <trkpt lat="47.064602" lon="10.337739"><ele>1875</ele></trkpt>
      <trkpt lat="47.064647" lon="10.337729"><ele>1874</ele></trkpt>
      <trkpt lat="47.064693" lon="10.337743"><ele>1873</ele></trkpt>
      <trkpt lat="47.064772" lon="10.337816"><ele>1870</ele></trkpt>
      <trkpt lat="47.064885" lon="10.337965"><ele>1866</ele></trkpt>
      <trkpt lat="47.064970" lon="10.339072"><ele>1827</ele></trkpt>
      <trkpt lat="47.064943" lon="10.340035"><ele>1798</ele></trkpt>
      <trkpt lat="47.064692" lon="10.341590"><ele>1763</ele></trkpt>
      <trkpt lat="47.064245" lon="10.342123"><ele>1764</ele></trkpt>
      <trkpt lat="47.064054" lon="10.343268"><ele>1744</ele></trkpt>
      <trkpt lat="47.064013" lon="10.343910"><ele>1730</ele></trkpt>
      <trkpt lat="47.063849" lon="10.344954"><ele>1713</ele></trkpt>
      <trkpt lat="47.063657" lon="10.345837"><ele>1690</ele></trkpt>
      <trkpt lat="47.063469" lon="10.346348"><ele>1675</ele></trkpt>
      <trkpt lat="47.063042" lon="10.346942"><ele>1665</ele></trkpt>
      <trkpt lat="47.062508" lon="10.347865"><ele>1643</ele></trkpt>
      <trkpt lat="47.062030" lon="10.348708"><ele>1623</ele></trkpt>
      <trkpt lat="47.061811" lon="10.349230"><ele>1608</ele></trkpt>
      <trkpt lat="47.061483" lon="10.349792"><ele>1588</ele></trkpt>
      <trkpt lat="47.061223" lon="10.350154"><ele>1579</ele></trkpt>
      <trkpt lat="47.060840" lon="10.350575"><ele>1572</ele></trkpt>
      <trkpt lat="47.059992" lon="10.351158"><ele>1544</ele></trkpt>
      <trkpt lat="47.059590" lon="10.351555"><ele>1516</ele></trkpt>
      <trkpt lat="47.059679" lon="10.351615"><ele>1515</ele></trkpt>
      <trkpt lat="47.059702" lon="10.351705"><ele>1514</ele></trkpt>
      <trkpt lat="47.059712" lon="10.351797"><ele>1516</ele></trkpt>
      <trkpt lat="47.059663" lon="10.351897"><ele>1516</ele></trkpt>
      <trkpt lat="47.059529" lon="10.352027"><ele>1517</ele></trkpt>
      <trkpt lat="47.059354" lon="10.352110"><ele>1516</ele></trkpt>
      <trkpt lat="47.059222" lon="10.352123"><ele>1512</ele></trkpt>
      <trkpt lat="47.059160" lon="10.352161"><ele>1512</ele></trkpt>
      <trkpt lat="47.059092" lon="10.352218"><ele>1511</ele></trkpt>
      <trkpt lat="47.059032" lon="10.352302"><ele>1513</ele></trkpt>
      <trkpt lat="47.058963" lon="10.352351"><ele>1512</ele></trkpt>
      <trkpt lat="47.058848" lon="10.352386"><ele>1509</ele></trkpt>
      <trkpt lat="47.058771" lon="10.352394"><ele>1506</ele></trkpt>
      <trkpt lat="47.058691" lon="10.352431"><ele>1504</ele></trkpt>
      <trkpt lat="47.057891" lon="10.353019"><ele>1496</ele></trkpt>
      <trkpt lat="47.057797" lon="10.353122"><ele>1492</ele></trkpt>
      <trkpt lat="47.057782" lon="10.353193"><ele>1492</ele></trkpt>
      <trkpt lat="47.057812" lon="10.353289"><ele>1493</ele></trkpt>
      <trkpt lat="47.057898" lon="10.353476"><ele>1493</ele></trkpt>
      <trkpt lat="47.057943" lon="10.353639"><ele>1491</ele></trkpt>
      <trkpt lat="47.057963" lon="10.353771"><ele>1490</ele></trkpt>
      <trkpt lat="47.058018" lon="10.354037"><ele>1489</ele></trkpt>
      <trkpt lat="47.058027" lon="10.354224"><ele>1487</ele></trkpt>
      <trkpt lat="47.057967" lon="10.354111"><ele>1485</ele></trkpt>
      <trkpt lat="47.057780" lon="10.353647"><ele>1482</ele></trkpt>
      <trkpt lat="47.057625" lon="10.353457"><ele>1482</ele></trkpt>
      <trkpt lat="47.057354" lon="10.353345"><ele>1477</ele></trkpt>
      <trkpt lat="47.057245" lon="10.353312"><ele>1475</ele></trkpt>
      <trkpt lat="47.057198" lon="10.353344"><ele>1474</ele></trkpt>
      <trkpt lat="47.057169" lon="10.353401"><ele>1472</ele></trkpt>
      <trkpt lat="47.057164" lon="10.353479"><ele>1472</ele></trkpt>
      <trkpt lat="47.057185" lon="10.353533"><ele>1471</ele></trkpt>
      <trkpt lat="47.057267" lon="10.353643"><ele>1471</ele></trkpt>
      <trkpt lat="47.057419" lon="10.353817"><ele>1470</ele></trkpt>
      <trkpt lat="47.057577" lon="10.354152"><ele>1467</ele></trkpt>
      <trkpt lat="47.057656" lon="10.354561"><ele>1463</ele></trkpt>
      <trkpt lat="47.057724" lon="10.354850"><ele>1462</ele></trkpt>
      <trkpt lat="47.057721" lon="10.355066"><ele>1460</ele></trkpt>
      <trkpt lat="47.057633" lon="10.355793"><ele>1452</ele></trkpt>
      <trkpt lat="47.057639" lon="10.355942"><ele>1451</ele></trkpt>
      <trkpt lat="47.057738" lon="10.356455"><ele>1446</ele></trkpt>
      <trkpt lat="47.057902" lon="10.356822"><ele>1441</ele></trkpt>
      <trkpt lat="47.057868" lon="10.356820"><ele>1440</ele></trkpt>
      <trkpt lat="47.057750" lon="10.356728"><ele>1438</ele></trkpt>
      <trkpt lat="47.057678" lon="10.356685"><ele>1434</ele></trkpt>
      <trkpt lat="47.057639" lon="10.356638"><ele>1433</ele></trkpt>
      <trkpt lat="47.057544" lon="10.356586"><ele>1428</ele></trkpt>
      <trkpt lat="47.057506" lon="10.356530"><ele>1428</ele></trkpt>
      <trkpt lat="47.057447" lon="10.356504"><ele>1424</ele></trkpt>
      <trkpt lat="47.057430" lon="10.356484"><ele>1424</ele></trkpt>
      <trkpt lat="47.057419" lon="10.356456"><ele>1424</ele></trkpt>
      <trkpt lat="47.057374" lon="10.356424"><ele>1422</ele></trkpt>
      <trkpt lat="47.057253" lon="10.356364"><ele>1415</ele></trkpt>
      <trkpt lat="47.057205" lon="10.356294"><ele>1414</ele></trkpt>
      <trkpt lat="47.057167" lon="10.356288"><ele>1413</ele></trkpt>
      <trkpt lat="47.057104" lon="10.356234"><ele>1412</ele></trkpt>
      <trkpt lat="47.057079" lon="10.356247"><ele>1412</ele></trkpt>
      <trkpt lat="47.057065" lon="10.356271"><ele>1410</ele></trkpt>
      <trkpt lat="47.057054" lon="10.356348"><ele>1408</ele></trkpt>
      <trkpt lat="47.057032" lon="10.356419"><ele>1406</ele></trkpt>
      <trkpt lat="47.057028" lon="10.356559"><ele>1402</ele></trkpt>
      <trkpt lat="47.057016" lon="10.356616"><ele>1401</ele></trkpt>
      <trkpt lat="47.057026" lon="10.356802"><ele>1396</ele></trkpt>
      <trkpt lat="47.057025" lon="10.356886"><ele>1394</ele></trkpt>
      <trkpt lat="47.057040" lon="10.356940"><ele>1392</ele></trkpt>
      <trkpt lat="47.057001" lon="10.356991"><ele>1390</ele></trkpt>
      <trkpt lat="47.056964" lon="10.357006"><ele>1388</ele></trkpt>
      <trkpt lat="47.056945" lon="10.357033"><ele>1387</ele></trkpt>
      <trkpt lat="47.056938" lon="10.357059"><ele>1386</ele></trkpt>
      <trkpt lat="47.056939" lon="10.357137"><ele>1383</ele></trkpt>
      <trkpt lat="47.056929" lon="10.357288"><ele>1377</ele></trkpt>
      <trkpt lat="47.056919" lon="10.357328"><ele>1375</ele></trkpt>
      <trkpt lat="47.056884" lon="10.357357"><ele>1373</ele></trkpt>
      <trkpt lat="47.056843" lon="10.357374"><ele>1371</ele></trkpt>
      <trkpt lat="47.056802" lon="10.357367"><ele>1370</ele></trkpt>
      <trkpt lat="47.056743" lon="10.357337"><ele>1370</ele></trkpt>
      <trkpt lat="47.056709" lon="10.357309"><ele>1370</ele></trkpt>
      <trkpt lat="47.056509" lon="10.357238"><ele>1364</ele></trkpt>
      <trkpt lat="47.056366" lon="10.357241"><ele>1358</ele></trkpt>
      <trkpt lat="47.056313" lon="10.357229"><ele>1356</ele></trkpt>
      <trkpt lat="47.056258" lon="10.357247"><ele>1353</ele></trkpt>
      <trkpt lat="47.056169" lon="10.357224"><ele>1351</ele></trkpt>
      <trkpt lat="47.056122" lon="10.357186"><ele>1350</ele></trkpt>
      <trkpt lat="47.056099" lon="10.357181"><ele>1350</ele></trkpt>
      <trkpt lat="47.056088" lon="10.357203"><ele>1349</ele></trkpt>
      <trkpt lat="47.056546" lon="10.358055"><ele>1340</ele></trkpt>
      <trkpt lat="47.056704" lon="10.358402"><ele>1334</ele></trkpt>
      <trkpt lat="47.057089" lon="10.359621"><ele>1320</ele></trkpt>
      <trkpt lat="47.057225" lon="10.360122"><ele>1314</ele></trkpt>
      <trkpt lat="47.057346" lon="10.360409"><ele>1310</ele></trkpt>
      <trkpt lat="47.057491" lon="10.360614"><ele>1308</ele></trkpt>
      <trkpt lat="47.057660" lon="10.360813"><ele>1306</ele></trkpt>
      <trkpt lat="47.058032" lon="10.361286"><ele>1299</ele></trkpt>
      <trkpt lat="47.058086" lon="10.361365"><ele>1298</ele></trkpt>
      <trkpt lat="47.058132" lon="10.361505"><ele>1298</ele></trkpt>
      <trkpt lat="47.058144" lon="10.361593"><ele>1297</ele></trkpt>
      <trkpt lat="47.058130" lon="10.361654"><ele>1294</ele></trkpt>
      <trkpt lat="47.058436" lon="10.362874"><ele>1292</ele></trkpt>
      <trkpt lat="47.058516" lon="10.363085"><ele>1292</ele></trkpt>
      <trkpt lat="47.058608" lon="10.363268"><ele>1291</ele></trkpt>
      <trkpt lat="47.059137" lon="10.364128"><ele>1289</ele></trkpt>
      <trkpt lat="47.059246" lon="10.364318"><ele>1290</ele></trkpt>
      <trkpt lat="47.059335" lon="10.364533"><ele>1289</ele></trkpt>
      <trkpt lat="47.059518" lon="10.365071"><ele>1291</ele></trkpt>
      <trkpt lat="47.059558" lon="10.365142"><ele>1291</ele></trkpt>
      <trkpt lat="47.059650" lon="10.365256"><ele>1291</ele></trkpt>
      <trkpt lat="47.059738" lon="10.365414"><ele>1291</ele></trkpt>
      <trkpt lat="47.059958" lon="10.365816"><ele>1288</ele></trkpt>
      <trkpt lat="47.060023" lon="10.365975"><ele>1287</ele></trkpt>
      <trkpt lat="47.060065" lon="10.366105"><ele>1286</ele></trkpt>
      <trkpt lat="47.060135" lon="10.366359"><ele>1281</ele></trkpt>
      <trkpt lat="47.060251" lon="10.366545"><ele>1280</ele></trkpt>
      <trkpt lat="47.060496" lon="10.366895"><ele>1278</ele></trkpt>
      <trkpt lat="47.060904" lon="10.367368"><ele>1274</ele></trkpt>
      <trkpt lat="47.061300" lon="10.368448"><ele>1271</ele></trkpt>
      <trkpt lat="47.061350" lon="10.368623"><ele>1270</ele></trkpt>
      <trkpt lat="47.061376" lon="10.368971"><ele>1270</ele></trkpt>
      <trkpt lat="47.061381" lon="10.369183"><ele>1269</ele></trkpt>
      <trkpt lat="47.061394" lon="10.369293"><ele>1269</ele></trkpt>
      <trkpt lat="47.061558" lon="10.369964"><ele>1268</ele></trkpt>
      <trkpt lat="47.061627" lon="10.370235"><ele>1266</ele></trkpt>
      <trkpt lat="47.061675" lon="10.370501"><ele>1265</ele></trkpt>
      <trkpt lat="47.061708" lon="10.370661"><ele>1266</ele></trkpt>
      <trkpt lat="47.061841" lon="10.371066"><ele>1264</ele></trkpt>
      <trkpt lat="47.061967" lon="10.371249"><ele>1264</ele></trkpt>
      <trkpt lat="47.062100" lon="10.371474"><ele>1263</ele></trkpt>
      <trkpt lat="47.062145" lon="10.371567"><ele>1262</ele></trkpt>
      <trkpt lat="47.062179" lon="10.371668"><ele>1260</ele></trkpt>
      <trkpt lat="47.062196" lon="10.371761"><ele>1261</ele></trkpt>
      <trkpt lat="47.062214" lon="10.372216"><ele>1263</ele></trkpt>
      <trkpt lat="47.062235" lon="10.372378"><ele>1263</ele></trkpt>
      <trkpt lat="47.062278" lon="10.372559"><ele>1262</ele></trkpt>
      <trkpt lat="47.062357" lon="10.372784"><ele>1261</ele></trkpt>
      <trkpt lat="47.062487" lon="10.373099"><ele>1265</ele></trkpt>
      <trkpt lat="47.062581" lon="10.373349"><ele>1266</ele></trkpt>
      <trkpt lat="47.062662" lon="10.373566"><ele>1268</ele></trkpt>
      <trkpt lat="47.062702" lon="10.373672"><ele>1268</ele></trkpt>
      <trkpt lat="47.063009" lon="10.374514"><ele>1265</ele></trkpt>
      <trkpt lat="47.063033" lon="10.374763"><ele>1263</ele></trkpt>
      <trkpt lat="47.063108" lon="10.374987"><ele>1264</ele></trkpt>
      <trkpt lat="47.063175" lon="10.375268"><ele>1260</ele></trkpt>
      <trkpt lat="47.063252" lon="10.375595"><ele>1260</ele></trkpt>
  </trkseg></trk>
  <trk><name>Edmund-Graf-Hütte naar Pettneu</name><trkseg>
      <trkpt lat="47.105967" lon="10.355838"><ele>2375</ele></trkpt>
      <trkpt lat="47.105967" lon="10.355834"><ele>2375</ele></trkpt>
      <trkpt lat="47.105876" lon="10.355862"><ele>2374</ele></trkpt>
      <trkpt lat="47.105840" lon="10.355872"><ele>2373</ele></trkpt>
      <trkpt lat="47.105796" lon="10.355903"><ele>2372</ele></trkpt>
      <trkpt lat="47.105692" lon="10.356062"><ele>2368</ele></trkpt>
      <trkpt lat="47.105660" lon="10.356139"><ele>2368</ele></trkpt>
      <trkpt lat="47.105639" lon="10.356169"><ele>2367</ele></trkpt>
      <trkpt lat="47.105589" lon="10.356318"><ele>2366</ele></trkpt>
      <trkpt lat="47.105566" lon="10.356359"><ele>2365</ele></trkpt>
      <trkpt lat="47.105553" lon="10.356368"><ele>2365</ele></trkpt>
      <trkpt lat="47.105420" lon="10.356387"><ele>2362</ele></trkpt>
      <trkpt lat="47.105390" lon="10.356380"><ele>2361</ele></trkpt>
      <trkpt lat="47.105362" lon="10.356348"><ele>2360</ele></trkpt>
      <trkpt lat="47.105354" lon="10.356296"><ele>2359</ele></trkpt>
      <trkpt lat="47.105333" lon="10.356297"><ele>2358</ele></trkpt>
      <trkpt lat="47.105293" lon="10.356326"><ele>2358</ele></trkpt>
      <trkpt lat="47.105277" lon="10.356322"><ele>2358</ele></trkpt>
      <trkpt lat="47.105195" lon="10.356365"><ele>2356</ele></trkpt>
      <trkpt lat="47.105064" lon="10.356456"><ele>2354</ele></trkpt>
      <trkpt lat="47.105040" lon="10.356446"><ele>2354</ele></trkpt>
      <trkpt lat="47.105017" lon="10.356447"><ele>2353</ele></trkpt>
      <trkpt lat="47.104984" lon="10.356482"><ele>2353</ele></trkpt>
      <trkpt lat="47.104962" lon="10.356477"><ele>2352</ele></trkpt>
      <trkpt lat="47.104883" lon="10.356513"><ele>2351</ele></trkpt>
      <trkpt lat="47.104847" lon="10.356513"><ele>2350</ele></trkpt>
      <trkpt lat="47.104769" lon="10.356475"><ele>2348</ele></trkpt>
      <trkpt lat="47.104748" lon="10.356440"><ele>2346</ele></trkpt>
      <trkpt lat="47.104706" lon="10.356414"><ele>2346</ele></trkpt>
      <trkpt lat="47.104709" lon="10.356368"><ele>2345</ele></trkpt>
      <trkpt lat="47.104701" lon="10.356339"><ele>2344</ele></trkpt>
      <trkpt lat="47.104671" lon="10.356307"><ele>2344</ele></trkpt>
      <trkpt lat="47.104666" lon="10.356271"><ele>2344</ele></trkpt>
      <trkpt lat="47.104648" lon="10.356229"><ele>2343</ele></trkpt>
      <trkpt lat="47.104646" lon="10.356206"><ele>2342</ele></trkpt>
      <trkpt lat="47.104657" lon="10.356189"><ele>2342</ele></trkpt>
      <trkpt lat="47.104672" lon="10.356183"><ele>2342</ele></trkpt>
      <trkpt lat="47.104689" lon="10.356156"><ele>2340</ele></trkpt>
      <trkpt lat="47.104677" lon="10.356127"><ele>2340</ele></trkpt>
      <trkpt lat="47.104656" lon="10.356103"><ele>2340</ele></trkpt>
      <trkpt lat="47.104638" lon="10.356044"><ele>2339</ele></trkpt>
      <trkpt lat="47.104632" lon="10.355996"><ele>2338</ele></trkpt>
      <trkpt lat="47.104609" lon="10.355967"><ele>2338</ele></trkpt>
      <trkpt lat="47.104603" lon="10.355942"><ele>2338</ele></trkpt>
      <trkpt lat="47.104604" lon="10.355884"><ele>2337</ele></trkpt>
      <trkpt lat="47.104585" lon="10.355846"><ele>2336</ele></trkpt>
      <trkpt lat="47.104584" lon="10.355809"><ele>2336</ele></trkpt>
      <trkpt lat="47.104591" lon="10.355787"><ele>2335</ele></trkpt>
      <trkpt lat="47.104605" lon="10.355777"><ele>2335</ele></trkpt>
      <trkpt lat="47.104621" lon="10.355733"><ele>2334</ele></trkpt>
      <trkpt lat="47.104644" lon="10.355733"><ele>2333</ele></trkpt>
      <trkpt lat="47.104650" lon="10.355720"><ele>2332</ele></trkpt>
      <trkpt lat="47.104603" lon="10.355611"><ele>2332</ele></trkpt>
      <trkpt lat="47.104601" lon="10.355514"><ele>2330</ele></trkpt>
      <trkpt lat="47.104623" lon="10.355485"><ele>2328</ele></trkpt>
      <trkpt lat="47.104623" lon="10.355469"><ele>2328</ele></trkpt>
      <trkpt lat="47.104603" lon="10.355424"><ele>2328</ele></trkpt>
      <trkpt lat="47.104580" lon="10.355391"><ele>2328</ele></trkpt>
      <trkpt lat="47.104580" lon="10.355375"><ele>2328</ele></trkpt>
      <trkpt lat="47.104633" lon="10.355367"><ele>2326</ele></trkpt>
      <trkpt lat="47.104641" lon="10.355358"><ele>2325</ele></trkpt>
      <trkpt lat="47.104642" lon="10.355326"><ele>2324</ele></trkpt>
      <trkpt lat="47.104654" lon="10.355315"><ele>2324</ele></trkpt>
      <trkpt lat="47.104666" lon="10.355319"><ele>2324</ele></trkpt>
      <trkpt lat="47.104684" lon="10.355344"><ele>2324</ele></trkpt>
      <trkpt lat="47.104713" lon="10.355340"><ele>2322</ele></trkpt>
      <trkpt lat="47.104712" lon="10.355326"><ele>2322</ele></trkpt>
      <trkpt lat="47.104697" lon="10.355281"><ele>2322</ele></trkpt>
      <trkpt lat="47.104698" lon="10.355239"><ele>2321</ele></trkpt>
      <trkpt lat="47.104706" lon="10.355206"><ele>2320</ele></trkpt>
      <trkpt lat="47.104721" lon="10.355188"><ele>2319</ele></trkpt>
      <trkpt lat="47.104711" lon="10.355151"><ele>2318</ele></trkpt>
      <trkpt lat="47.104724" lon="10.355141"><ele>2318</ele></trkpt>
      <trkpt lat="47.104749" lon="10.355147"><ele>2318</ele></trkpt>
      <trkpt lat="47.104761" lon="10.355142"><ele>2318</ele></trkpt>
      <trkpt lat="47.104761" lon="10.355125"><ele>2318</ele></trkpt>
      <trkpt lat="47.104752" lon="10.355098"><ele>2317</ele></trkpt>
      <trkpt lat="47.104768" lon="10.355057"><ele>2316</ele></trkpt>
      <trkpt lat="47.104767" lon="10.355035"><ele>2315</ele></trkpt>
      <trkpt lat="47.104775" lon="10.355023"><ele>2315</ele></trkpt>
      <trkpt lat="47.104792" lon="10.355028"><ele>2315</ele></trkpt>
      <trkpt lat="47.104801" lon="10.355020"><ele>2315</ele></trkpt>
      <trkpt lat="47.104814" lon="10.354913"><ele>2312</ele></trkpt>
      <trkpt lat="47.104825" lon="10.354879"><ele>2311</ele></trkpt>
      <trkpt lat="47.104820" lon="10.354855"><ele>2310</ele></trkpt>
      <trkpt lat="47.104796" lon="10.354815"><ele>2309</ele></trkpt>
      <trkpt lat="47.104801" lon="10.354736"><ele>2306</ele></trkpt>
      <trkpt lat="47.104827" lon="10.354680"><ele>2304</ele></trkpt>
      <trkpt lat="47.104823" lon="10.354600"><ele>2302</ele></trkpt>
      <trkpt lat="47.104810" lon="10.354539"><ele>2302</ele></trkpt>
      <trkpt lat="47.104811" lon="10.354518"><ele>2301</ele></trkpt>
      <trkpt lat="47.104815" lon="10.354478"><ele>2300</ele></trkpt>
      <trkpt lat="47.104825" lon="10.354462"><ele>2299</ele></trkpt>
      <trkpt lat="47.104856" lon="10.354461"><ele>2298</ele></trkpt>
      <trkpt lat="47.104863" lon="10.354426"><ele>2297</ele></trkpt>
      <trkpt lat="47.104858" lon="10.354386"><ele>2296</ele></trkpt>
      <trkpt lat="47.104861" lon="10.354361"><ele>2296</ele></trkpt>
      <trkpt lat="47.104882" lon="10.354308"><ele>2294</ele></trkpt>
      <trkpt lat="47.104878" lon="10.354283"><ele>2293</ele></trkpt>
      <trkpt lat="47.104884" lon="10.354249"><ele>2292</ele></trkpt>
      <trkpt lat="47.104929" lon="10.354173"><ele>2289</ele></trkpt>
      <trkpt lat="47.104938" lon="10.354103"><ele>2288</ele></trkpt>
      <trkpt lat="47.104950" lon="10.354077"><ele>2286</ele></trkpt>
      <trkpt lat="47.104973" lon="10.354050"><ele>2285</ele></trkpt>
      <trkpt lat="47.104974" lon="10.354014"><ele>2284</ele></trkpt>
      <trkpt lat="47.104981" lon="10.354003"><ele>2284</ele></trkpt>
      <trkpt lat="47.104996" lon="10.354009"><ele>2284</ele></trkpt>
      <trkpt lat="47.105018" lon="10.354034"><ele>2284</ele></trkpt>
      <trkpt lat="47.105028" lon="10.354025"><ele>2283</ele></trkpt>
      <trkpt lat="47.105046" lon="10.353962"><ele>2282</ele></trkpt>
      <trkpt lat="47.105055" lon="10.353953"><ele>2281</ele></trkpt>
      <trkpt lat="47.105078" lon="10.353972"><ele>2281</ele></trkpt>
      <trkpt lat="47.105092" lon="10.353956"><ele>2280</ele></trkpt>
      <trkpt lat="47.105091" lon="10.353923"><ele>2279</ele></trkpt>
      <trkpt lat="47.105103" lon="10.353917"><ele>2279</ele></trkpt>
      <trkpt lat="47.105128" lon="10.353939"><ele>2279</ele></trkpt>
      <trkpt lat="47.105143" lon="10.353941"><ele>2278</ele></trkpt>
      <trkpt lat="47.105161" lon="10.353921"><ele>2278</ele></trkpt>
      <trkpt lat="47.105167" lon="10.353903"><ele>2276</ele></trkpt>
      <trkpt lat="47.105162" lon="10.353870"><ele>2276</ele></trkpt>
      <trkpt lat="47.105187" lon="10.353849"><ele>2274</ele></trkpt>
      <trkpt lat="47.105192" lon="10.353835"><ele>2274</ele></trkpt>
      <trkpt lat="47.105187" lon="10.353809"><ele>2273</ele></trkpt>
      <trkpt lat="47.105193" lon="10.353799"><ele>2273</ele></trkpt>
      <trkpt lat="47.105195" lon="10.353758"><ele>2272</ele></trkpt>
      <trkpt lat="47.105211" lon="10.353732"><ele>2270</ele></trkpt>
      <trkpt lat="47.105226" lon="10.353733"><ele>2270</ele></trkpt>
      <trkpt lat="47.105233" lon="10.353724"><ele>2270</ele></trkpt>
      <trkpt lat="47.105223" lon="10.353689"><ele>2269</ele></trkpt>
      <trkpt lat="47.105232" lon="10.353674"><ele>2268</ele></trkpt>
      <trkpt lat="47.105228" lon="10.353602"><ele>2266</ele></trkpt>
      <trkpt lat="47.105234" lon="10.353582"><ele>2266</ele></trkpt>
      <trkpt lat="47.105231" lon="10.353561"><ele>2265</ele></trkpt>
      <trkpt lat="47.105238" lon="10.353509"><ele>2264</ele></trkpt>
      <trkpt lat="47.105220" lon="10.353459"><ele>2263</ele></trkpt>
      <trkpt lat="47.105216" lon="10.353437"><ele>2263</ele></trkpt>
      <trkpt lat="47.105231" lon="10.353399"><ele>2261</ele></trkpt>
      <trkpt lat="47.105233" lon="10.353368"><ele>2260</ele></trkpt>
      <trkpt lat="47.105246" lon="10.353353"><ele>2260</ele></trkpt>
      <trkpt lat="47.105270" lon="10.353355"><ele>2259</ele></trkpt>
      <trkpt lat="47.105279" lon="10.353346"><ele>2258</ele></trkpt>
      <trkpt lat="47.105278" lon="10.353329"><ele>2258</ele></trkpt>
      <trkpt lat="47.105311" lon="10.353207"><ele>2254</ele></trkpt>
      <trkpt lat="47.105330" lon="10.353193"><ele>2254</ele></trkpt>
      <trkpt lat="47.105339" lon="10.353160"><ele>2253</ele></trkpt>
      <trkpt lat="47.105367" lon="10.353168"><ele>2253</ele></trkpt>
      <trkpt lat="47.105390" lon="10.353154"><ele>2252</ele></trkpt>
      <trkpt lat="47.105395" lon="10.353133"><ele>2252</ele></trkpt>
      <trkpt lat="47.105387" lon="10.353116"><ele>2251</ele></trkpt>
      <trkpt lat="47.105390" lon="10.353099"><ele>2250</ele></trkpt>
      <trkpt lat="47.105405" lon="10.353084"><ele>2250</ele></trkpt>
      <trkpt lat="47.105384" lon="10.353040"><ele>2248</ele></trkpt>
      <trkpt lat="47.105391" lon="10.353018"><ele>2248</ele></trkpt>
      <trkpt lat="47.105420" lon="10.352991"><ele>2246</ele></trkpt>
      <trkpt lat="47.105461" lon="10.352992"><ele>2246</ele></trkpt>
      <trkpt lat="47.105481" lon="10.352974"><ele>2244</ele></trkpt>
      <trkpt lat="47.105478" lon="10.352955"><ele>2244</ele></trkpt>
      <trkpt lat="47.105455" lon="10.352924"><ele>2243</ele></trkpt>
      <trkpt lat="47.105450" lon="10.352888"><ele>2242</ele></trkpt>
      <trkpt lat="47.105464" lon="10.352806"><ele>2239</ele></trkpt>
      <trkpt lat="47.105482" lon="10.352767"><ele>2238</ele></trkpt>
      <trkpt lat="47.105505" lon="10.352741"><ele>2236</ele></trkpt>
      <trkpt lat="47.105506" lon="10.352613"><ele>2233</ele></trkpt>
      <trkpt lat="47.105525" lon="10.352580"><ele>2231</ele></trkpt>
      <trkpt lat="47.105554" lon="10.352569"><ele>2230</ele></trkpt>
      <trkpt lat="47.105561" lon="10.352499"><ele>2228</ele></trkpt>
      <trkpt lat="47.105590" lon="10.352383"><ele>2224</ele></trkpt>
      <trkpt lat="47.105608" lon="10.352207"><ele>2220</ele></trkpt>
      <trkpt lat="47.105704" lon="10.351858"><ele>2212</ele></trkpt>
      <trkpt lat="47.105710" lon="10.351736"><ele>2212</ele></trkpt>
      <trkpt lat="47.105766" lon="10.351644"><ele>2205</ele></trkpt>
      <trkpt lat="47.105758" lon="10.351557"><ele>2205</ele></trkpt>
      <trkpt lat="47.105813" lon="10.351258"><ele>2194</ele></trkpt>
      <trkpt lat="47.105843" lon="10.351123"><ele>2190</ele></trkpt>
      <trkpt lat="47.105872" lon="10.351040"><ele>2189</ele></trkpt>
      <trkpt lat="47.105875" lon="10.350975"><ele>2188</ele></trkpt>
      <trkpt lat="47.105974" lon="10.350612"><ele>2180</ele></trkpt>
      <trkpt lat="47.105990" lon="10.350612"><ele>2180</ele></trkpt>
      <trkpt lat="47.106007" lon="10.350655"><ele>2179</ele></trkpt>
      <trkpt lat="47.106006" lon="10.350697"><ele>2179</ele></trkpt>
      <trkpt lat="47.106024" lon="10.350726"><ele>2178</ele></trkpt>
      <trkpt lat="47.106035" lon="10.350776"><ele>2178</ele></trkpt>
      <trkpt lat="47.106054" lon="10.350795"><ele>2177</ele></trkpt>
      <trkpt lat="47.106059" lon="10.350835"><ele>2177</ele></trkpt>
      <trkpt lat="47.106073" lon="10.350846"><ele>2176</ele></trkpt>
      <trkpt lat="47.106139" lon="10.350787"><ele>2173</ele></trkpt>
      <trkpt lat="47.106320" lon="10.350318"><ele>2160</ele></trkpt>
      <trkpt lat="47.106317" lon="10.350126"><ele>2157</ele></trkpt>
      <trkpt lat="47.106368" lon="10.350111"><ele>2154</ele></trkpt>
      <trkpt lat="47.106365" lon="10.349948"><ele>2152</ele></trkpt>
      <trkpt lat="47.106479" lon="10.350003"><ele>2149</ele></trkpt>
      <trkpt lat="47.106503" lon="10.349924"><ele>2146</ele></trkpt>
      <trkpt lat="47.106330" lon="10.349448"><ele>2138</ele></trkpt>
      <trkpt lat="47.106348" lon="10.349224"><ele>2134</ele></trkpt>
      <trkpt lat="47.106377" lon="10.349208"><ele>2132</ele></trkpt>
      <trkpt lat="47.106387" lon="10.349078"><ele>2130</ele></trkpt>
      <trkpt lat="47.106444" lon="10.349061"><ele>2128</ele></trkpt>
      <trkpt lat="47.106501" lon="10.349151"><ele>2128</ele></trkpt>
      <trkpt lat="47.106570" lon="10.349131"><ele>2126</ele></trkpt>
      <trkpt lat="47.106584" lon="10.348568"><ele>2116</ele></trkpt>
      <trkpt lat="47.106601" lon="10.348479"><ele>2115</ele></trkpt>
      <trkpt lat="47.106596" lon="10.348178"><ele>2112</ele></trkpt>
      <trkpt lat="47.106654" lon="10.348011"><ele>2108</ele></trkpt>
      <trkpt lat="47.106651" lon="10.347919"><ele>2106</ele></trkpt>
      <trkpt lat="47.106621" lon="10.347713"><ele>2104</ele></trkpt>
      <trkpt lat="47.106694" lon="10.347190"><ele>2096</ele></trkpt>
      <trkpt lat="47.106644" lon="10.347084"><ele>2096</ele></trkpt>
      <trkpt lat="47.106639" lon="10.346952"><ele>2092</ele></trkpt>
      <trkpt lat="47.106567" lon="10.346782"><ele>2088</ele></trkpt>
      <trkpt lat="47.106684" lon="10.346699"><ele>2085</ele></trkpt>
      <trkpt lat="47.106658" lon="10.346618"><ele>2083</ele></trkpt>
      <trkpt lat="47.106786" lon="10.346563"><ele>2078</ele></trkpt>
      <trkpt lat="47.106818" lon="10.346443"><ele>2075</ele></trkpt>
      <trkpt lat="47.106797" lon="10.346185"><ele>2068</ele></trkpt>
      <trkpt lat="47.106818" lon="10.346089"><ele>2066</ele></trkpt>
      <trkpt lat="47.106885" lon="10.346021"><ele>2064</ele></trkpt>
      <trkpt lat="47.107034" lon="10.346003"><ele>2062</ele></trkpt>
      <trkpt lat="47.107126" lon="10.345858"><ele>2058</ele></trkpt>
      <trkpt lat="47.107117" lon="10.345787"><ele>2057</ele></trkpt>
      <trkpt lat="47.107020" lon="10.345739"><ele>2056</ele></trkpt>
      <trkpt lat="47.107154" lon="10.345605"><ele>2051</ele></trkpt>
      <trkpt lat="47.107195" lon="10.345507"><ele>2047</ele></trkpt>
      <trkpt lat="47.107181" lon="10.345426"><ele>2043</ele></trkpt>
      <trkpt lat="47.107302" lon="10.345332"><ele>2038</ele></trkpt>
      <trkpt lat="47.107441" lon="10.345281"><ele>2034</ele></trkpt>
      <trkpt lat="47.107460" lon="10.345217"><ele>2032</ele></trkpt>
      <trkpt lat="47.107645" lon="10.345047"><ele>2023</ele></trkpt>
      <trkpt lat="47.107773" lon="10.344785"><ele>2017</ele></trkpt>
      <trkpt lat="47.107827" lon="10.344790"><ele>2016</ele></trkpt>
      <trkpt lat="47.107833" lon="10.344689"><ele>2012</ele></trkpt>
      <trkpt lat="47.107770" lon="10.344542"><ele>2008</ele></trkpt>
      <trkpt lat="47.107854" lon="10.344507"><ele>2005</ele></trkpt>
      <trkpt lat="47.107832" lon="10.344390"><ele>2000</ele></trkpt>
      <trkpt lat="47.107898" lon="10.344387"><ele>1999</ele></trkpt>
      <trkpt lat="47.107880" lon="10.344234"><ele>1992</ele></trkpt>
      <trkpt lat="47.107952" lon="10.344240"><ele>1992</ele></trkpt>
      <trkpt lat="47.107956" lon="10.344184"><ele>1990</ele></trkpt>
      <trkpt lat="47.107930" lon="10.344132"><ele>1988</ele></trkpt>
      <trkpt lat="47.107968" lon="10.344064"><ele>1986</ele></trkpt>
      <trkpt lat="47.108018" lon="10.344090"><ele>1987</ele></trkpt>
      <trkpt lat="47.108012" lon="10.343970"><ele>1983</ele></trkpt>
      <trkpt lat="47.108070" lon="10.343982"><ele>1984</ele></trkpt>
      <trkpt lat="47.108088" lon="10.343967"><ele>1982</ele></trkpt>
      <trkpt lat="47.108060" lon="10.343885"><ele>1982</ele></trkpt>
      <trkpt lat="47.108012" lon="10.343843"><ele>1979</ele></trkpt>
      <trkpt lat="47.108016" lon="10.343807"><ele>1978</ele></trkpt>
      <trkpt lat="47.108116" lon="10.343776"><ele>1976</ele></trkpt>
      <trkpt lat="47.108140" lon="10.343750"><ele>1974</ele></trkpt>
      <trkpt lat="47.108118" lon="10.343600"><ele>1970</ele></trkpt>
      <trkpt lat="47.108167" lon="10.343553"><ele>1967</ele></trkpt>
      <trkpt lat="47.108245" lon="10.343207"><ele>1954</ele></trkpt>
      <trkpt lat="47.108199" lon="10.342552"><ele>1937</ele></trkpt>
      <trkpt lat="47.108227" lon="10.342467"><ele>1936</ele></trkpt>
      <trkpt lat="47.108363" lon="10.342373"><ele>1935</ele></trkpt>
      <trkpt lat="47.108401" lon="10.342391"><ele>1933</ele></trkpt>
      <trkpt lat="47.108373" lon="10.342244"><ele>1931</ele></trkpt>
      <trkpt lat="47.108469" lon="10.342141"><ele>1924</ele></trkpt>
      <trkpt lat="47.108499" lon="10.342041"><ele>1920</ele></trkpt>
      <trkpt lat="47.108564" lon="10.341927"><ele>1918</ele></trkpt>
      <trkpt lat="47.108586" lon="10.341870"><ele>1916</ele></trkpt>
      <trkpt lat="47.108583" lon="10.341779"><ele>1914</ele></trkpt>
      <trkpt lat="47.108622" lon="10.341718"><ele>1913</ele></trkpt>
      <trkpt lat="47.108662" lon="10.341695"><ele>1910</ele></trkpt>
      <trkpt lat="47.108682" lon="10.341652"><ele>1908</ele></trkpt>
      <trkpt lat="47.108683" lon="10.341523"><ele>1905</ele></trkpt>
      <trkpt lat="47.108633" lon="10.341538"><ele>1906</ele></trkpt>
      <trkpt lat="47.108561" lon="10.341544"><ele>1906</ele></trkpt>
      <trkpt lat="47.108329" lon="10.341607"><ele>1900</ele></trkpt>
      <trkpt lat="47.108197" lon="10.341537"><ele>1895</ele></trkpt>
      <trkpt lat="47.108102" lon="10.341384"><ele>1890</ele></trkpt>
      <trkpt lat="47.108030" lon="10.341331"><ele>1888</ele></trkpt>
      <trkpt lat="47.108118" lon="10.341240"><ele>1885</ele></trkpt>
      <trkpt lat="47.108267" lon="10.341158"><ele>1881</ele></trkpt>
      <trkpt lat="47.108297" lon="10.341052"><ele>1878</ele></trkpt>
      <trkpt lat="47.108237" lon="10.340973"><ele>1876</ele></trkpt>
      <trkpt lat="47.108359" lon="10.340817"><ele>1871</ele></trkpt>
      <trkpt lat="47.108373" lon="10.340744"><ele>1868</ele></trkpt>
      <trkpt lat="47.108493" lon="10.340759"><ele>1866</ele></trkpt>
      <trkpt lat="47.108509" lon="10.340691"><ele>1863</ele></trkpt>
      <trkpt lat="47.108587" lon="10.340706"><ele>1861</ele></trkpt>
      <trkpt lat="47.108627" lon="10.340612"><ele>1858</ele></trkpt>
      <trkpt lat="47.108677" lon="10.340656"><ele>1857</ele></trkpt>
      <trkpt lat="47.108947" lon="10.340650"><ele>1847</ele></trkpt>
      <trkpt lat="47.109200" lon="10.340691"><ele>1841</ele></trkpt>
      <trkpt lat="47.109418" lon="10.340562"><ele>1834</ele></trkpt>
      <trkpt lat="47.109486" lon="10.340406"><ele>1830</ele></trkpt>
      <trkpt lat="47.109518" lon="10.340383"><ele>1829</ele></trkpt>
      <trkpt lat="47.109554" lon="10.340318"><ele>1827</ele></trkpt>
      <trkpt lat="47.109600" lon="10.340339"><ele>1826</ele></trkpt>
      <trkpt lat="47.109685" lon="10.340220"><ele>1822</ele></trkpt>
      <trkpt lat="47.109822" lon="10.340210"><ele>1818</ele></trkpt>
      <trkpt lat="47.109932" lon="10.340228"><ele>1816</ele></trkpt>
      <trkpt lat="47.109953" lon="10.340213"><ele>1815</ele></trkpt>
      <trkpt lat="47.110004" lon="10.340239"><ele>1814</ele></trkpt>
      <trkpt lat="47.110159" lon="10.340213"><ele>1809</ele></trkpt>
      <trkpt lat="47.110213" lon="10.340224"><ele>1808</ele></trkpt>
      <trkpt lat="47.110276" lon="10.340148"><ele>1806</ele></trkpt>
      <trkpt lat="47.110290" lon="10.340201"><ele>1805</ele></trkpt>
      <trkpt lat="47.110326" lon="10.340272"><ele>1804</ele></trkpt>
      <trkpt lat="47.110345" lon="10.340425"><ele>1804</ele></trkpt>
      <trkpt lat="47.110359" lon="10.340492"><ele>1804</ele></trkpt>
      <trkpt lat="47.110413" lon="10.340594"><ele>1804</ele></trkpt>
      <trkpt lat="47.110477" lon="10.340644"><ele>1804</ele></trkpt>
      <trkpt lat="47.110545" lon="10.340677"><ele>1803</ele></trkpt>
      <trkpt lat="47.110669" lon="10.340666"><ele>1800</ele></trkpt>
      <trkpt lat="47.110784" lon="10.340674"><ele>1800</ele></trkpt>
      <trkpt lat="47.110955" lon="10.340731"><ele>1797</ele></trkpt>
      <trkpt lat="47.111050" lon="10.340826"><ele>1797</ele></trkpt>
      <trkpt lat="47.111198" lon="10.340927"><ele>1796</ele></trkpt>
      <trkpt lat="47.111383" lon="10.341008"><ele>1792</ele></trkpt>
      <trkpt lat="47.111486" lon="10.341008"><ele>1790</ele></trkpt>
      <trkpt lat="47.111615" lon="10.341045"><ele>1790</ele></trkpt>
      <trkpt lat="47.111657" lon="10.341032"><ele>1790</ele></trkpt>
      <trkpt lat="47.111719" lon="10.340977"><ele>1790</ele></trkpt>
      <trkpt lat="47.112077" lon="10.340537"><ele>1782</ele></trkpt>
      <trkpt lat="47.112163" lon="10.340478"><ele>1782</ele></trkpt>
      <trkpt lat="47.112300" lon="10.340430"><ele>1782</ele></trkpt>
      <trkpt lat="47.112361" lon="10.340386"><ele>1781</ele></trkpt>
      <trkpt lat="47.112442" lon="10.340309"><ele>1779</ele></trkpt>
      <trkpt lat="47.112532" lon="10.340286"><ele>1778</ele></trkpt>
      <trkpt lat="47.112614" lon="10.340299"><ele>1777</ele></trkpt>
      <trkpt lat="47.112722" lon="10.340338"><ele>1776</ele></trkpt>
      <trkpt lat="47.112827" lon="10.340324"><ele>1774</ele></trkpt>
      <trkpt lat="47.112971" lon="10.340261"><ele>1770</ele></trkpt>
      <trkpt lat="47.113057" lon="10.340250"><ele>1770</ele></trkpt>
      <trkpt lat="47.113182" lon="10.340198"><ele>1768</ele></trkpt>
      <trkpt lat="47.113268" lon="10.340137"><ele>1765</ele></trkpt>
      <trkpt lat="47.113369" lon="10.340043"><ele>1762</ele></trkpt>
      <trkpt lat="47.113478" lon="10.339989"><ele>1759</ele></trkpt>
      <trkpt lat="47.113600" lon="10.339965"><ele>1758</ele></trkpt>
      <trkpt lat="47.113702" lon="10.339981"><ele>1756</ele></trkpt>
      <trkpt lat="47.113764" lon="10.340045"><ele>1755</ele></trkpt>
      <trkpt lat="47.113812" lon="10.340079"><ele>1754</ele></trkpt>
      <trkpt lat="47.113851" lon="10.340031"><ele>1752</ele></trkpt>
      <trkpt lat="47.113838" lon="10.339965"><ele>1752</ele></trkpt>
      <trkpt lat="47.113773" lon="10.339787"><ele>1749</ele></trkpt>
      <trkpt lat="47.113790" lon="10.339717"><ele>1747</ele></trkpt>
      <trkpt lat="47.113827" lon="10.339701"><ele>1746</ele></trkpt>
      <trkpt lat="47.113888" lon="10.339737"><ele>1746</ele></trkpt>
      <trkpt lat="47.113942" lon="10.339828"><ele>1745</ele></trkpt>
      <trkpt lat="47.114121" lon="10.340647"><ele>1740</ele></trkpt>
      <trkpt lat="47.114249" lon="10.340976"><ele>1740</ele></trkpt>
      <trkpt lat="47.114314" lon="10.341056"><ele>1739</ele></trkpt>
      <trkpt lat="47.114405" lon="10.341127"><ele>1736</ele></trkpt>
      <trkpt lat="47.114552" lon="10.341207"><ele>1733</ele></trkpt>
      <trkpt lat="47.114765" lon="10.341369"><ele>1730</ele></trkpt>
      <trkpt lat="47.114881" lon="10.341423"><ele>1729</ele></trkpt>
      <trkpt lat="47.115039" lon="10.341526"><ele>1727</ele></trkpt>
      <trkpt lat="47.115181" lon="10.341675"><ele>1725</ele></trkpt>
      <trkpt lat="47.115286" lon="10.341831"><ele>1725</ele></trkpt>
      <trkpt lat="47.115364" lon="10.341929"><ele>1725</ele></trkpt>
      <trkpt lat="47.115411" lon="10.341954"><ele>1724</ele></trkpt>
      <trkpt lat="47.115710" lon="10.342006"><ele>1720</ele></trkpt>
      <trkpt lat="47.115945" lon="10.342071"><ele>1717</ele></trkpt>
      <trkpt lat="47.116361" lon="10.342231"><ele>1713</ele></trkpt>
      <trkpt lat="47.116787" lon="10.342491"><ele>1709</ele></trkpt>
      <trkpt lat="47.116910" lon="10.342535"><ele>1707</ele></trkpt>
      <trkpt lat="47.117071" lon="10.342517"><ele>1706</ele></trkpt>
      <trkpt lat="47.117290" lon="10.342420"><ele>1702</ele></trkpt>
      <trkpt lat="47.117370" lon="10.342416"><ele>1701</ele></trkpt>
      <trkpt lat="47.117496" lon="10.342450"><ele>1701</ele></trkpt>
      <trkpt lat="47.117634" lon="10.342470"><ele>1698</ele></trkpt>
      <trkpt lat="47.117925" lon="10.342619"><ele>1697</ele></trkpt>
      <trkpt lat="47.117987" lon="10.342617"><ele>1696</ele></trkpt>
      <trkpt lat="47.118096" lon="10.342567"><ele>1693</ele></trkpt>
      <trkpt lat="47.118174" lon="10.342513"><ele>1692</ele></trkpt>
      <trkpt lat="47.118197" lon="10.342496"><ele>1691</ele></trkpt>
      <trkpt lat="47.118297" lon="10.342458"><ele>1691</ele></trkpt>
      <trkpt lat="47.118397" lon="10.342390"><ele>1691</ele></trkpt>
      <trkpt lat="47.118484" lon="10.342313"><ele>1690</ele></trkpt>
      <trkpt lat="47.118620" lon="10.342242"><ele>1689</ele></trkpt>
      <trkpt lat="47.118689" lon="10.342130"><ele>1688</ele></trkpt>
      <trkpt lat="47.118753" lon="10.341991"><ele>1687</ele></trkpt>
      <trkpt lat="47.118778" lon="10.341935"><ele>1686</ele></trkpt>
      <trkpt lat="47.118817" lon="10.341915"><ele>1686</ele></trkpt>
      <trkpt lat="47.118869" lon="10.341903"><ele>1686</ele></trkpt>
      <trkpt lat="47.118926" lon="10.341917"><ele>1686</ele></trkpt>
      <trkpt lat="47.118943" lon="10.341931"><ele>1686</ele></trkpt>
      <trkpt lat="47.119009" lon="10.341989"><ele>1687</ele></trkpt>
      <trkpt lat="47.119139" lon="10.342008"><ele>1687</ele></trkpt>
      <trkpt lat="47.119244" lon="10.341973"><ele>1686</ele></trkpt>
      <trkpt lat="47.119307" lon="10.341999"><ele>1686</ele></trkpt>
      <trkpt lat="47.119394" lon="10.342094"><ele>1686</ele></trkpt>
      <trkpt lat="47.119448" lon="10.342105"><ele>1686</ele></trkpt>
      <trkpt lat="47.119641" lon="10.342109"><ele>1685</ele></trkpt>
      <trkpt lat="47.119767" lon="10.342148"><ele>1685</ele></trkpt>
      <trkpt lat="47.119915" lon="10.342227"><ele>1683</ele></trkpt>
      <trkpt lat="47.120018" lon="10.342226"><ele>1682</ele></trkpt>
      <trkpt lat="47.120123" lon="10.342186"><ele>1681</ele></trkpt>
      <trkpt lat="47.120195" lon="10.342204"><ele>1680</ele></trkpt>
      <trkpt lat="47.120420" lon="10.342405"><ele>1678</ele></trkpt>
      <trkpt lat="47.120604" lon="10.342412"><ele>1676</ele></trkpt>
      <trkpt lat="47.120698" lon="10.342446"><ele>1675</ele></trkpt>
      <trkpt lat="47.120935" lon="10.342636"><ele>1675</ele></trkpt>
      <trkpt lat="47.121066" lon="10.342692"><ele>1673</ele></trkpt>
      <trkpt lat="47.121228" lon="10.342669"><ele>1670</ele></trkpt>
      <trkpt lat="47.121512" lon="10.342857"><ele>1667</ele></trkpt>
      <trkpt lat="47.121682" lon="10.342984"><ele>1664</ele></trkpt>
      <trkpt lat="47.121768" lon="10.343020"><ele>1662</ele></trkpt>
      <trkpt lat="47.121801" lon="10.342963"><ele>1661</ele></trkpt>
      <trkpt lat="47.121883" lon="10.342867"><ele>1657</ele></trkpt>
      <trkpt lat="47.122002" lon="10.342876"><ele>1653</ele></trkpt>
      <trkpt lat="47.122113" lon="10.342988"><ele>1652</ele></trkpt>
      <trkpt lat="47.122283" lon="10.343021"><ele>1648</ele></trkpt>
      <trkpt lat="47.122316" lon="10.343068"><ele>1648</ele></trkpt>
      <trkpt lat="47.122413" lon="10.343120"><ele>1646</ele></trkpt>
      <trkpt lat="47.122432" lon="10.343164"><ele>1646</ele></trkpt>
      <trkpt lat="47.122577" lon="10.343294"><ele>1644</ele></trkpt>
      <trkpt lat="47.122696" lon="10.343322"><ele>1641</ele></trkpt>
      <trkpt lat="47.122722" lon="10.343351"><ele>1640</ele></trkpt>
      <trkpt lat="47.122736" lon="10.343405"><ele>1641</ele></trkpt>
      <trkpt lat="47.122788" lon="10.343416"><ele>1639</ele></trkpt>
      <trkpt lat="47.122813" lon="10.343449"><ele>1638</ele></trkpt>
      <trkpt lat="47.122868" lon="10.343453"><ele>1636</ele></trkpt>
      <trkpt lat="47.122920" lon="10.343482"><ele>1635</ele></trkpt>
      <trkpt lat="47.122958" lon="10.343480"><ele>1634</ele></trkpt>
      <trkpt lat="47.123043" lon="10.343527"><ele>1632</ele></trkpt>
      <trkpt lat="47.123068" lon="10.343507"><ele>1630</ele></trkpt>
      <trkpt lat="47.123142" lon="10.343543"><ele>1629</ele></trkpt>
      <trkpt lat="47.123184" lon="10.343604"><ele>1628</ele></trkpt>
      <trkpt lat="47.123233" lon="10.343597"><ele>1626</ele></trkpt>
      <trkpt lat="47.123247" lon="10.343617"><ele>1626</ele></trkpt>
      <trkpt lat="47.123292" lon="10.343610"><ele>1624</ele></trkpt>
      <trkpt lat="47.123335" lon="10.343623"><ele>1623</ele></trkpt>
      <trkpt lat="47.123337" lon="10.343692"><ele>1624</ele></trkpt>
      <trkpt lat="47.123439" lon="10.343760"><ele>1622</ele></trkpt>
      <trkpt lat="47.123653" lon="10.343987"><ele>1621</ele></trkpt>
      <trkpt lat="47.123720" lon="10.343915"><ele>1618</ele></trkpt>
      <trkpt lat="47.123765" lon="10.343893"><ele>1617</ele></trkpt>
      <trkpt lat="47.123804" lon="10.343831"><ele>1615</ele></trkpt>
      <trkpt lat="47.123899" lon="10.343770"><ele>1612</ele></trkpt>
      <trkpt lat="47.123976" lon="10.343717"><ele>1608</ele></trkpt>
      <trkpt lat="47.124043" lon="10.343686"><ele>1606</ele></trkpt>
      <trkpt lat="47.124098" lon="10.343678"><ele>1605</ele></trkpt>
      <trkpt lat="47.124141" lon="10.343643"><ele>1604</ele></trkpt>
      <trkpt lat="47.124212" lon="10.343703"><ele>1603</ele></trkpt>
      <trkpt lat="47.124307" lon="10.343741"><ele>1600</ele></trkpt>
      <trkpt lat="47.124327" lon="10.343758"><ele>1599</ele></trkpt>
      <trkpt lat="47.124358" lon="10.343822"><ele>1599</ele></trkpt>
      <trkpt lat="47.124414" lon="10.343814"><ele>1596</ele></trkpt>
      <trkpt lat="47.124436" lon="10.343835"><ele>1596</ele></trkpt>
      <trkpt lat="47.124562" lon="10.343892"><ele>1594</ele></trkpt>
      <trkpt lat="47.124647" lon="10.343914"><ele>1593</ele></trkpt>
      <trkpt lat="47.124777" lon="10.343908"><ele>1590</ele></trkpt>
      <trkpt lat="47.124803" lon="10.343875"><ele>1589</ele></trkpt>
      <trkpt lat="47.124858" lon="10.343839"><ele>1587</ele></trkpt>
      <trkpt lat="47.124907" lon="10.343842"><ele>1586</ele></trkpt>
      <trkpt lat="47.125112" lon="10.343853"><ele>1580</ele></trkpt>
      <trkpt lat="47.125225" lon="10.343936"><ele>1579</ele></trkpt>
      <trkpt lat="47.125314" lon="10.343895"><ele>1574</ele></trkpt>
      <trkpt lat="47.125497" lon="10.343950"><ele>1572</ele></trkpt>
      <trkpt lat="47.125606" lon="10.343933"><ele>1569</ele></trkpt>
      <trkpt lat="47.125665" lon="10.343938"><ele>1568</ele></trkpt>
      <trkpt lat="47.125720" lon="10.343976"><ele>1568</ele></trkpt>
      <trkpt lat="47.125785" lon="10.343985"><ele>1567</ele></trkpt>
      <trkpt lat="47.125881" lon="10.344047"><ele>1565</ele></trkpt>
      <trkpt lat="47.125949" lon="10.344106"><ele>1564</ele></trkpt>
      <trkpt lat="47.126007" lon="10.344184"><ele>1563</ele></trkpt>
      <trkpt lat="47.126045" lon="10.344216"><ele>1563</ele></trkpt>
      <trkpt lat="47.126122" lon="10.344317"><ele>1563</ele></trkpt>
      <trkpt lat="47.126171" lon="10.344349"><ele>1562</ele></trkpt>
      <trkpt lat="47.126207" lon="10.344411"><ele>1562</ele></trkpt>
      <trkpt lat="47.126393" lon="10.344588"><ele>1562</ele></trkpt>
      <trkpt lat="47.126417" lon="10.344649"><ele>1563</ele></trkpt>
      <trkpt lat="47.126458" lon="10.344670"><ele>1562</ele></trkpt>
      <trkpt lat="47.126531" lon="10.344733"><ele>1560</ele></trkpt>
      <trkpt lat="47.126647" lon="10.344813"><ele>1556</ele></trkpt>
      <trkpt lat="47.126747" lon="10.344807"><ele>1552</ele></trkpt>
      <trkpt lat="47.126829" lon="10.344818"><ele>1550</ele></trkpt>
      <trkpt lat="47.126883" lon="10.344786"><ele>1547</ele></trkpt>
      <trkpt lat="47.126955" lon="10.344773"><ele>1544</ele></trkpt>
      <trkpt lat="47.127040" lon="10.344815"><ele>1543</ele></trkpt>
      <trkpt lat="47.127083" lon="10.344847"><ele>1543</ele></trkpt>
      <trkpt lat="47.127132" lon="10.344922"><ele>1542</ele></trkpt>
      <trkpt lat="47.127182" lon="10.344952"><ele>1542</ele></trkpt>
      <trkpt lat="47.127257" lon="10.344956"><ele>1540</ele></trkpt>
      <trkpt lat="47.127294" lon="10.344915"><ele>1540</ele></trkpt>
      <trkpt lat="47.127350" lon="10.344891"><ele>1539</ele></trkpt>
      <trkpt lat="47.127533" lon="10.344768"><ele>1537</ele></trkpt>
      <trkpt lat="47.127621" lon="10.344742"><ele>1535</ele></trkpt>
      <trkpt lat="47.127920" lon="10.344724"><ele>1530</ele></trkpt>
      <trkpt lat="47.128008" lon="10.344702"><ele>1528</ele></trkpt>
      <trkpt lat="47.128115" lon="10.344645"><ele>1527</ele></trkpt>
      <trkpt lat="47.128223" lon="10.344556"><ele>1525</ele></trkpt>
      <trkpt lat="47.128304" lon="10.344508"><ele>1523</ele></trkpt>
      <trkpt lat="47.128410" lon="10.344521"><ele>1522</ele></trkpt>
      <trkpt lat="47.128532" lon="10.344602"><ele>1522</ele></trkpt>
      <trkpt lat="47.128689" lon="10.344604"><ele>1520</ele></trkpt>
      <trkpt lat="47.128824" lon="10.344605"><ele>1520</ele></trkpt>
      <trkpt lat="47.129166" lon="10.344479"><ele>1512</ele></trkpt>
      <trkpt lat="47.129435" lon="10.344600"><ele>1510</ele></trkpt>
      <trkpt lat="47.129615" lon="10.344599"><ele>1510</ele></trkpt>
      <trkpt lat="47.129833" lon="10.344490"><ele>1503</ele></trkpt>
      <trkpt lat="47.129936" lon="10.344529"><ele>1504</ele></trkpt>
      <trkpt lat="47.130286" lon="10.344610"><ele>1494</ele></trkpt>
      <trkpt lat="47.130319" lon="10.344651"><ele>1494</ele></trkpt>
      <trkpt lat="47.130329" lon="10.344725"><ele>1495</ele></trkpt>
      <trkpt lat="47.130306" lon="10.344881"><ele>1495</ele></trkpt>
      <trkpt lat="47.130320" lon="10.344957"><ele>1494</ele></trkpt>
      <trkpt lat="47.130383" lon="10.344995"><ele>1493</ele></trkpt>
      <trkpt lat="47.130474" lon="10.344999"><ele>1491</ele></trkpt>
      <trkpt lat="47.130548" lon="10.345025"><ele>1490</ele></trkpt>
      <trkpt lat="47.130697" lon="10.345121"><ele>1488</ele></trkpt>
      <trkpt lat="47.130913" lon="10.345177"><ele>1484</ele></trkpt>
      <trkpt lat="47.130979" lon="10.345204"><ele>1484</ele></trkpt>
      <trkpt lat="47.131101" lon="10.345204"><ele>1481</ele></trkpt>
      <trkpt lat="47.131161" lon="10.345284"><ele>1481</ele></trkpt>
      <trkpt lat="47.131394" lon="10.345336"><ele>1480</ele></trkpt>
      <trkpt lat="47.131649" lon="10.345438"><ele>1475</ele></trkpt>
      <trkpt lat="47.131851" lon="10.345444"><ele>1471</ele></trkpt>
      <trkpt lat="47.132017" lon="10.345544"><ele>1469</ele></trkpt>
      <trkpt lat="47.132056" lon="10.345484"><ele>1467</ele></trkpt>
      <trkpt lat="47.131960" lon="10.345035"><ele>1463</ele></trkpt>
      <trkpt lat="47.131960" lon="10.344944"><ele>1461</ele></trkpt>
      <trkpt lat="47.131995" lon="10.344872"><ele>1458</ele></trkpt>
      <trkpt lat="47.132094" lon="10.344866"><ele>1456</ele></trkpt>
      <trkpt lat="47.132166" lon="10.344905"><ele>1456</ele></trkpt>
      <trkpt lat="47.132289" lon="10.345061"><ele>1456</ele></trkpt>
      <trkpt lat="47.132321" lon="10.345087"><ele>1455</ele></trkpt>
      <trkpt lat="47.132370" lon="10.345067"><ele>1454</ele></trkpt>
      <trkpt lat="47.132374" lon="10.344969"><ele>1452</ele></trkpt>
      <trkpt lat="47.132355" lon="10.344747"><ele>1449</ele></trkpt>
      <trkpt lat="47.132300" lon="10.344662"><ele>1448</ele></trkpt>
      <trkpt lat="47.132239" lon="10.344617"><ele>1448</ele></trkpt>
      <trkpt lat="47.132264" lon="10.344557"><ele>1446</ele></trkpt>
      <trkpt lat="47.132394" lon="10.344502"><ele>1443</ele></trkpt>
      <trkpt lat="47.132498" lon="10.344519"><ele>1441</ele></trkpt>
      <trkpt lat="47.132694" lon="10.344967"><ele>1440</ele></trkpt>
      <trkpt lat="47.132722" lon="10.344991"><ele>1438</ele></trkpt>
      <trkpt lat="47.132742" lon="10.344917"><ele>1436</ele></trkpt>
      <trkpt lat="47.132707" lon="10.344718"><ele>1434</ele></trkpt>
      <trkpt lat="47.132722" lon="10.344553"><ele>1432</ele></trkpt>
      <trkpt lat="47.132780" lon="10.344491"><ele>1430</ele></trkpt>
      <trkpt lat="47.132877" lon="10.344425"><ele>1432</ele></trkpt>
      <trkpt lat="47.132914" lon="10.344415"><ele>1433</ele></trkpt>
      <trkpt lat="47.133046" lon="10.344577"><ele>1427</ele></trkpt>
      <trkpt lat="47.133169" lon="10.344696"><ele>1422</ele></trkpt>
      <trkpt lat="47.133306" lon="10.344787"><ele>1420</ele></trkpt>
      <trkpt lat="47.133358" lon="10.344795"><ele>1419</ele></trkpt>
      <trkpt lat="47.133462" lon="10.344713"><ele>1417</ele></trkpt>
      <trkpt lat="47.133576" lon="10.344563"><ele>1417</ele></trkpt>
      <trkpt lat="47.133729" lon="10.344472"><ele>1414</ele></trkpt>
      <trkpt lat="47.133905" lon="10.344411"><ele>1412</ele></trkpt>
      <trkpt lat="47.133992" lon="10.344427"><ele>1412</ele></trkpt>
      <trkpt lat="47.134092" lon="10.344457"><ele>1410</ele></trkpt>
      <trkpt lat="47.134232" lon="10.344515"><ele>1404</ele></trkpt>
      <trkpt lat="47.134305" lon="10.344473"><ele>1402</ele></trkpt>
      <trkpt lat="47.134346" lon="10.344384"><ele>1404</ele></trkpt>
      <trkpt lat="47.134397" lon="10.344298"><ele>1406</ele></trkpt>
      <trkpt lat="47.134601" lon="10.344204"><ele>1402</ele></trkpt>
      <trkpt lat="47.134739" lon="10.344183"><ele>1399</ele></trkpt>
      <trkpt lat="47.134825" lon="10.344181"><ele>1397</ele></trkpt>
      <trkpt lat="47.135300" lon="10.344094"><ele>1390</ele></trkpt>
      <trkpt lat="47.135865" lon="10.343941"><ele>1382</ele></trkpt>
      <trkpt lat="47.136286" lon="10.344021"><ele>1372</ele></trkpt>
      <trkpt lat="47.136330" lon="10.344001"><ele>1373</ele></trkpt>
      <trkpt lat="47.136376" lon="10.344005"><ele>1372</ele></trkpt>
      <trkpt lat="47.136410" lon="10.343963"><ele>1372</ele></trkpt>
      <trkpt lat="47.136610" lon="10.343377"><ele>1366</ele></trkpt>
      <trkpt lat="47.136716" lon="10.343237"><ele>1366</ele></trkpt>
      <trkpt lat="47.136933" lon="10.343212"><ele>1362</ele></trkpt>
      <trkpt lat="47.137094" lon="10.343245"><ele>1359</ele></trkpt>
      <trkpt lat="47.137225" lon="10.343250"><ele>1358</ele></trkpt>
      <trkpt lat="47.137343" lon="10.343210"><ele>1356</ele></trkpt>
      <trkpt lat="47.137567" lon="10.343083"><ele>1354</ele></trkpt>
      <trkpt lat="47.137609" lon="10.343107"><ele>1351</ele></trkpt>
      <trkpt lat="47.137602" lon="10.343166"><ele>1349</ele></trkpt>
      <trkpt lat="47.137578" lon="10.343206"><ele>1348</ele></trkpt>
      <trkpt lat="47.137026" lon="10.343549"><ele>1346</ele></trkpt>
      <trkpt lat="47.136968" lon="10.343630"><ele>1344</ele></trkpt>
      <trkpt lat="47.136878" lon="10.343823"><ele>1345</ele></trkpt>
      <trkpt lat="47.136854" lon="10.344293"><ele>1342</ele></trkpt>
      <trkpt lat="47.136929" lon="10.344357"><ele>1338</ele></trkpt>
      <trkpt lat="47.136961" lon="10.344302"><ele>1336</ele></trkpt>
      <trkpt lat="47.136987" lon="10.343907"><ele>1339</ele></trkpt>
      <trkpt lat="47.137131" lon="10.343751"><ele>1337</ele></trkpt>
      <trkpt lat="47.137468" lon="10.343712"><ele>1330</ele></trkpt>
      <trkpt lat="47.137528" lon="10.343705"><ele>1329</ele></trkpt>
      <trkpt lat="47.137640" lon="10.343649"><ele>1328</ele></trkpt>
      <trkpt lat="47.137737" lon="10.343581"><ele>1326</ele></trkpt>
      <trkpt lat="47.137846" lon="10.343479"><ele>1326</ele></trkpt>
      <trkpt lat="47.137887" lon="10.343500"><ele>1323</ele></trkpt>
      <trkpt lat="47.137890" lon="10.343570"><ele>1320</ele></trkpt>
      <trkpt lat="47.137825" lon="10.343662"><ele>1320</ele></trkpt>
      <trkpt lat="47.137434" lon="10.344010"><ele>1320</ele></trkpt>
      <trkpt lat="47.137324" lon="10.344320"><ele>1317</ele></trkpt>
      <trkpt lat="47.137321" lon="10.344397"><ele>1315</ele></trkpt>
      <trkpt lat="47.137377" lon="10.344453"><ele>1313</ele></trkpt>
      <trkpt lat="47.137427" lon="10.344478"><ele>1312</ele></trkpt>
      <trkpt lat="47.137479" lon="10.344453"><ele>1310</ele></trkpt>
      <trkpt lat="47.137641" lon="10.344294"><ele>1308</ele></trkpt>
      <trkpt lat="47.137773" lon="10.344192"><ele>1305</ele></trkpt>
      <trkpt lat="47.137873" lon="10.344094"><ele>1306</ele></trkpt>
      <trkpt lat="47.138149" lon="10.343752"><ele>1301</ele></trkpt>
      <trkpt lat="47.138263" lon="10.343644"><ele>1298</ele></trkpt>
      <trkpt lat="47.138319" lon="10.343604"><ele>1295</ele></trkpt>
      <trkpt lat="47.138382" lon="10.343538"><ele>1296</ele></trkpt>
      <trkpt lat="47.138608" lon="10.343515"><ele>1292</ele></trkpt>
      <trkpt lat="47.138728" lon="10.343521"><ele>1288</ele></trkpt>
      <trkpt lat="47.138861" lon="10.343493"><ele>1285</ele></trkpt>
      <trkpt lat="47.138964" lon="10.343425"><ele>1284</ele></trkpt>
      <trkpt lat="47.139549" lon="10.342797"><ele>1270</ele></trkpt>
      <trkpt lat="47.139748" lon="10.342665"><ele>1268</ele></trkpt>
      <trkpt lat="47.139794" lon="10.342915"><ele>1264</ele></trkpt>
      <trkpt lat="47.139864" lon="10.343118"><ele>1266</ele></trkpt>
      <trkpt lat="47.139901" lon="10.343244"><ele>1268</ele></trkpt>
      <trkpt lat="47.139976" lon="10.343250"><ele>1268</ele></trkpt>
      <trkpt lat="47.140306" lon="10.343038"><ele>1268</ele></trkpt>
      <trkpt lat="47.140408" lon="10.342961"><ele>1266</ele></trkpt>
      <trkpt lat="47.140491" lon="10.342935"><ele>1266</ele></trkpt>
      <trkpt lat="47.140605" lon="10.342821"><ele>1260</ele></trkpt>
      <trkpt lat="47.140664" lon="10.342803"><ele>1258</ele></trkpt>
      <trkpt lat="47.140802" lon="10.342807"><ele>1256</ele></trkpt>
      <trkpt lat="47.140976" lon="10.342731"><ele>1253</ele></trkpt>
      <trkpt lat="47.141087" lon="10.342547"><ele>1247</ele></trkpt>
      <trkpt lat="47.141253" lon="10.342365"><ele>1242</ele></trkpt>
      <trkpt lat="47.141397" lon="10.342248"><ele>1239</ele></trkpt>
      <trkpt lat="47.141435" lon="10.342240"><ele>1238</ele></trkpt>
      <trkpt lat="47.141540" lon="10.342326"><ele>1238</ele></trkpt>
      <trkpt lat="47.141623" lon="10.342461"><ele>1240</ele></trkpt>
      <trkpt lat="47.141638" lon="10.342475"><ele>1240</ele></trkpt>
      <trkpt lat="47.141664" lon="10.342481"><ele>1240</ele></trkpt>
      <trkpt lat="47.141687" lon="10.342523"><ele>1240</ele></trkpt>
      <trkpt lat="47.141701" lon="10.342586"><ele>1241</ele></trkpt>
      <trkpt lat="47.141731" lon="10.342650"><ele>1241</ele></trkpt>
      <trkpt lat="47.141762" lon="10.342657"><ele>1240</ele></trkpt>
      <trkpt lat="47.141770" lon="10.342630"><ele>1238</ele></trkpt>
      <trkpt lat="47.141761" lon="10.342573"><ele>1237</ele></trkpt>
      <trkpt lat="47.141697" lon="10.342406"><ele>1236</ele></trkpt>
      <trkpt lat="47.141655" lon="10.342359"><ele>1236</ele></trkpt>
      <trkpt lat="47.141641" lon="10.342323"><ele>1236</ele></trkpt>
      <trkpt lat="47.141661" lon="10.342294"><ele>1234</ele></trkpt>
      <trkpt lat="47.141704" lon="10.342304"><ele>1233</ele></trkpt>
      <trkpt lat="47.141761" lon="10.342398"><ele>1233</ele></trkpt>
      <trkpt lat="47.141928" lon="10.342552"><ele>1227</ele></trkpt>
      <trkpt lat="47.141979" lon="10.342625"><ele>1227</ele></trkpt>
      <trkpt lat="47.142020" lon="10.342669"><ele>1226</ele></trkpt>
      <trkpt lat="47.142054" lon="10.342755"><ele>1226</ele></trkpt>
      <trkpt lat="47.142101" lon="10.342810"><ele>1226</ele></trkpt>
      <trkpt lat="47.142136" lon="10.342830"><ele>1225</ele></trkpt>
      <trkpt lat="47.142224" lon="10.342843"><ele>1222</ele></trkpt>
      <trkpt lat="47.142313" lon="10.342838"><ele>1220</ele></trkpt>
      <trkpt lat="47.142837" lon="10.342889"><ele>1214</ele></trkpt>
      <trkpt lat="47.143297" lon="10.342980"><ele>1211</ele></trkpt>
      <trkpt lat="47.143626" lon="10.343057"><ele>1208</ele></trkpt>
      <trkpt lat="47.143669" lon="10.343062"><ele>1207</ele></trkpt>
      <trkpt lat="47.143814" lon="10.343114"><ele>1205</ele></trkpt>
      <trkpt lat="47.144094" lon="10.343177"><ele>1201</ele></trkpt>
      <trkpt lat="47.144175" lon="10.343181"><ele>1200</ele></trkpt>
      <trkpt lat="47.144324" lon="10.343173"><ele>1199</ele></trkpt>
      <trkpt lat="47.144691" lon="10.343114"><ele>1196</ele></trkpt>
      <trkpt lat="47.144886" lon="10.343104"><ele>1194</ele></trkpt>
      <trkpt lat="47.144992" lon="10.343109"><ele>1193</ele></trkpt>
      <trkpt lat="47.145199" lon="10.343149"><ele>1193</ele></trkpt>
      <trkpt lat="47.145369" lon="10.343207"><ele>1192</ele></trkpt>
      <trkpt lat="47.145535" lon="10.343317"><ele>1191</ele></trkpt>
      <trkpt lat="47.145613" lon="10.343274"><ele>1190</ele></trkpt>
      <trkpt lat="47.145605" lon="10.343083"><ele>1189</ele></trkpt>
      <trkpt lat="47.145586" lon="10.342936"><ele>1190</ele></trkpt>
      <trkpt lat="47.145544" lon="10.342651"><ele>1190</ele></trkpt>
      <trkpt lat="47.145519" lon="10.342479"><ele>1190</ele></trkpt>
      <trkpt lat="47.145516" lon="10.342432"><ele>1190</ele></trkpt>
      <trkpt lat="47.145496" lon="10.342070"><ele>1190</ele></trkpt>
      <trkpt lat="47.145466" lon="10.341756"><ele>1191</ele></trkpt>
      <trkpt lat="47.145498" lon="10.341753"><ele>1190</ele></trkpt>
      <trkpt lat="47.145552" lon="10.341749"><ele>1190</ele></trkpt>
      <trkpt lat="47.145771" lon="10.341811"><ele>1191</ele></trkpt>
      <trkpt lat="47.145817" lon="10.341840"><ele>1191</ele></trkpt>
      <trkpt lat="47.145877" lon="10.341908"><ele>1192</ele></trkpt>
      <trkpt lat="47.145996" lon="10.341908"><ele>1193</ele></trkpt>
      <trkpt lat="47.146363" lon="10.341899"><ele>1200</ele></trkpt>
      <trkpt lat="47.146598" lon="10.341815"><ele>1204</ele></trkpt>
      <trkpt lat="47.146857" lon="10.341774"><ele>1208</ele></trkpt>
      <trkpt lat="47.146952" lon="10.341759"><ele>1209</ele></trkpt>
      <trkpt lat="47.147524" lon="10.341537"><ele>1218</ele></trkpt>
      <trkpt lat="47.148145" lon="10.341196"><ele>1228</ele></trkpt>
      <trkpt lat="47.148238" lon="10.341633"><ele>1228</ele></trkpt>
      <trkpt lat="47.148266" lon="10.341740"><ele>1228</ele></trkpt>
      <trkpt lat="47.148298" lon="10.341863"><ele>1229</ele></trkpt>
      <trkpt lat="47.148384" lon="10.342068"><ele>1231</ele></trkpt>
      <trkpt lat="47.148450" lon="10.342223"><ele>1232</ele></trkpt>
      <trkpt lat="47.148556" lon="10.342476"><ele>1233</ele></trkpt>
      <trkpt lat="47.148781" lon="10.342852"><ele>1234</ele></trkpt>
      <trkpt lat="47.148871" lon="10.342985"><ele>1235</ele></trkpt>
      <trkpt lat="47.149017" lon="10.343199"><ele>1236</ele></trkpt>
      <trkpt lat="47.149090" lon="10.343306"><ele>1236</ele></trkpt>
      <trkpt lat="47.149187" lon="10.343580"><ele>1237</ele></trkpt>
      <trkpt lat="47.149435" lon="10.343416"><ele>1242</ele></trkpt>
  </trkseg></trk>
  <trk><name>Edmund-Graf-Hütte naar Kappl (Kapplerjoch)</name><trkseg>
      <trkpt lat="47.105967" lon="10.355838"><ele>2375</ele></trkpt>
      <trkpt lat="47.105981" lon="10.355985"><ele>2376</ele></trkpt>
      <trkpt lat="47.105982" lon="10.356277"><ele>2377</ele></trkpt>
      <trkpt lat="47.105979" lon="10.356320"><ele>2377</ele></trkpt>
      <trkpt lat="47.105964" lon="10.356354"><ele>2377</ele></trkpt>
      <trkpt lat="47.105893" lon="10.356760"><ele>2380</ele></trkpt>
      <trkpt lat="47.105741" lon="10.357036"><ele>2385</ele></trkpt>
      <trkpt lat="47.105733" lon="10.357141"><ele>2388</ele></trkpt>
      <trkpt lat="47.105751" lon="10.357249"><ele>2391</ele></trkpt>
      <trkpt lat="47.105781" lon="10.357217"><ele>2392</ele></trkpt>
      <trkpt lat="47.105824" lon="10.357208"><ele>2393</ele></trkpt>
      <trkpt lat="47.105842" lon="10.357354"><ele>2396</ele></trkpt>
      <trkpt lat="47.105858" lon="10.357347"><ele>2397</ele></trkpt>
      <trkpt lat="47.105862" lon="10.357381"><ele>2397</ele></trkpt>
      <trkpt lat="47.105852" lon="10.357477"><ele>2398</ele></trkpt>
      <trkpt lat="47.105867" lon="10.357506"><ele>2400</ele></trkpt>
      <trkpt lat="47.105949" lon="10.357918"><ele>2411</ele></trkpt>
      <trkpt lat="47.105894" lon="10.358100"><ele>2413</ele></trkpt>
      <trkpt lat="47.105918" lon="10.358129"><ele>2415</ele></trkpt>
      <trkpt lat="47.105899" lon="10.358262"><ele>2419</ele></trkpt>
      <trkpt lat="47.105830" lon="10.358451"><ele>2422</ele></trkpt>
      <trkpt lat="47.105664" lon="10.358718"><ele>2424</ele></trkpt>
      <trkpt lat="47.105636" lon="10.358891"><ele>2427</ele></trkpt>
      <trkpt lat="47.105582" lon="10.358995"><ele>2428</ele></trkpt>
      <trkpt lat="47.105440" lon="10.359185"><ele>2430</ele></trkpt>
      <trkpt lat="47.105402" lon="10.359448"><ele>2432</ele></trkpt>
      <trkpt lat="47.105399" lon="10.359956"><ele>2435</ele></trkpt>
      <trkpt lat="47.105270" lon="10.360368"><ele>2440</ele></trkpt>
      <trkpt lat="47.105270" lon="10.360636"><ele>2443</ele></trkpt>
      <trkpt lat="47.105302" lon="10.360895"><ele>2446</ele></trkpt>
      <trkpt lat="47.105310" lon="10.361089"><ele>2449</ele></trkpt>
      <trkpt lat="47.105361" lon="10.361241"><ele>2452</ele></trkpt>
      <trkpt lat="47.105378" lon="10.361382"><ele>2455</ele></trkpt>
      <trkpt lat="47.105354" lon="10.361481"><ele>2456</ele></trkpt>
      <trkpt lat="47.105392" lon="10.361504"><ele>2458</ele></trkpt>
      <trkpt lat="47.105372" lon="10.361548"><ele>2458</ele></trkpt>
      <trkpt lat="47.105386" lon="10.361575"><ele>2459</ele></trkpt>
      <trkpt lat="47.105381" lon="10.361616"><ele>2460</ele></trkpt>
      <trkpt lat="47.105402" lon="10.361628"><ele>2460</ele></trkpt>
      <trkpt lat="47.105407" lon="10.361860"><ele>2466</ele></trkpt>
      <trkpt lat="47.105433" lon="10.361942"><ele>2470</ele></trkpt>
      <trkpt lat="47.105532" lon="10.361896"><ele>2472</ele></trkpt>
      <trkpt lat="47.105540" lon="10.362094"><ele>2476</ele></trkpt>
      <trkpt lat="47.105705" lon="10.361980"><ele>2482</ele></trkpt>
      <trkpt lat="47.105721" lon="10.362224"><ele>2489</ele></trkpt>
      <trkpt lat="47.105551" lon="10.362650"><ele>2498</ele></trkpt>
      <trkpt lat="47.105139" lon="10.363040"><ele>2506</ele></trkpt>
      <trkpt lat="47.105019" lon="10.363236"><ele>2514</ele></trkpt>
      <trkpt lat="47.105050" lon="10.363440"><ele>2525</ele></trkpt>
      <trkpt lat="47.104951" lon="10.363954"><ele>2544</ele></trkpt>
      <trkpt lat="47.104889" lon="10.364219"><ele>2551</ele></trkpt>
      <trkpt lat="47.104726" lon="10.364571"><ele>2559</ele></trkpt>
      <trkpt lat="47.104584" lon="10.364646"><ele>2561</ele></trkpt>
      <trkpt lat="47.103906" lon="10.364850"><ele>2575</ele></trkpt>
      <trkpt lat="47.103815" lon="10.364901"><ele>2575</ele></trkpt>
      <trkpt lat="47.103624" lon="10.365137"><ele>2582</ele></trkpt>
      <trkpt lat="47.103569" lon="10.365158"><ele>2581</ele></trkpt>
      <trkpt lat="47.103513" lon="10.365307"><ele>2587</ele></trkpt>
      <trkpt lat="47.103414" lon="10.365375"><ele>2587</ele></trkpt>
      <trkpt lat="47.103260" lon="10.365433"><ele>2586</ele></trkpt>
      <trkpt lat="47.103080" lon="10.365582"><ele>2592</ele></trkpt>
      <trkpt lat="47.103038" lon="10.365778"><ele>2602</ele></trkpt>
      <trkpt lat="47.102966" lon="10.365967"><ele>2610</ele></trkpt>
      <trkpt lat="47.102851" lon="10.366094"><ele>2614</ele></trkpt>
      <trkpt lat="47.102706" lon="10.366148"><ele>2614</ele></trkpt>
      <trkpt lat="47.102580" lon="10.366300"><ele>2619</ele></trkpt>
      <trkpt lat="47.102463" lon="10.366395"><ele>2622</ele></trkpt>
      <trkpt lat="47.102380" lon="10.366533"><ele>2627</ele></trkpt>
      <trkpt lat="47.102326" lon="10.366671"><ele>2634</ele></trkpt>
      <trkpt lat="47.102253" lon="10.366935"><ele>2646</ele></trkpt>
      <trkpt lat="47.102151" lon="10.367240"><ele>2656</ele></trkpt>
      <trkpt lat="47.102060" lon="10.367409"><ele>2661</ele></trkpt>
      <trkpt lat="47.101946" lon="10.367740"><ele>2670</ele></trkpt>
      <trkpt lat="47.101893" lon="10.367843"><ele>2671</ele></trkpt>
      <trkpt lat="47.102016" lon="10.368113"><ele>2674</ele></trkpt>
      <trkpt lat="47.102074" lon="10.368296"><ele>2675</ele></trkpt>
      <trkpt lat="47.102147" lon="10.368575"><ele>2673</ele></trkpt>
      <trkpt lat="47.102176" lon="10.368656"><ele>2673</ele></trkpt>
      <trkpt lat="47.102297" lon="10.368992"><ele>2670</ele></trkpt>
      <trkpt lat="47.102419" lon="10.369176"><ele>2668</ele></trkpt>
      <trkpt lat="47.102426" lon="10.369321"><ele>2659</ele></trkpt>
      <trkpt lat="47.102465" lon="10.369407"><ele>2655</ele></trkpt>
      <trkpt lat="47.102430" lon="10.369467"><ele>2651</ele></trkpt>
      <trkpt lat="47.102518" lon="10.369466"><ele>2652</ele></trkpt>
      <trkpt lat="47.102565" lon="10.369517"><ele>2652</ele></trkpt>
      <trkpt lat="47.102648" lon="10.369814"><ele>2642</ele></trkpt>
      <trkpt lat="47.102572" lon="10.369812"><ele>2638</ele></trkpt>
      <trkpt lat="47.102500" lon="10.369753"><ele>2638</ele></trkpt>
      <trkpt lat="47.102526" lon="10.369879"><ele>2634</ele></trkpt>
      <trkpt lat="47.102577" lon="10.369985"><ele>2632</ele></trkpt>
      <trkpt lat="47.102653" lon="10.370193"><ele>2628</ele></trkpt>
      <trkpt lat="47.102624" lon="10.370268"><ele>2624</ele></trkpt>
      <trkpt lat="47.102609" lon="10.370426"><ele>2619</ele></trkpt>
      <trkpt lat="47.102686" lon="10.370544"><ele>2619</ele></trkpt>
      <trkpt lat="47.102782" lon="10.370745"><ele>2620</ele></trkpt>
      <trkpt lat="47.102774" lon="10.370860"><ele>2618</ele></trkpt>
      <trkpt lat="47.102732" lon="10.371198"><ele>2615</ele></trkpt>
      <trkpt lat="47.102637" lon="10.371559"><ele>2616</ele></trkpt>
      <trkpt lat="47.102554" lon="10.371803"><ele>2612</ele></trkpt>
      <trkpt lat="47.102458" lon="10.371911"><ele>2610</ele></trkpt>
      <trkpt lat="47.102374" lon="10.372081"><ele>2605</ele></trkpt>
      <trkpt lat="47.102120" lon="10.372325"><ele>2592</ele></trkpt>
      <trkpt lat="47.102116" lon="10.372377"><ele>2591</ele></trkpt>
      <trkpt lat="47.102161" lon="10.372442"><ele>2591</ele></trkpt>
      <trkpt lat="47.102114" lon="10.372455"><ele>2589</ele></trkpt>
      <trkpt lat="47.101972" lon="10.372553"><ele>2582</ele></trkpt>
      <trkpt lat="47.102021" lon="10.372600"><ele>2581</ele></trkpt>
      <trkpt lat="47.101935" lon="10.372635"><ele>2578</ele></trkpt>
      <trkpt lat="47.101857" lon="10.372704"><ele>2573</ele></trkpt>
      <trkpt lat="47.101807" lon="10.372792"><ele>2570</ele></trkpt>
      <trkpt lat="47.101921" lon="10.372879"><ele>2567</ele></trkpt>
      <trkpt lat="47.101827" lon="10.372907"><ele>2564</ele></trkpt>
      <trkpt lat="47.101727" lon="10.372896"><ele>2564</ele></trkpt>
      <trkpt lat="47.101678" lon="10.372940"><ele>2562</ele></trkpt>
      <trkpt lat="47.101505" lon="10.372997"><ele>2554</ele></trkpt>
      <trkpt lat="47.101429" lon="10.373054"><ele>2554</ele></trkpt>
      <trkpt lat="47.101259" lon="10.373242"><ele>2539</ele></trkpt>
      <trkpt lat="47.101095" lon="10.373288"><ele>2536</ele></trkpt>
      <trkpt lat="47.100937" lon="10.373378"><ele>2532</ele></trkpt>
      <trkpt lat="47.100847" lon="10.373312"><ele>2533</ele></trkpt>
      <trkpt lat="47.100792" lon="10.373234"><ele>2530</ele></trkpt>
      <trkpt lat="47.100718" lon="10.373234"><ele>2528</ele></trkpt>
      <trkpt lat="47.100655" lon="10.373284"><ele>2526</ele></trkpt>
      <trkpt lat="47.100564" lon="10.373341"><ele>2523</ele></trkpt>
      <trkpt lat="47.100483" lon="10.373146"><ele>2516</ele></trkpt>
      <trkpt lat="47.100389" lon="10.372990"><ele>2508</ele></trkpt>
      <trkpt lat="47.100290" lon="10.372881"><ele>2502</ele></trkpt>
      <trkpt lat="47.100191" lon="10.372904"><ele>2500</ele></trkpt>
      <trkpt lat="47.100063" lon="10.373018"><ele>2496</ele></trkpt>
      <trkpt lat="47.099974" lon="10.373057"><ele>2493</ele></trkpt>
      <trkpt lat="47.099867" lon="10.373140"><ele>2491</ele></trkpt>
      <trkpt lat="47.099802" lon="10.373296"><ele>2490</ele></trkpt>
      <trkpt lat="47.099741" lon="10.373421"><ele>2488</ele></trkpt>
      <trkpt lat="47.099578" lon="10.373706"><ele>2482</ele></trkpt>
      <trkpt lat="47.099490" lon="10.373810"><ele>2480</ele></trkpt>
      <trkpt lat="47.099394" lon="10.373814"><ele>2476</ele></trkpt>
      <trkpt lat="47.099332" lon="10.373989"><ele>2471</ele></trkpt>
      <trkpt lat="47.099309" lon="10.374289"><ele>2464</ele></trkpt>
      <trkpt lat="47.099342" lon="10.374488"><ele>2460</ele></trkpt>
      <trkpt lat="47.099311" lon="10.374591"><ele>2454</ele></trkpt>
      <trkpt lat="47.099337" lon="10.374658"><ele>2451</ele></trkpt>
      <trkpt lat="47.099318" lon="10.374742"><ele>2447</ele></trkpt>
      <trkpt lat="47.099350" lon="10.374809"><ele>2444</ele></trkpt>
      <trkpt lat="47.099279" lon="10.374917"><ele>2440</ele></trkpt>
      <trkpt lat="47.099347" lon="10.375058"><ele>2434</ele></trkpt>
      <trkpt lat="47.099357" lon="10.375377"><ele>2427</ele></trkpt>
      <trkpt lat="47.099344" lon="10.375712"><ele>2425</ele></trkpt>
      <trkpt lat="47.099425" lon="10.375873"><ele>2422</ele></trkpt>
      <trkpt lat="47.099480" lon="10.376224"><ele>2416</ele></trkpt>
      <trkpt lat="47.099529" lon="10.376283"><ele>2414</ele></trkpt>
      <trkpt lat="47.099555" lon="10.376355"><ele>2412</ele></trkpt>
      <trkpt lat="47.099597" lon="10.376426"><ele>2410</ele></trkpt>
      <trkpt lat="47.099622" lon="10.376753"><ele>2405</ele></trkpt>
      <trkpt lat="47.099621" lon="10.376900"><ele>2403</ele></trkpt>
      <trkpt lat="47.099513" lon="10.377354"><ele>2398</ele></trkpt>
      <trkpt lat="47.099475" lon="10.377593"><ele>2395</ele></trkpt>
      <trkpt lat="47.099496" lon="10.377748"><ele>2392</ele></trkpt>
      <trkpt lat="47.099461" lon="10.377885"><ele>2390</ele></trkpt>
      <trkpt lat="47.099456" lon="10.377956"><ele>2390</ele></trkpt>
      <trkpt lat="47.099371" lon="10.378108"><ele>2387</ele></trkpt>
      <trkpt lat="47.099296" lon="10.378352"><ele>2384</ele></trkpt>
      <trkpt lat="47.099280" lon="10.378581"><ele>2380</ele></trkpt>
      <trkpt lat="47.099211" lon="10.378762"><ele>2379</ele></trkpt>
      <trkpt lat="47.099213" lon="10.378837"><ele>2378</ele></trkpt>
      <trkpt lat="47.099151" lon="10.379072"><ele>2379</ele></trkpt>
      <trkpt lat="47.099146" lon="10.379165"><ele>2378</ele></trkpt>
      <trkpt lat="47.099129" lon="10.379230"><ele>2377</ele></trkpt>
      <trkpt lat="47.099136" lon="10.379276"><ele>2376</ele></trkpt>
      <trkpt lat="47.099131" lon="10.379399"><ele>2374</ele></trkpt>
      <trkpt lat="47.099165" lon="10.379735"><ele>2371</ele></trkpt>
      <trkpt lat="47.099152" lon="10.379914"><ele>2369</ele></trkpt>
      <trkpt lat="47.099171" lon="10.379948"><ele>2368</ele></trkpt>
      <trkpt lat="47.099144" lon="10.380082"><ele>2368</ele></trkpt>
      <trkpt lat="47.099161" lon="10.380248"><ele>2366</ele></trkpt>
      <trkpt lat="47.099157" lon="10.380346"><ele>2366</ele></trkpt>
      <trkpt lat="47.099201" lon="10.380382"><ele>2365</ele></trkpt>
      <trkpt lat="47.099217" lon="10.380448"><ele>2365</ele></trkpt>
      <trkpt lat="47.099273" lon="10.380506"><ele>2365</ele></trkpt>
      <trkpt lat="47.099312" lon="10.380531"><ele>2366</ele></trkpt>
      <trkpt lat="47.099285" lon="10.380602"><ele>2366</ele></trkpt>
      <trkpt lat="47.099230" lon="10.380652"><ele>2365</ele></trkpt>
      <trkpt lat="47.099214" lon="10.380730"><ele>2366</ele></trkpt>
      <trkpt lat="47.099175" lon="10.380787"><ele>2366</ele></trkpt>
      <trkpt lat="47.099146" lon="10.380912"><ele>2366</ele></trkpt>
      <trkpt lat="47.099044" lon="10.381159"><ele>2369</ele></trkpt>
      <trkpt lat="47.098995" lon="10.381191"><ele>2368</ele></trkpt>
      <trkpt lat="47.098912" lon="10.381325"><ele>2368</ele></trkpt>
      <trkpt lat="47.098826" lon="10.381355"><ele>2365</ele></trkpt>
      <trkpt lat="47.098653" lon="10.381579"><ele>2359</ele></trkpt>
      <trkpt lat="47.098622" lon="10.381646"><ele>2358</ele></trkpt>
      <trkpt lat="47.098573" lon="10.381678"><ele>2356</ele></trkpt>
      <trkpt lat="47.098509" lon="10.381778"><ele>2352</ele></trkpt>
      <trkpt lat="47.098464" lon="10.381792"><ele>2350</ele></trkpt>
      <trkpt lat="47.098433" lon="10.381907"><ele>2349</ele></trkpt>
      <trkpt lat="47.098371" lon="10.382033"><ele>2348</ele></trkpt>
      <trkpt lat="47.098286" lon="10.382107"><ele>2346</ele></trkpt>
      <trkpt lat="47.098215" lon="10.382212"><ele>2345</ele></trkpt>
      <trkpt lat="47.098123" lon="10.382424"><ele>2344</ele></trkpt>
      <trkpt lat="47.098035" lon="10.382657"><ele>2344</ele></trkpt>
      <trkpt lat="47.098005" lon="10.382712"><ele>2343</ele></trkpt>
      <trkpt lat="47.097992" lon="10.382736"><ele>2343</ele></trkpt>
      <trkpt lat="47.097946" lon="10.382719"><ele>2341</ele></trkpt>
      <trkpt lat="47.097895" lon="10.382726"><ele>2340</ele></trkpt>
      <trkpt lat="47.097747" lon="10.382723"><ele>2334</ele></trkpt>
      <trkpt lat="47.097605" lon="10.382709"><ele>2330</ele></trkpt>
      <trkpt lat="47.097476" lon="10.382739"><ele>2326</ele></trkpt>
      <trkpt lat="47.097070" lon="10.382712"><ele>2316</ele></trkpt>
      <trkpt lat="47.097077" lon="10.382536"><ele>2312</ele></trkpt>
      <trkpt lat="47.097062" lon="10.382507"><ele>2311</ele></trkpt>
      <trkpt lat="47.097073" lon="10.382453"><ele>2310</ele></trkpt>
      <trkpt lat="47.096997" lon="10.382458"><ele>2308</ele></trkpt>
      <trkpt lat="47.096895" lon="10.382407"><ele>2306</ele></trkpt>
      <trkpt lat="47.096882" lon="10.382336"><ele>2304</ele></trkpt>
      <trkpt lat="47.096731" lon="10.382289"><ele>2302</ele></trkpt>
      <trkpt lat="47.096699" lon="10.382260"><ele>2301</ele></trkpt>
      <trkpt lat="47.096628" lon="10.382289"><ele>2299</ele></trkpt>
      <trkpt lat="47.096610" lon="10.382206"><ele>2298</ele></trkpt>
      <trkpt lat="47.096590" lon="10.382206"><ele>2298</ele></trkpt>
      <trkpt lat="47.096561" lon="10.382292"><ele>2298</ele></trkpt>
      <trkpt lat="47.096516" lon="10.382321"><ele>2297</ele></trkpt>
      <trkpt lat="47.096470" lon="10.382291"><ele>2295</ele></trkpt>
      <trkpt lat="47.096398" lon="10.382095"><ele>2292</ele></trkpt>
      <trkpt lat="47.096225" lon="10.381851"><ele>2290</ele></trkpt>
      <trkpt lat="47.096157" lon="10.381927"><ele>2286</ele></trkpt>
      <trkpt lat="47.095779" lon="10.382115"><ele>2279</ele></trkpt>
      <trkpt lat="47.095430" lon="10.382458"><ele>2269</ele></trkpt>
      <trkpt lat="47.095279" lon="10.382662"><ele>2262</ele></trkpt>
      <trkpt lat="47.095073" lon="10.382896"><ele>2258</ele></trkpt>
      <trkpt lat="47.094774" lon="10.383220"><ele>2248</ele></trkpt>
      <trkpt lat="47.094471" lon="10.383270"><ele>2244</ele></trkpt>
      <trkpt lat="47.094138" lon="10.383360"><ele>2240</ele></trkpt>
      <trkpt lat="47.093837" lon="10.383499"><ele>2230</ele></trkpt>
      <trkpt lat="47.093707" lon="10.383469"><ele>2230</ele></trkpt>
      <trkpt lat="47.093615" lon="10.383614"><ele>2224</ele></trkpt>
      <trkpt lat="47.093410" lon="10.383504"><ele>2219</ele></trkpt>
      <trkpt lat="47.093059" lon="10.383534"><ele>2204</ele></trkpt>
      <trkpt lat="47.092708" lon="10.383531"><ele>2190</ele></trkpt>
      <trkpt lat="47.092611" lon="10.383545"><ele>2188</ele></trkpt>
      <trkpt lat="47.092414" lon="10.383673"><ele>2178</ele></trkpt>
      <trkpt lat="47.091804" lon="10.383845"><ele>2163</ele></trkpt>
      <trkpt lat="47.091644" lon="10.383923"><ele>2157</ele></trkpt>
      <trkpt lat="47.091198" lon="10.384097"><ele>2145</ele></trkpt>
      <trkpt lat="47.091015" lon="10.384280"><ele>2139</ele></trkpt>
      <trkpt lat="47.090886" lon="10.384556"><ele>2129</ele></trkpt>
      <trkpt lat="47.090906" lon="10.384805"><ele>2120</ele></trkpt>
      <trkpt lat="47.090873" lon="10.384974"><ele>2114</ele></trkpt>
      <trkpt lat="47.090882" lon="10.385234"><ele>2105</ele></trkpt>
      <trkpt lat="47.090946" lon="10.385320"><ele>2102</ele></trkpt>
      <trkpt lat="47.090953" lon="10.385432"><ele>2098</ele></trkpt>
      <trkpt lat="47.090997" lon="10.385510"><ele>2094</ele></trkpt>
      <trkpt lat="47.090984" lon="10.385567"><ele>2092</ele></trkpt>
      <trkpt lat="47.091038" lon="10.385713"><ele>2088</ele></trkpt>
      <trkpt lat="47.091108" lon="10.385819"><ele>2085</ele></trkpt>
      <trkpt lat="47.091124" lon="10.385924"><ele>2082</ele></trkpt>
      <trkpt lat="47.091190" lon="10.386049"><ele>2078</ele></trkpt>
      <trkpt lat="47.091189" lon="10.386104"><ele>2077</ele></trkpt>
      <trkpt lat="47.091225" lon="10.386265"><ele>2074</ele></trkpt>
      <trkpt lat="47.091212" lon="10.386408"><ele>2072</ele></trkpt>
      <trkpt lat="47.091160" lon="10.386613"><ele>2068</ele></trkpt>
      <trkpt lat="47.091023" lon="10.386951"><ele>2062</ele></trkpt>
      <trkpt lat="47.090971" lon="10.386999"><ele>2060</ele></trkpt>
      <trkpt lat="47.090913" lon="10.387109"><ele>2058</ele></trkpt>
      <trkpt lat="47.090861" lon="10.387238"><ele>2057</ele></trkpt>
      <trkpt lat="47.090753" lon="10.387408"><ele>2053</ele></trkpt>
      <trkpt lat="47.090684" lon="10.387687"><ele>2047</ele></trkpt>
      <trkpt lat="47.090689" lon="10.387788"><ele>2044</ele></trkpt>
      <trkpt lat="47.090581" lon="10.388041"><ele>2041</ele></trkpt>
      <trkpt lat="47.090570" lon="10.388098"><ele>2040</ele></trkpt>
      <trkpt lat="47.090484" lon="10.388251"><ele>2035</ele></trkpt>
      <trkpt lat="47.090397" lon="10.388325"><ele>2032</ele></trkpt>
      <trkpt lat="47.090335" lon="10.388474"><ele>2028</ele></trkpt>
      <trkpt lat="47.090294" lon="10.388647"><ele>2026</ele></trkpt>
      <trkpt lat="47.090232" lon="10.388776"><ele>2024</ele></trkpt>
      <trkpt lat="47.090196" lon="10.388775"><ele>2024</ele></trkpt>
      <trkpt lat="47.090087" lon="10.388909"><ele>2022</ele></trkpt>
      <trkpt lat="47.089998" lon="10.389066"><ele>2020</ele></trkpt>
      <trkpt lat="47.089906" lon="10.389172"><ele>2018</ele></trkpt>
      <trkpt lat="47.089847" lon="10.389289"><ele>2016</ele></trkpt>
      <trkpt lat="47.089772" lon="10.389362"><ele>2015</ele></trkpt>
      <trkpt lat="47.089751" lon="10.389454"><ele>2014</ele></trkpt>
      <trkpt lat="47.089645" lon="10.389565"><ele>2010</ele></trkpt>
      <trkpt lat="47.089608" lon="10.389578"><ele>2009</ele></trkpt>
      <trkpt lat="47.089566" lon="10.389693"><ele>2007</ele></trkpt>
      <trkpt lat="47.089553" lon="10.389728"><ele>2006</ele></trkpt>
      <trkpt lat="47.089483" lon="10.389802"><ele>2003</ele></trkpt>
      <trkpt lat="47.089456" lon="10.389889"><ele>2001</ele></trkpt>
      <trkpt lat="47.089432" lon="10.389901"><ele>2000</ele></trkpt>
      <trkpt lat="47.089413" lon="10.389929"><ele>1999</ele></trkpt>
      <trkpt lat="47.089397" lon="10.389934"><ele>1998</ele></trkpt>
      <trkpt lat="47.089385" lon="10.389973"><ele>1998</ele></trkpt>
      <trkpt lat="47.089348" lon="10.389989"><ele>1996</ele></trkpt>
      <trkpt lat="47.089318" lon="10.390052"><ele>1994</ele></trkpt>
      <trkpt lat="47.089315" lon="10.390120"><ele>1993</ele></trkpt>
      <trkpt lat="47.089231" lon="10.390353"><ele>1988</ele></trkpt>
      <trkpt lat="47.089173" lon="10.390437"><ele>1986</ele></trkpt>
      <trkpt lat="47.089111" lon="10.390584"><ele>1984</ele></trkpt>
      <trkpt lat="47.089046" lon="10.390799"><ele>1980</ele></trkpt>
      <trkpt lat="47.089010" lon="10.390860"><ele>1979</ele></trkpt>
      <trkpt lat="47.088908" lon="10.391181"><ele>1974</ele></trkpt>
      <trkpt lat="47.088718" lon="10.391713"><ele>1968</ele></trkpt>
      <trkpt lat="47.088670" lon="10.391783"><ele>1966</ele></trkpt>
      <trkpt lat="47.088641" lon="10.391810"><ele>1966</ele></trkpt>
      <trkpt lat="47.088615" lon="10.391898"><ele>1963</ele></trkpt>
      <trkpt lat="47.088564" lon="10.391957"><ele>1962</ele></trkpt>
      <trkpt lat="47.088497" lon="10.391972"><ele>1962</ele></trkpt>
      <trkpt lat="47.088423" lon="10.392039"><ele>1960</ele></trkpt>
      <trkpt lat="47.088347" lon="10.392114"><ele>1959</ele></trkpt>
      <trkpt lat="47.088281" lon="10.392218"><ele>1958</ele></trkpt>
      <trkpt lat="47.088233" lon="10.392232"><ele>1958</ele></trkpt>
      <trkpt lat="47.088124" lon="10.392302"><ele>1958</ele></trkpt>
      <trkpt lat="47.088077" lon="10.392346"><ele>1958</ele></trkpt>
      <trkpt lat="47.087990" lon="10.392370"><ele>1958</ele></trkpt>
      <trkpt lat="47.087809" lon="10.392448"><ele>1958</ele></trkpt>
      <trkpt lat="47.087485" lon="10.392438"><ele>1957</ele></trkpt>
      <trkpt lat="47.087335" lon="10.392570"><ele>1955</ele></trkpt>
      <trkpt lat="47.087220" lon="10.392684"><ele>1955</ele></trkpt>
      <trkpt lat="47.087155" lon="10.392715"><ele>1954</ele></trkpt>
      <trkpt lat="47.087077" lon="10.392785"><ele>1952</ele></trkpt>
      <trkpt lat="47.086993" lon="10.392790"><ele>1953</ele></trkpt>
      <trkpt lat="47.086912" lon="10.392754"><ele>1953</ele></trkpt>
      <trkpt lat="47.086668" lon="10.392584"><ele>1949</ele></trkpt>
      <trkpt lat="47.086572" lon="10.392542"><ele>1950</ele></trkpt>
      <trkpt lat="47.086505" lon="10.392529"><ele>1950</ele></trkpt>
      <trkpt lat="47.086444" lon="10.392565"><ele>1948</ele></trkpt>
      <trkpt lat="47.086284" lon="10.392727"><ele>1944</ele></trkpt>
      <trkpt lat="47.086206" lon="10.392790"><ele>1942</ele></trkpt>
      <trkpt lat="47.085902" lon="10.393127"><ele>1932</ele></trkpt>
      <trkpt lat="47.085771" lon="10.393401"><ele>1922</ele></trkpt>
      <trkpt lat="47.085653" lon="10.393602"><ele>1913</ele></trkpt>
      <trkpt lat="47.085628" lon="10.393757"><ele>1908</ele></trkpt>
      <trkpt lat="47.085610" lon="10.393780"><ele>1907</ele></trkpt>
      <trkpt lat="47.085565" lon="10.393718"><ele>1908</ele></trkpt>
      <trkpt lat="47.085554" lon="10.393726"><ele>1907</ele></trkpt>
      <trkpt lat="47.085545" lon="10.393784"><ele>1906</ele></trkpt>
      <trkpt lat="47.085553" lon="10.393805"><ele>1906</ele></trkpt>
      <trkpt lat="47.085485" lon="10.393962"><ele>1901</ele></trkpt>
      <trkpt lat="47.085445" lon="10.393919"><ele>1901</ele></trkpt>
      <trkpt lat="47.085379" lon="10.393923"><ele>1900</ele></trkpt>
      <trkpt lat="47.085159" lon="10.393988"><ele>1897</ele></trkpt>
      <trkpt lat="47.085112" lon="10.393948"><ele>1896</ele></trkpt>
      <trkpt lat="47.085043" lon="10.393866"><ele>1895</ele></trkpt>
      <trkpt lat="47.085010" lon="10.393852"><ele>1894</ele></trkpt>
      <trkpt lat="47.084983" lon="10.393785"><ele>1893</ele></trkpt>
      <trkpt lat="47.084941" lon="10.393800"><ele>1892</ele></trkpt>
      <trkpt lat="47.084934" lon="10.393765"><ele>1890</ele></trkpt>
      <trkpt lat="47.084958" lon="10.393644"><ele>1890</ele></trkpt>
      <trkpt lat="47.084952" lon="10.393565"><ele>1888</ele></trkpt>
      <trkpt lat="47.084955" lon="10.393489"><ele>1886</ele></trkpt>
      <trkpt lat="47.084967" lon="10.393396"><ele>1885</ele></trkpt>
      <trkpt lat="47.084962" lon="10.393261"><ele>1883</ele></trkpt>
      <trkpt lat="47.084932" lon="10.393269"><ele>1883</ele></trkpt>
      <trkpt lat="47.084902" lon="10.393242"><ele>1882</ele></trkpt>
      <trkpt lat="47.084802" lon="10.393229"><ele>1881</ele></trkpt>
      <trkpt lat="47.084771" lon="10.393183"><ele>1880</ele></trkpt>
      <trkpt lat="47.084720" lon="10.393183"><ele>1880</ele></trkpt>
      <trkpt lat="47.084684" lon="10.393171"><ele>1880</ele></trkpt>
      <trkpt lat="47.084647" lon="10.393194"><ele>1879</ele></trkpt>
      <trkpt lat="47.084628" lon="10.393191"><ele>1879</ele></trkpt>
      <trkpt lat="47.084579" lon="10.393221"><ele>1879</ele></trkpt>
      <trkpt lat="47.084500" lon="10.393217"><ele>1878</ele></trkpt>
      <trkpt lat="47.084416" lon="10.393265"><ele>1877</ele></trkpt>
      <trkpt lat="47.084376" lon="10.393244"><ele>1877</ele></trkpt>
      <trkpt lat="47.084334" lon="10.393252"><ele>1876</ele></trkpt>
      <trkpt lat="47.084293" lon="10.393218"><ele>1876</ele></trkpt>
      <trkpt lat="47.084201" lon="10.393248"><ele>1874</ele></trkpt>
      <trkpt lat="47.084153" lon="10.393252"><ele>1873</ele></trkpt>
      <trkpt lat="47.084092" lon="10.393205"><ele>1870</ele></trkpt>
      <trkpt lat="47.084049" lon="10.393057"><ele>1870</ele></trkpt>
      <trkpt lat="47.084010" lon="10.392983"><ele>1870</ele></trkpt>
      <trkpt lat="47.083960" lon="10.392960"><ele>1868</ele></trkpt>
      <trkpt lat="47.083904" lon="10.393014"><ele>1863</ele></trkpt>
      <trkpt lat="47.083849" lon="10.393008"><ele>1863</ele></trkpt>
      <trkpt lat="47.083817" lon="10.392965"><ele>1864</ele></trkpt>
      <trkpt lat="47.083511" lon="10.393073"><ele>1860</ele></trkpt>
      <trkpt lat="47.083413" lon="10.393023"><ele>1860</ele></trkpt>
      <trkpt lat="47.083165" lon="10.393360"><ele>1852</ele></trkpt>
      <trkpt lat="47.083120" lon="10.393356"><ele>1850</ele></trkpt>
      <trkpt lat="47.083048" lon="10.393494"><ele>1847</ele></trkpt>
      <trkpt lat="47.082286" lon="10.394430"><ele>1838</ele></trkpt>
      <trkpt lat="47.082141" lon="10.394667"><ele>1835</ele></trkpt>
      <trkpt lat="47.082089" lon="10.394675"><ele>1835</ele></trkpt>
      <trkpt lat="47.082046" lon="10.394618"><ele>1834</ele></trkpt>
      <trkpt lat="47.082050" lon="10.394539"><ele>1834</ele></trkpt>
      <trkpt lat="47.082146" lon="10.394317"><ele>1834</ele></trkpt>
      <trkpt lat="47.082207" lon="10.394174"><ele>1833</ele></trkpt>
      <trkpt lat="47.082414" lon="10.393816"><ele>1831</ele></trkpt>
      <trkpt lat="47.082452" lon="10.393712"><ele>1830</ele></trkpt>
      <trkpt lat="47.082439" lon="10.393633"><ele>1829</ele></trkpt>
      <trkpt lat="47.082348" lon="10.393627"><ele>1828</ele></trkpt>
      <trkpt lat="47.082145" lon="10.393743"><ele>1827</ele></trkpt>
      <trkpt lat="47.081661" lon="10.393962"><ele>1820</ele></trkpt>
      <trkpt lat="47.081512" lon="10.393998"><ele>1816</ele></trkpt>
      <trkpt lat="47.081413" lon="10.393962"><ele>1816</ele></trkpt>
      <trkpt lat="47.081359" lon="10.393877"><ele>1816</ele></trkpt>
      <trkpt lat="47.081355" lon="10.393676"><ele>1816</ele></trkpt>
      <trkpt lat="47.081338" lon="10.393457"><ele>1816</ele></trkpt>
      <trkpt lat="47.081276" lon="10.393293"><ele>1815</ele></trkpt>
      <trkpt lat="47.081019" lon="10.392971"><ele>1811</ele></trkpt>
      <trkpt lat="47.080779" lon="10.392831"><ele>1806</ele></trkpt>
      <trkpt lat="47.080643" lon="10.392424"><ele>1807</ele></trkpt>
      <trkpt lat="47.079914" lon="10.392047"><ele>1794</ele></trkpt>
      <trkpt lat="47.079579" lon="10.391938"><ele>1790</ele></trkpt>
      <trkpt lat="47.079484" lon="10.391858"><ele>1788</ele></trkpt>
      <trkpt lat="47.079413" lon="10.391524"><ele>1786</ele></trkpt>
      <trkpt lat="47.079281" lon="10.390971"><ele>1782</ele></trkpt>
      <trkpt lat="47.079190" lon="10.390770"><ele>1780</ele></trkpt>
      <trkpt lat="47.079008" lon="10.390661"><ele>1776</ele></trkpt>
      <trkpt lat="47.078896" lon="10.390558"><ele>1775</ele></trkpt>
      <trkpt lat="47.078834" lon="10.390436"><ele>1776</ele></trkpt>
      <trkpt lat="47.078722" lon="10.390369"><ele>1774</ele></trkpt>
      <trkpt lat="47.078503" lon="10.390424"><ele>1769</ele></trkpt>
      <trkpt lat="47.078428" lon="10.390521"><ele>1766</ele></trkpt>
      <trkpt lat="47.078320" lon="10.390521"><ele>1768</ele></trkpt>
      <trkpt lat="47.078200" lon="10.390394"><ele>1768</ele></trkpt>
      <trkpt lat="47.078035" lon="10.390333"><ele>1763</ele></trkpt>
      <trkpt lat="47.077948" lon="10.390278"><ele>1761</ele></trkpt>
      <trkpt lat="47.077849" lon="10.390053"><ele>1762</ele></trkpt>
      <trkpt lat="47.077724" lon="10.389853"><ele>1757</ele></trkpt>
      <trkpt lat="47.077675" lon="10.389640"><ele>1757</ele></trkpt>
      <trkpt lat="47.077613" lon="10.389220"><ele>1755</ele></trkpt>
      <trkpt lat="47.077397" lon="10.388479"><ele>1748</ele></trkpt>
      <trkpt lat="47.077319" lon="10.388339"><ele>1747</ele></trkpt>
      <trkpt lat="47.077228" lon="10.388053"><ele>1744</ele></trkpt>
      <trkpt lat="47.077190" lon="10.387847"><ele>1742</ele></trkpt>
      <trkpt lat="47.077178" lon="10.387591"><ele>1741</ele></trkpt>
      <trkpt lat="47.077079" lon="10.387123"><ele>1737</ele></trkpt>
      <trkpt lat="47.076797" lon="10.386467"><ele>1730</ele></trkpt>
      <trkpt lat="47.076723" lon="10.386138"><ele>1729</ele></trkpt>
      <trkpt lat="47.076520" lon="10.385810"><ele>1724</ele></trkpt>
      <trkpt lat="47.076441" lon="10.385543"><ele>1722</ele></trkpt>
      <trkpt lat="47.076387" lon="10.385415"><ele>1720</ele></trkpt>
      <trkpt lat="47.075986" lon="10.384917"><ele>1712</ele></trkpt>
      <trkpt lat="47.075944" lon="10.384923"><ele>1710</ele></trkpt>
      <trkpt lat="47.075944" lon="10.385020"><ele>1708</ele></trkpt>
      <trkpt lat="47.076019" lon="10.385172"><ele>1709</ele></trkpt>
      <trkpt lat="47.076089" lon="10.385628"><ele>1705</ele></trkpt>
      <trkpt lat="47.076052" lon="10.385974"><ele>1702</ele></trkpt>
      <trkpt lat="47.076031" lon="10.386503"><ele>1698</ele></trkpt>
      <trkpt lat="47.075982" lon="10.386935"><ele>1696</ele></trkpt>
      <trkpt lat="47.075990" lon="10.387166"><ele>1694</ele></trkpt>
      <trkpt lat="47.075982" lon="10.387312"><ele>1693</ele></trkpt>
      <trkpt lat="47.075915" lon="10.387336"><ele>1691</ele></trkpt>
      <trkpt lat="47.075820" lon="10.387227"><ele>1690</ele></trkpt>
      <trkpt lat="47.075696" lon="10.386990"><ele>1688</ele></trkpt>
      <trkpt lat="47.075696" lon="10.386801"><ele>1686</ele></trkpt>
      <trkpt lat="47.075684" lon="10.386576"><ele>1686</ele></trkpt>
      <trkpt lat="47.075634" lon="10.386442"><ele>1684</ele></trkpt>
      <trkpt lat="47.075468" lon="10.386363"><ele>1680</ele></trkpt>
      <trkpt lat="47.075369" lon="10.386266"><ele>1677</ele></trkpt>
      <trkpt lat="47.075307" lon="10.385926"><ele>1676</ele></trkpt>
      <trkpt lat="47.075286" lon="10.385482"><ele>1672</ele></trkpt>
      <trkpt lat="47.075199" lon="10.384996"><ele>1668</ele></trkpt>
      <trkpt lat="47.075195" lon="10.384771"><ele>1668</ele></trkpt>
      <trkpt lat="47.075145" lon="10.384607"><ele>1667</ele></trkpt>
      <trkpt lat="47.074777" lon="10.384090"><ele>1659</ele></trkpt>
      <trkpt lat="47.074711" lon="10.383920"><ele>1659</ele></trkpt>
      <trkpt lat="47.074624" lon="10.383786"><ele>1659</ele></trkpt>
      <trkpt lat="47.074479" lon="10.383719"><ele>1655</ele></trkpt>
      <trkpt lat="47.074230" lon="10.383543"><ele>1652</ele></trkpt>
      <trkpt lat="47.074115" lon="10.383403"><ele>1650</ele></trkpt>
      <trkpt lat="47.074069" lon="10.383233"><ele>1652</ele></trkpt>
      <trkpt lat="47.073994" lon="10.383227"><ele>1649</ele></trkpt>
      <trkpt lat="47.073626" lon="10.382923"><ele>1645</ele></trkpt>
      <trkpt lat="47.073278" lon="10.382917"><ele>1638</ele></trkpt>
      <trkpt lat="47.073104" lon="10.382765"><ele>1639</ele></trkpt>
      <trkpt lat="47.073075" lon="10.382826"><ele>1636</ele></trkpt>
      <trkpt lat="47.073676" lon="10.383622"><ele>1626</ele></trkpt>
      <trkpt lat="47.073796" lon="10.383926"><ele>1620</ele></trkpt>
      <trkpt lat="47.074061" lon="10.384266"><ele>1620</ele></trkpt>
      <trkpt lat="47.074090" lon="10.384412"><ele>1617</ele></trkpt>
      <trkpt lat="47.074044" lon="10.384509"><ele>1614</ele></trkpt>
      <trkpt lat="47.073957" lon="10.384509"><ele>1611</ele></trkpt>
      <trkpt lat="47.073539" lon="10.384199"><ele>1605</ele></trkpt>
      <trkpt lat="47.073328" lon="10.383926"><ele>1604</ele></trkpt>
      <trkpt lat="47.073298" lon="10.383914"><ele>1603</ele></trkpt>
      <trkpt lat="47.073265" lon="10.383920"><ele>1602</ele></trkpt>
      <trkpt lat="47.073228" lon="10.383946"><ele>1601</ele></trkpt>
      <trkpt lat="47.073140" lon="10.383872"><ele>1601</ele></trkpt>
      <trkpt lat="47.073009" lon="10.383786"><ele>1599</ele></trkpt>
      <trkpt lat="47.072795" lon="10.383581"><ele>1594</ele></trkpt>
      <trkpt lat="47.072708" lon="10.383569"><ele>1592</ele></trkpt>
      <trkpt lat="47.072611" lon="10.383511"><ele>1590</ele></trkpt>
      <trkpt lat="47.072542" lon="10.383380"><ele>1588</ele></trkpt>
      <trkpt lat="47.072521" lon="10.383271"><ele>1588</ele></trkpt>
      <trkpt lat="47.072384" lon="10.383194"><ele>1586</ele></trkpt>
      <trkpt lat="47.072153" lon="10.382919"><ele>1579</ele></trkpt>
      <trkpt lat="47.071996" lon="10.382689"><ele>1575</ele></trkpt>
      <trkpt lat="47.071919" lon="10.382557"><ele>1570</ele></trkpt>
      <trkpt lat="47.071864" lon="10.382435"><ele>1568</ele></trkpt>
      <trkpt lat="47.071777" lon="10.382314"><ele>1565</ele></trkpt>
      <trkpt lat="47.071555" lon="10.382033"><ele>1560</ele></trkpt>
      <trkpt lat="47.071025" lon="10.381416"><ele>1548</ele></trkpt>
      <trkpt lat="47.070841" lon="10.381245"><ele>1540</ele></trkpt>
      <trkpt lat="47.070699" lon="10.381062"><ele>1532</ele></trkpt>
      <trkpt lat="47.070614" lon="10.380690"><ele>1524</ele></trkpt>
      <trkpt lat="47.070559" lon="10.380382"><ele>1515</ele></trkpt>
      <trkpt lat="47.070480" lon="10.380134"><ele>1506</ele></trkpt>
      <trkpt lat="47.070466" lon="10.379960"><ele>1502</ele></trkpt>
      <trkpt lat="47.070398" lon="10.379705"><ele>1497</ele></trkpt>
      <trkpt lat="47.070376" lon="10.379584"><ele>1497</ele></trkpt>
      <trkpt lat="47.070358" lon="10.379557"><ele>1496</ele></trkpt>
      <trkpt lat="47.070348" lon="10.379452"><ele>1496</ele></trkpt>
      <trkpt lat="47.070319" lon="10.379318"><ele>1497</ele></trkpt>
      <trkpt lat="47.070281" lon="10.379224"><ele>1497</ele></trkpt>
      <trkpt lat="47.070228" lon="10.379150"><ele>1499</ele></trkpt>
      <trkpt lat="47.070170" lon="10.379110"><ele>1500</ele></trkpt>
      <trkpt lat="47.070111" lon="10.379100"><ele>1501</ele></trkpt>
      <trkpt lat="47.070026" lon="10.379133"><ele>1501</ele></trkpt>
      <trkpt lat="47.069907" lon="10.379204"><ele>1500</ele></trkpt>
      <trkpt lat="47.069828" lon="10.379227"><ele>1500</ele></trkpt>
      <trkpt lat="47.069784" lon="10.379227"><ele>1500</ele></trkpt>
      <trkpt lat="47.069617" lon="10.379366"><ele>1498</ele></trkpt>
      <trkpt lat="47.069530" lon="10.379468"><ele>1496</ele></trkpt>
      <trkpt lat="47.069491" lon="10.379503"><ele>1496</ele></trkpt>
      <trkpt lat="47.069401" lon="10.379506"><ele>1496</ele></trkpt>
      <trkpt lat="47.069362" lon="10.379464"><ele>1495</ele></trkpt>
      <trkpt lat="47.069326" lon="10.379370"><ele>1495</ele></trkpt>
      <trkpt lat="47.069285" lon="10.379176"><ele>1494</ele></trkpt>
      <trkpt lat="47.069195" lon="10.379040"><ele>1494</ele></trkpt>
      <trkpt lat="47.069132" lon="10.378920"><ele>1493</ele></trkpt>
      <trkpt lat="47.069108" lon="10.378901"><ele>1493</ele></trkpt>
      <trkpt lat="47.069089" lon="10.378918"><ele>1492</ele></trkpt>
      <trkpt lat="47.069080" lon="10.378962"><ele>1491</ele></trkpt>
      <trkpt lat="47.069106" lon="10.379070"><ele>1491</ele></trkpt>
      <trkpt lat="47.069115" lon="10.379185"><ele>1490</ele></trkpt>
      <trkpt lat="47.069109" lon="10.379261"><ele>1489</ele></trkpt>
      <trkpt lat="47.069076" lon="10.379313"><ele>1488</ele></trkpt>
      <trkpt lat="47.069036" lon="10.379322"><ele>1487</ele></trkpt>
      <trkpt lat="47.068938" lon="10.379266"><ele>1485</ele></trkpt>
      <trkpt lat="47.068845" lon="10.379130"><ele>1484</ele></trkpt>
      <trkpt lat="47.068767" lon="10.379001"><ele>1481</ele></trkpt>
      <trkpt lat="47.068722" lon="10.378851"><ele>1479</ele></trkpt>
      <trkpt lat="47.068712" lon="10.378676"><ele>1477</ele></trkpt>
      <trkpt lat="47.068684" lon="10.378592"><ele>1476</ele></trkpt>
      <trkpt lat="47.068622" lon="10.378631"><ele>1474</ele></trkpt>
      <trkpt lat="47.068510" lon="10.378798"><ele>1472</ele></trkpt>
      <trkpt lat="47.068269" lon="10.379396"><ele>1464</ele></trkpt>
      <trkpt lat="47.068233" lon="10.379965"><ele>1458</ele></trkpt>
      <trkpt lat="47.068225" lon="10.380458"><ele>1452</ele></trkpt>
      <trkpt lat="47.068156" lon="10.380474"><ele>1450</ele></trkpt>
      <trkpt lat="47.068006" lon="10.380184"><ele>1449</ele></trkpt>
      <trkpt lat="47.067670" lon="10.379965"><ele>1442</ele></trkpt>
      <trkpt lat="47.067392" lon="10.379809"><ele>1435</ele></trkpt>
      <trkpt lat="47.067308" lon="10.379691"><ele>1434</ele></trkpt>
      <trkpt lat="47.067261" lon="10.379385"><ele>1434</ele></trkpt>
      <trkpt lat="47.067162" lon="10.378967"><ele>1431</ele></trkpt>
      <trkpt lat="47.067012" lon="10.378532"><ele>1428</ele></trkpt>
      <trkpt lat="47.066928" lon="10.378371"><ele>1423</ele></trkpt>
      <trkpt lat="47.066852" lon="10.379085"><ele>1412</ele></trkpt>
      <trkpt lat="47.066786" lon="10.379777"><ele>1400</ele></trkpt>
      <trkpt lat="47.066687" lon="10.379385"><ele>1401</ele></trkpt>
      <trkpt lat="47.066651" lon="10.378876"><ele>1400</ele></trkpt>
      <trkpt lat="47.066548" lon="10.378473"><ele>1396</ele></trkpt>
      <trkpt lat="47.066435" lon="10.378264"><ele>1392</ele></trkpt>
      <trkpt lat="47.066179" lon="10.377572"><ele>1382</ele></trkpt>
      <trkpt lat="47.066117" lon="10.377390"><ele>1378</ele></trkpt>
      <trkpt lat="47.066263" lon="10.377003"><ele>1373</ele></trkpt>
      <trkpt lat="47.066530" lon="10.376848"><ele>1374</ele></trkpt>
      <trkpt lat="47.066658" lon="10.376531"><ele>1368</ele></trkpt>
      <trkpt lat="47.066691" lon="10.376065"><ele>1362</ele></trkpt>
      <trkpt lat="47.066673" lon="10.375866"><ele>1358</ele></trkpt>
      <trkpt lat="47.066941" lon="10.375071"><ele>1345</ele></trkpt>
      <trkpt lat="47.066875" lon="10.374825"><ele>1346</ele></trkpt>
      <trkpt lat="47.066351" lon="10.375104"><ele>1330</ele></trkpt>
      <trkpt lat="47.066142" lon="10.375152"><ele>1326</ele></trkpt>
      <trkpt lat="47.066003" lon="10.375063"><ele>1326</ele></trkpt>
      <trkpt lat="47.065728" lon="10.375189"><ele>1320</ele></trkpt>
      <trkpt lat="47.065609" lon="10.375321"><ele>1314</ele></trkpt>
      <trkpt lat="47.065459" lon="10.375346"><ele>1310</ele></trkpt>
      <trkpt lat="47.065341" lon="10.375248"><ele>1309</ele></trkpt>
      <trkpt lat="47.065259" lon="10.375041"><ele>1310</ele></trkpt>
      <trkpt lat="47.065099" lon="10.374968"><ele>1308</ele></trkpt>
      <trkpt lat="47.064930" lon="10.374976"><ele>1306</ele></trkpt>
      <trkpt lat="47.064781" lon="10.375054"><ele>1302</ele></trkpt>
      <trkpt lat="47.064637" lon="10.375094"><ele>1301</ele></trkpt>
      <trkpt lat="47.064573" lon="10.375181"><ele>1297</ele></trkpt>
      <trkpt lat="47.064835" lon="10.375212"><ele>1295</ele></trkpt>
      <trkpt lat="47.064966" lon="10.375362"><ele>1292</ele></trkpt>
      <trkpt lat="47.065047" lon="10.375555"><ele>1288</ele></trkpt>
      <trkpt lat="47.065054" lon="10.375635"><ele>1286</ele></trkpt>
      <trkpt lat="47.064966" lon="10.375641"><ele>1282</ele></trkpt>
      <trkpt lat="47.064851" lon="10.375597"><ele>1281</ele></trkpt>
      <trkpt lat="47.064836" lon="10.375629"><ele>1280</ele></trkpt>
      <trkpt lat="47.064785" lon="10.375649"><ele>1277</ele></trkpt>
      <trkpt lat="47.064540" lon="10.375684"><ele>1275</ele></trkpt>
      <trkpt lat="47.064202" lon="10.375716"><ele>1273</ele></trkpt>
      <trkpt lat="47.064019" lon="10.375794"><ele>1270</ele></trkpt>
      <trkpt lat="47.063835" lon="10.375906"><ele>1265</ele></trkpt>
      <trkpt lat="47.063620" lon="10.375952"><ele>1264</ele></trkpt>
      <trkpt lat="47.063599" lon="10.375981"><ele>1263</ele></trkpt>
      <trkpt lat="47.063577" lon="10.376012"><ele>1262</ele></trkpt>
      <trkpt lat="47.063502" lon="10.376024"><ele>1260</ele></trkpt>
      <trkpt lat="47.063396" lon="10.376000"><ele>1260</ele></trkpt>
      <trkpt lat="47.063353" lon="10.375973"><ele>1259</ele></trkpt>
      <trkpt lat="47.063310" lon="10.375932"><ele>1259</ele></trkpt>
      <trkpt lat="47.063285" lon="10.375847"><ele>1259</ele></trkpt>
      <trkpt lat="47.063262" lon="10.375634"><ele>1260</ele></trkpt>
      <trkpt lat="47.063252" lon="10.375595"><ele>1260</ele></trkpt>
  </trkseg></trk>
</gpx>
