<?xml version="1.0" encoding="UTF-8"?>
<gpx version="1.1" creator="Geurt's huttentocht 2027" xmlns="http://www.topografix.com/GPX/1/1" xmlns:xsi="http://www.w3.org/2001/XMLSchema-instance" xsi:schemaLocation="http://www.topografix.com/GPX/1/1 http://www.topografix.com/GPX/1/1/gpx.xsd">
  <metadata>
    <name>Verwallrunde (Geurt's huttentocht 2027)</name>
    <desc>3-daagse: Kappl - Niederelbehuette - Schmalzgruben Scharte - Edmund-Graf-Huette - Pettneu. Indicatief, OSM/ODbL.</desc>
    <author><name>Geurt's huttentocht 2027</name></author>
    <copyright author="OpenStreetMap contributors"><license>ODbL</license></copyright>
  </metadata>
  <wpt lat="47.063379" lon="10.375531"><ele>1300</ele><name>Start Kappl</name><sym>Trail Head</sym></wpt>
  <wpt lat="47.062444" lon="10.316042"><ele>2310</ele><name>Niederelbehütte (2.310 m)</name><sym>Lodging</sym></wpt>
  <wpt lat="47.095200" lon="10.351300"><ele>2697</ele><name>Schmalzgruben Scharte (2.697 m)</name><sym>Pass</sym></wpt>
  <wpt lat="47.106040" lon="10.355825"><ele>2375</ele><name>Edmund-Graf-Hütte (2.375 m)</name><sym>Lodging</sym></wpt>
  <wpt lat="47.149487" lon="10.343585"><ele>1122</ele><name>Finish Pettneu</name><sym>Trail Head</sym></wpt>
  <wpt lat="47.116000" lon="10.371000"><ele>3168</ele><name>Hoher Riffler (3.168 m)</name><sym>Summit</sym></wpt>
  <trk><name>Verwallrunde (Geurt's huttentocht 2027)</name><trkseg>
      <trkpt lat="47.063252" lon="10.375595"><ele>1260</ele></trkpt>
      <trkpt lat="47.063175" lon="10.375268"><ele>1260</ele></trkpt>
      <trkpt lat="47.063108" lon="10.374987"><ele>1264</ele></trkpt>
      <trkpt lat="47.063033" lon="10.374763"><ele>1263</ele></trkpt>
      <trkpt lat="47.063009" lon="10.374514"><ele>1265</ele></trkpt>
      <trkpt lat="47.062702" lon="10.373672"><ele>1268</ele></trkpt>
      <trkpt lat="47.062662" lon="10.373566"><ele>1268</ele></trkpt>
      <trkpt lat="47.062581" lon="10.373349"><ele>1266</ele></trkpt>
      <trkpt lat="47.062487" lon="10.373099"><ele>1265</ele></trkpt>
      <trkpt lat="47.062357" lon="10.372784"><ele>1261</ele></trkpt>
      <trkpt lat="47.062278" lon="10.372559"><ele>1262</ele></trkpt>
      <trkpt lat="47.062235" lon="10.372378"><ele>1263</ele></trkpt>
      <trkpt lat="47.062214" lon="10.372216"><ele>1263</ele></trkpt>
      <trkpt lat="47.062196" lon="10.371761"><ele>1261</ele></trkpt>
      <trkpt lat="47.062179" lon="10.371668"><ele>1260</ele></trkpt>
      <trkpt lat="47.062145" lon="10.371567"><ele>1262</ele></trkpt>
      <trkpt lat="47.062100" lon="10.371474"><ele>1263</ele></trkpt>
      <trkpt lat="47.061967" lon="10.371249"><ele>1264</ele></trkpt>
      <trkpt lat="47.061841" lon="10.371066"><ele>1264</ele></trkpt>
      <trkpt lat="47.061708" lon="10.370661"><ele>1266</ele></trkpt>
      <trkpt lat="47.061675" lon="10.370501"><ele>1265</ele></trkpt>
      <trkpt lat="47.061627" lon="10.370235"><ele>1266</ele></trkpt>
      <trkpt lat="47.061558" lon="10.369964"><ele>1268</ele></trkpt>
      <trkpt lat="47.061394" lon="10.369293"><ele>1269</ele></trkpt>
      <trkpt lat="47.061381" lon="10.369183"><ele>1269</ele></trkpt>
      <trkpt lat="47.061376" lon="10.368971"><ele>1270</ele></trkpt>
      <trkpt lat="47.061350" lon="10.368623"><ele>1270</ele></trkpt>
      <trkpt lat="47.061300" lon="10.368448"><ele>1271</ele></trkpt>
      <trkpt lat="47.060904" lon="10.367368"><ele>1274</ele></trkpt>
      <trkpt lat="47.060496" lon="10.366895"><ele>1278</ele></trkpt>
      <trkpt lat="47.060251" lon="10.366545"><ele>1280</ele></trkpt>
      <trkpt lat="47.060135" lon="10.366359"><ele>1281</ele></trkpt>
      <trkpt lat="47.060065" lon="10.366105"><ele>1286</ele></trkpt>
      <trkpt lat="47.060023" lon="10.365975"><ele>1287</ele></trkpt>
      <trkpt lat="47.059958" lon="10.365816"><ele>1288</ele></trkpt>
      <trkpt lat="47.059738" lon="10.365414"><ele>1291</ele></trkpt>
      <trkpt lat="47.059650" lon="10.365256"><ele>1291</ele></trkpt>
      <trkpt lat="47.059558" lon="10.365142"><ele>1291</ele></trkpt>
      <trkpt lat="47.059518" lon="10.365071"><ele>1291</ele></trkpt>
      <trkpt lat="47.059335" lon="10.364533"><ele>1289</ele></trkpt>
      <trkpt lat="47.059246" lon="10.364318"><ele>1290</ele></trkpt>
      <trkpt lat="47.059137" lon="10.364128"><ele>1289</ele></trkpt>
      <trkpt lat="47.058608" lon="10.363268"><ele>1291</ele></trkpt>
      <trkpt lat="47.058516" lon="10.363085"><ele>1292</ele></trkpt>
      <trkpt lat="47.058436" lon="10.362874"><ele>1292</ele></trkpt>
      <trkpt lat="47.058130" lon="10.361654"><ele>1294</ele></trkpt>
      <trkpt lat="47.058144" lon="10.361593"><ele>1297</ele></trkpt>
      <trkpt lat="47.058132" lon="10.361505"><ele>1298</ele></trkpt>
      <trkpt lat="47.058086" lon="10.361365"><ele>1298</ele></trkpt>
      <trkpt lat="47.058032" lon="10.361286"><ele>1299</ele></trkpt>
      <trkpt lat="47.057660" lon="10.360813"><ele>1306</ele></trkpt>
      <trkpt lat="47.057491" lon="10.360614"><ele>1308</ele></trkpt>
      <trkpt lat="47.057346" lon="10.360409"><ele>1310</ele></trkpt>
      <trkpt lat="47.057225" lon="10.360122"><ele>1314</ele></trkpt>
      <trkpt lat="47.057089" lon="10.359621"><ele>1320</ele></trkpt>
      <trkpt lat="47.056704" lon="10.358402"><ele>1334</ele></trkpt>
      <trkpt lat="47.056546" lon="10.358055"><ele>1340</ele></trkpt>
      <trkpt lat="47.056088" lon="10.357203"><ele>1349</ele></trkpt>
      <trkpt lat="47.056099" lon="10.357181"><ele>1350</ele></trkpt>
      <trkpt lat="47.056122" lon="10.357186"><ele>1350</ele></trkpt>
      <trkpt lat="47.056169" lon="10.357224"><ele>1351</ele></trkpt>
      <trkpt lat="47.056258" lon="10.357247"><ele>1353</ele></trkpt>
      <trkpt lat="47.056313" lon="10.357229"><ele>1356</ele></trkpt>
      <trkpt lat="47.056366" lon="10.357241"><ele>1358</ele></trkpt>
      <trkpt lat="47.056509" lon="10.357238"><ele>1364</ele></trkpt>
      <trkpt lat="47.056709" lon="10.357309"><ele>1370</ele></trkpt>
      <trkpt lat="47.056743" lon="10.357337"><ele>1370</ele></trkpt>
      <trkpt lat="47.056802" lon="10.357367"><ele>1370</ele></trkpt>
      <trkpt lat="47.056843" lon="10.357374"><ele>1371</ele></trkpt>
      <trkpt lat="47.056884" lon="10.357357"><ele>1373</ele></trkpt>
      <trkpt lat="47.056919" lon="10.357328"><ele>1375</ele></trkpt>
      <trkpt lat="47.056929" lon="10.357288"><ele>1377</ele></trkpt>
      <trkpt lat="47.056939" lon="10.357137"><ele>1383</ele></trkpt>
      <trkpt lat="47.056938" lon="10.357059"><ele>1386</ele></trkpt>
      <trkpt lat="47.056945" lon="10.357033"><ele>1387</ele></trkpt>
      <trkpt lat="47.056964" lon="10.357006"><ele>1388</ele></trkpt>
      <trkpt lat="47.057001" lon="10.356991"><ele>1390</ele></trkpt>
      <trkpt lat="47.057040" lon="10.356940"><ele>1392</ele></trkpt>
      <trkpt lat="47.057025" lon="10.356886"><ele>1394</ele></trkpt>
      <trkpt lat="47.057026" lon="10.356802"><ele>1396</ele></trkpt>
      <trkpt lat="47.057016" lon="10.356616"><ele>1401</ele></trkpt>
      <trkpt lat="47.057028" lon="10.356559"><ele>1402</ele></trkpt>
      <trkpt lat="47.057032" lon="10.356419"><ele>1406</ele></trkpt>
      <trkpt lat="47.057054" lon="10.356348"><ele>1408</ele></trkpt>
      <trkpt lat="47.057065" lon="10.356271"><ele>1410</ele></trkpt>
      <trkpt lat="47.057079" lon="10.356247"><ele>1412</ele></trkpt>
      <trkpt lat="47.057104" lon="10.356234"><ele>1412</ele></trkpt>
      <trkpt lat="47.057167" lon="10.356288"><ele>1413</ele></trkpt>
      <trkpt lat="47.057205" lon="10.356294"><ele>1414</ele></trkpt>
      <trkpt lat="47.057253" lon="10.356364"><ele>1415</ele></trkpt>
      <trkpt lat="47.057374" lon="10.356424"><ele>1422</ele></trkpt>
      <trkpt lat="47.057419" lon="10.356456"><ele>1424</ele></trkpt>
      <trkpt lat="47.057430" lon="10.356484"><ele>1424</ele></trkpt>
      <trkpt lat="47.057447" lon="10.356504"><ele>1424</ele></trkpt>
      <trkpt lat="47.057506" lon="10.356530"><ele>1428</ele></trkpt>
      <trkpt lat="47.057544" lon="10.356586"><ele>1428</ele></trkpt>
      <trkpt lat="47.057639" lon="10.356638"><ele>1433</ele></trkpt>
      <trkpt lat="47.057678" lon="10.356685"><ele>1434</ele></trkpt>
      <trkpt lat="47.057750" lon="10.356728"><ele>1438</ele></trkpt>
      <trkpt lat="47.057868" lon="10.356820"><ele>1440</ele></trkpt>
      <trkpt lat="47.057902" lon="10.356822"><ele>1441</ele></trkpt>
      <trkpt lat="47.057738" lon="10.356455"><ele>1446</ele></trkpt>
      <trkpt lat="47.057639" lon="10.355942"><ele>1451</ele></trkpt>
      <trkpt lat="47.057633" lon="10.355793"><ele>1452</ele></trkpt>
      <trkpt lat="47.057721" lon="10.355066"><ele>1460</ele></trkpt>
      <trkpt lat="47.057724" lon="10.354850"><ele>1462</ele></trkpt>
      <trkpt lat="47.057656" lon="10.354561"><ele>1463</ele></trkpt>
      <trkpt lat="47.057577" lon="10.354152"><ele>1467</ele></trkpt>
      <trkpt lat="47.057419" lon="10.353817"><ele>1470</ele></trkpt>
      <trkpt lat="47.057267" lon="10.353643"><ele>1471</ele></trkpt>
      <trkpt lat="47.057185" lon="10.353533"><ele>1471</ele></trkpt>
      <trkpt lat="47.057164" lon="10.353479"><ele>1472</ele></trkpt>
      <trkpt lat="47.057169" lon="10.353401"><ele>1472</ele></trkpt>
      <trkpt lat="47.057198" lon="10.353344"><ele>1474</ele></trkpt>
      <trkpt lat="47.057245" lon="10.353312"><ele>1475</ele></trkpt>
      <trkpt lat="47.057354" lon="10.353345"><ele>1477</ele></trkpt>
      <trkpt lat="47.057625" lon="10.353457"><ele>1482</ele></trkpt>
      <trkpt lat="47.057780" lon="10.353647"><ele>1482</ele></trkpt>
      <trkpt lat="47.057967" lon="10.354111"><ele>1485</ele></trkpt>
      <trkpt lat="47.058027" lon="10.354224"><ele>1487</ele></trkpt>
      <trkpt lat="47.058018" lon="10.354037"><ele>1489</ele></trkpt>
      <trkpt lat="47.057963" lon="10.353771"><ele>1490</ele></trkpt>
      <trkpt lat="47.057943" lon="10.353639"><ele>1491</ele></trkpt>
      <trkpt lat="47.057898" lon="10.353476"><ele>1493</ele></trkpt>
      <trkpt lat="47.057812" lon="10.353289"><ele>1493</ele></trkpt>
      <trkpt lat="47.057782" lon="10.353193"><ele>1492</ele></trkpt>
      <trkpt lat="47.057797" lon="10.353122"><ele>1492</ele></trkpt>
      <trkpt lat="47.057891" lon="10.353019"><ele>1496</ele></trkpt>
      <trkpt lat="47.058691" lon="10.352431"><ele>1504</ele></trkpt>
      <trkpt lat="47.058771" lon="10.352394"><ele>1506</ele></trkpt>
      <trkpt lat="47.058848" lon="10.352386"><ele>1509</ele></trkpt>
      <trkpt lat="47.058963" lon="10.352351"><ele>1512</ele></trkpt>
      <trkpt lat="47.059032" lon="10.352302"><ele>1513</ele></trkpt>
      <trkpt lat="47.059092" lon="10.352218"><ele>1511</ele></trkpt>
      <trkpt lat="47.059160" lon="10.352161"><ele>1512</ele></trkpt>
      <trkpt lat="47.059222" lon="10.352123"><ele>1512</ele></trkpt>
      <trkpt lat="47.059354" lon="10.352110"><ele>1516</ele></trkpt>
      <trkpt lat="47.059529" lon="10.352027"><ele>1517</ele></trkpt>
      <trkpt lat="47.059663" lon="10.351897"><ele>1516</ele></trkpt>
      <trkpt lat="47.059712" lon="10.351797"><ele>1516</ele></trkpt>
      <trkpt lat="47.059702" lon="10.351705"><ele>1514</ele></trkpt>
      <trkpt lat="47.059679" lon="10.351615"><ele>1515</ele></trkpt>
      <trkpt lat="47.059590" lon="10.351555"><ele>1516</ele></trkpt>
      <trkpt lat="47.059992" lon="10.351158"><ele>1544</ele></trkpt>
      <trkpt lat="47.060840" lon="10.350575"><ele>1572</ele></trkpt>
      <trkpt lat="47.061223" lon="10.350154"><ele>1579</ele></trkpt>
      <trkpt lat="47.061483" lon="10.349792"><ele>1588</ele></trkpt>
      <trkpt lat="47.061811" lon="10.349230"><ele>1608</ele></trkpt>
      <trkpt lat="47.062030" lon="10.348708"><ele>1623</ele></trkpt>
      <trkpt lat="47.062508" lon="10.347865"><ele>1643</ele></trkpt>
      <trkpt lat="47.063042" lon="10.346942"><ele>1665</ele></trkpt>
      <trkpt lat="47.063469" lon="10.346348"><ele>1675</ele></trkpt>
      <trkpt lat="47.063657" lon="10.345837"><ele>1690</ele></trkpt>
      <trkpt lat="47.063849" lon="10.344954"><ele>1713</ele></trkpt>
      <trkpt lat="47.064013" lon="10.343910"><ele>1730</ele></trkpt>
      <trkpt lat="47.064054" lon="10.343268"><ele>1744</ele></trkpt>
      <trkpt lat="47.064245" lon="10.342123"><ele>1764</ele></trkpt>
      <trkpt lat="47.064692" lon="10.341590"><ele>1763</ele></trkpt>
      <trkpt lat="47.064943" lon="10.340035"><ele>1798</ele></trkpt>
      <trkpt lat="47.064970" lon="10.339072"><ele>1827</ele></trkpt>
      <trkpt lat="47.064885" lon="10.337965"><ele>1866</ele></trkpt>
      <trkpt lat="47.064772" lon="10.337816"><ele>1870</ele></trkpt>
      <trkpt lat="47.064693" lon="10.337743"><ele>1873</ele></trkpt>
      <trkpt lat="47.064647" lon="10.337729"><ele>1874</ele></trkpt>
      <trkpt lat="47.064602" lon="10.337739"><ele>1875</ele></trkpt>
      <trkpt lat="47.064559" lon="10.337784"><ele>1874</ele></trkpt>
      <trkpt lat="47.064526" lon="10.337839"><ele>1873</ele></trkpt>
      <trkpt lat="47.064441" lon="10.337896"><ele>1873</ele></trkpt>
      <trkpt lat="47.064416" lon="10.337901"><ele>1874</ele></trkpt>
      <trkpt lat="47.064398" lon="10.337894"><ele>1875</ele></trkpt>
      <trkpt lat="47.064389" lon="10.337876"><ele>1876</ele></trkpt>
      <trkpt lat="47.064391" lon="10.337846"><ele>1877</ele></trkpt>
      <trkpt lat="47.064486" lon="10.337694"><ele>1878</ele></trkpt>
      <trkpt lat="47.064554" lon="10.337549"><ele>1882</ele></trkpt>
      <trkpt lat="47.064616" lon="10.337480"><ele>1884</ele></trkpt>
      <trkpt lat="47.064679" lon="10.337453"><ele>1884</ele></trkpt>
      <trkpt lat="47.064723" lon="10.337455"><ele>1884</ele></trkpt>
      <trkpt lat="47.064766" lon="10.337479"><ele>1883</ele></trkpt>
      <trkpt lat="47.064887" lon="10.337569"><ele>1881</ele></trkpt>
      <trkpt lat="47.064919" lon="10.337574"><ele>1881</ele></trkpt>
      <trkpt lat="47.064963" lon="10.337554"><ele>1882</ele></trkpt>
      <trkpt lat="47.065063" lon="10.337373"><ele>1886</ele></trkpt>
      <trkpt lat="47.065158" lon="10.337267"><ele>1886</ele></trkpt>
      <trkpt lat="47.065199" lon="10.337148"><ele>1886</ele></trkpt>
      <trkpt lat="47.065214" lon="10.337001"><ele>1888</ele></trkpt>
      <trkpt lat="47.065217" lon="10.336862"><ele>1889</ele></trkpt>
      <trkpt lat="47.065212" lon="10.336754"><ele>1890</ele></trkpt>
      <trkpt lat="47.065194" lon="10.336690"><ele>1891</ele></trkpt>
      <trkpt lat="47.065162" lon="10.336620"><ele>1893</ele></trkpt>
      <trkpt lat="47.065122" lon="10.336486"><ele>1896</ele></trkpt>
      <trkpt lat="47.065030" lon="10.335945"><ele>1904</ele></trkpt>
      <trkpt lat="47.065035" lon="10.335709"><ele>1905</ele></trkpt>
      <trkpt lat="47.064939" lon="10.335423"><ele>1909</ele></trkpt>
      <trkpt lat="47.064871" lon="10.334920"><ele>1916</ele></trkpt>
      <trkpt lat="47.064854" lon="10.334723"><ele>1918</ele></trkpt>
      <trkpt lat="47.064854" lon="10.334593"><ele>1920</ele></trkpt>
      <trkpt lat="47.064869" lon="10.334496"><ele>1920</ele></trkpt>
      <trkpt lat="47.064900" lon="10.334390"><ele>1921</ele></trkpt>
      <trkpt lat="47.064916" lon="10.334282"><ele>1922</ele></trkpt>
      <trkpt lat="47.064916" lon="10.334197"><ele>1924</ele></trkpt>
      <trkpt lat="47.064893" lon="10.334019"><ele>1926</ele></trkpt>
      <trkpt lat="47.064848" lon="10.333878"><ele>1930</ele></trkpt>
      <trkpt lat="47.064704" lon="10.333601"><ele>1932</ele></trkpt>
      <trkpt lat="47.064616" lon="10.333390"><ele>1938</ele></trkpt>
      <trkpt lat="47.064563" lon="10.333316"><ele>1940</ele></trkpt>
      <trkpt lat="47.064542" lon="10.333226"><ele>1941</ele></trkpt>
      <trkpt lat="47.064543" lon="10.333197"><ele>1941</ele></trkpt>
      <trkpt lat="47.064552" lon="10.333178"><ele>1940</ele></trkpt>
      <trkpt lat="47.064593" lon="10.333145"><ele>1940</ele></trkpt>
      <trkpt lat="47.064628" lon="10.333103"><ele>1940</ele></trkpt>
      <trkpt lat="47.064637" lon="10.333079"><ele>1940</ele></trkpt>
      <trkpt lat="47.064720" lon="10.332682"><ele>1944</ele></trkpt>
      <trkpt lat="47.064742" lon="10.332615"><ele>1944</ele></trkpt>
      <trkpt lat="47.064778" lon="10.332541"><ele>1946</ele></trkpt>
      <trkpt lat="47.064819" lon="10.332485"><ele>1948</ele></trkpt>
      <trkpt lat="47.064963" lon="10.332320"><ele>1952</ele></trkpt>
      <trkpt lat="47.065086" lon="10.332158"><ele>1956</ele></trkpt>
      <trkpt lat="47.065273" lon="10.331890"><ele>1963</ele></trkpt>
      <trkpt lat="47.065391" lon="10.331742"><ele>1966</ele></trkpt>
      <trkpt lat="47.065511" lon="10.331689"><ele>1969</ele></trkpt>
      <trkpt lat="47.065561" lon="10.331648"><ele>1970</ele></trkpt>
      <trkpt lat="47.065613" lon="10.331557"><ele>1972</ele></trkpt>
      <trkpt lat="47.065643" lon="10.331455"><ele>1974</ele></trkpt>
      <trkpt lat="47.065664" lon="10.331273"><ele>1976</ele></trkpt>
      <trkpt lat="47.065665" lon="10.330957"><ele>1980</ele></trkpt>
      <trkpt lat="47.065675" lon="10.330883"><ele>1981</ele></trkpt>
      <trkpt lat="47.065753" lon="10.330591"><ele>1985</ele></trkpt>
      <trkpt lat="47.065765" lon="10.330512"><ele>1986</ele></trkpt>
      <trkpt lat="47.065767" lon="10.330457"><ele>1987</ele></trkpt>
      <trkpt lat="47.065735" lon="10.330230"><ele>1990</ele></trkpt>
      <trkpt lat="47.065740" lon="10.330009"><ele>1993</ele></trkpt>
      <trkpt lat="47.065730" lon="10.329842"><ele>1995</ele></trkpt>
      <trkpt lat="47.065705" lon="10.329695"><ele>1997</ele></trkpt>
      <trkpt lat="47.065655" lon="10.329556"><ele>2000</ele></trkpt>
      <trkpt lat="47.065551" lon="10.329340"><ele>2002</ele></trkpt>
      <trkpt lat="47.065401" lon="10.329104"><ele>2006</ele></trkpt>
      <trkpt lat="47.065376" lon="10.329043"><ele>2006</ele></trkpt>
      <trkpt lat="47.065369" lon="10.328989"><ele>2007</ele></trkpt>
      <trkpt lat="47.065371" lon="10.328736"><ele>2011</ele></trkpt>
      <trkpt lat="47.065426" lon="10.328131"><ele>2020</ele></trkpt>
      <trkpt lat="47.065452" lon="10.327994"><ele>2021</ele></trkpt>
      <trkpt lat="47.065474" lon="10.327934"><ele>2022</ele></trkpt>
      <trkpt lat="47.065526" lon="10.327856"><ele>2023</ele></trkpt>
      <trkpt lat="47.065577" lon="10.327807"><ele>2025</ele></trkpt>
      <trkpt lat="47.065593" lon="10.327812"><ele>2026</ele></trkpt>
      <trkpt lat="47.065607" lon="10.327823"><ele>2026</ele></trkpt>
      <trkpt lat="47.065614" lon="10.327844"><ele>2026</ele></trkpt>
      <trkpt lat="47.065617" lon="10.327880"><ele>2026</ele></trkpt>
      <trkpt lat="47.065609" lon="10.327995"><ele>2026</ele></trkpt>
      <trkpt lat="47.065616" lon="10.328044"><ele>2027</ele></trkpt>
      <trkpt lat="47.065727" lon="10.328273"><ele>2029</ele></trkpt>
      <trkpt lat="47.065754" lon="10.328316"><ele>2029</ele></trkpt>
      <trkpt lat="47.065776" lon="10.328346"><ele>2030</ele></trkpt>
      <trkpt lat="47.065803" lon="10.328358"><ele>2030</ele></trkpt>
      <trkpt lat="47.065825" lon="10.328351"><ele>2031</ele></trkpt>
      <trkpt lat="47.065827" lon="10.328318"><ele>2032</ele></trkpt>
      <trkpt lat="47.065790" lon="10.328167"><ele>2032</ele></trkpt>
      <trkpt lat="47.065793" lon="10.328119"><ele>2033</ele></trkpt>
      <trkpt lat="47.065842" lon="10.327933"><ele>2035</ele></trkpt>
      <trkpt lat="47.065842" lon="10.327830"><ele>2035</ele></trkpt>
      <trkpt lat="47.065851" lon="10.327736"><ele>2036</ele></trkpt>
      <trkpt lat="47.065866" lon="10.327673"><ele>2037</ele></trkpt>
      <trkpt lat="47.065932" lon="10.327539"><ele>2040</ele></trkpt>
      <trkpt lat="47.065955" lon="10.327460"><ele>2042</ele></trkpt>
      <trkpt lat="47.065935" lon="10.327108"><ele>2045</ele></trkpt>
      <trkpt lat="47.065872" lon="10.326514"><ele>2052</ele></trkpt>
      <trkpt lat="47.065849" lon="10.326421"><ele>2052</ele></trkpt>
      <trkpt lat="47.065815" lon="10.326330"><ele>2052</ele></trkpt>
      <trkpt lat="47.065775" lon="10.326146"><ele>2055</ele></trkpt>
      <trkpt lat="47.065769" lon="10.326083"><ele>2056</ele></trkpt>
      <trkpt lat="47.065771" lon="10.326016"><ele>2058</ele></trkpt>
      <trkpt lat="47.065762" lon="10.325973"><ele>2059</ele></trkpt>
      <trkpt lat="47.065667" lon="10.325867"><ele>2059</ele></trkpt>
      <trkpt lat="47.065490" lon="10.325542"><ele>2066</ele></trkpt>
      <trkpt lat="47.065433" lon="10.325456"><ele>2068</ele></trkpt>
      <trkpt lat="47.065268" lon="10.325300"><ele>2069</ele></trkpt>
      <trkpt lat="47.065232" lon="10.325257"><ele>2069</ele></trkpt>
      <trkpt lat="47.065197" lon="10.325196"><ele>2070</ele></trkpt>
      <trkpt lat="47.065123" lon="10.325003"><ele>2074</ele></trkpt>
      <trkpt lat="47.065034" lon="10.324859"><ele>2076</ele></trkpt>
      <trkpt lat="47.064966" lon="10.324662"><ele>2080</ele></trkpt>
      <trkpt lat="47.064930" lon="10.324571"><ele>2083</ele></trkpt>
      <trkpt lat="47.064882" lon="10.324490"><ele>2085</ele></trkpt>
      <trkpt lat="47.064847" lon="10.324449"><ele>2086</ele></trkpt>
      <trkpt lat="47.064818" lon="10.324427"><ele>2086</ele></trkpt>
      <trkpt lat="47.064763" lon="10.324427"><ele>2085</ele></trkpt>
      <trkpt lat="47.064709" lon="10.324458"><ele>2083</ele></trkpt>
      <trkpt lat="47.064679" lon="10.324460"><ele>2083</ele></trkpt>
      <trkpt lat="47.064652" lon="10.324448"><ele>2083</ele></trkpt>
      <trkpt lat="47.064613" lon="10.324377"><ele>2084</ele></trkpt>
      <trkpt lat="47.064588" lon="10.324281"><ele>2086</ele></trkpt>
      <trkpt lat="47.064569" lon="10.324152"><ele>2089</ele></trkpt>
      <trkpt lat="47.064565" lon="10.324011"><ele>2091</ele></trkpt>
      <trkpt lat="47.064554" lon="10.323935"><ele>2092</ele></trkpt>
      <trkpt lat="47.064513" lon="10.323763"><ele>2094</ele></trkpt>
      <trkpt lat="47.064474" lon="10.323645"><ele>2095</ele></trkpt>
      <trkpt lat="47.064451" lon="10.323542"><ele>2096</ele></trkpt>
      <trkpt lat="47.064449" lon="10.323389"><ele>2099</ele></trkpt>
      <trkpt lat="47.064403" lon="10.323163"><ele>2101</ele></trkpt>
      <trkpt lat="47.064359" lon="10.322820"><ele>2104</ele></trkpt>
      <trkpt lat="47.064373" lon="10.322656"><ele>2106</ele></trkpt>
      <trkpt lat="47.064390" lon="10.322544"><ele>2106</ele></trkpt>
      <trkpt lat="47.064420" lon="10.322432"><ele>2108</ele></trkpt>
      <trkpt lat="47.064579" lon="10.321968"><ele>2113</ele></trkpt>
      <trkpt lat="47.064615" lon="10.321963"><ele>2115</ele></trkpt>
      <trkpt lat="47.064669" lon="10.321886"><ele>2117</ele></trkpt>
      <trkpt lat="47.064722" lon="10.321778"><ele>2119</ele></trkpt>
      <trkpt lat="47.064809" lon="10.321556"><ele>2121</ele></trkpt>
      <trkpt lat="47.064842" lon="10.321413"><ele>2122</ele></trkpt>
      <trkpt lat="47.064884" lon="10.321285"><ele>2123</ele></trkpt>
      <trkpt lat="47.064930" lon="10.321204"><ele>2124</ele></trkpt>
      <trkpt lat="47.064996" lon="10.321136"><ele>2126</ele></trkpt>
      <trkpt lat="47.065026" lon="10.321085"><ele>2128</ele></trkpt>
      <trkpt lat="47.064999" lon="10.321013"><ele>2128</ele></trkpt>
      <trkpt lat="47.064940" lon="10.320978"><ele>2127</ele></trkpt>
      <trkpt lat="47.064873" lon="10.320804"><ele>2129</ele></trkpt>
      <trkpt lat="47.064866" lon="10.320622"><ele>2133</ele></trkpt>
      <trkpt lat="47.064798" lon="10.320448"><ele>2136</ele></trkpt>
      <trkpt lat="47.064726" lon="10.320367"><ele>2137</ele></trkpt>
      <trkpt lat="47.064592" lon="10.320300"><ele>2140</ele></trkpt>
      <trkpt lat="47.064495" lon="10.320236"><ele>2142</ele></trkpt>
      <trkpt lat="47.064379" lon="10.320083"><ele>2148</ele></trkpt>
      <trkpt lat="47.064160" lon="10.319874"><ele>2155</ele></trkpt>
      <trkpt lat="47.064095" lon="10.319612"><ele>2162</ele></trkpt>
      <trkpt lat="47.064049" lon="10.319589"><ele>2160</ele></trkpt>
      <trkpt lat="47.064050" lon="10.319501"><ele>2163</ele></trkpt>
      <trkpt lat="47.064092" lon="10.319495"><ele>2166</ele></trkpt>
      <trkpt lat="47.064157" lon="10.319438"><ele>2172</ele></trkpt>
      <trkpt lat="47.064078" lon="10.319337"><ele>2170</ele></trkpt>
      <trkpt lat="47.064081" lon="10.319257"><ele>2173</ele></trkpt>
      <trkpt lat="47.064157" lon="10.319268"><ele>2178</ele></trkpt>
      <trkpt lat="47.064207" lon="10.319168"><ele>2183</ele></trkpt>
      <trkpt lat="47.064168" lon="10.319136"><ele>2182</ele></trkpt>
      <trkpt lat="47.064226" lon="10.318985"><ele>2184</ele></trkpt>
      <trkpt lat="47.064364" lon="10.318732"><ele>2190</ele></trkpt>
      <trkpt lat="47.064555" lon="10.318542"><ele>2196</ele></trkpt>
      <trkpt lat="47.064625" lon="10.318181"><ele>2200</ele></trkpt>
      <trkpt lat="47.064562" lon="10.317545"><ele>2210</ele></trkpt>
      <trkpt lat="47.064436" lon="10.317400"><ele>2213</ele></trkpt>
      <trkpt lat="47.064413" lon="10.317227"><ele>2217</ele></trkpt>
      <trkpt lat="47.064180" lon="10.316836"><ele>2221</ele></trkpt>
      <trkpt lat="47.064180" lon="10.316583"><ele>2226</ele></trkpt>
      <trkpt lat="47.064072" lon="10.316427"><ele>2233</ele></trkpt>
      <trkpt lat="47.064101" lon="10.316268"><ele>2236</ele></trkpt>
      <trkpt lat="47.064112" lon="10.315823"><ele>2249</ele></trkpt>
      <trkpt lat="47.064015" lon="10.315902"><ele>2250</ele></trkpt>
      <trkpt lat="47.063941" lon="10.315983"><ele>2251</ele></trkpt>
      <trkpt lat="47.063834" lon="10.315959"><ele>2256</ele></trkpt>
      <trkpt lat="47.063800" lon="10.315935"><ele>2258</ele></trkpt>
      <trkpt lat="47.063849" lon="10.315817"><ele>2261</ele></trkpt>
      <trkpt lat="47.063895" lon="10.315566"><ele>2266</ele></trkpt>
      <trkpt lat="47.063890" lon="10.315542"><ele>2268</ele></trkpt>
      <trkpt lat="47.063873" lon="10.315544"><ele>2268</ele></trkpt>
      <trkpt lat="47.063598" lon="10.315704"><ele>2276</ele></trkpt>
      <trkpt lat="47.063584" lon="10.315701"><ele>2277</ele></trkpt>
      <trkpt lat="47.063584" lon="10.315681"><ele>2278</ele></trkpt>
      <trkpt lat="47.063708" lon="10.315482"><ele>2281</ele></trkpt>
      <trkpt lat="47.063704" lon="10.315461"><ele>2282</ele></trkpt>
      <trkpt lat="47.063685" lon="10.315459"><ele>2284</ele></trkpt>
      <trkpt lat="47.063441" lon="10.315610"><ele>2289</ele></trkpt>
      <trkpt lat="47.063418" lon="10.315605"><ele>2290</ele></trkpt>
      <trkpt lat="47.063425" lon="10.315574"><ele>2291</ele></trkpt>
      <trkpt lat="47.063496" lon="10.315471"><ele>2292</ele></trkpt>
      <trkpt lat="47.063495" lon="10.315450"><ele>2292</ele></trkpt>
      <trkpt lat="47.063479" lon="10.315441"><ele>2294</ele></trkpt>
      <trkpt lat="47.063351" lon="10.315496"><ele>2297</ele></trkpt>
      <trkpt lat="47.063275" lon="10.315457"><ele>2299</ele></trkpt>
      <trkpt lat="47.063206" lon="10.315445"><ele>2299</ele></trkpt>
      <trkpt lat="47.063077" lon="10.315457"><ele>2300</ele></trkpt>
      <trkpt lat="47.063028" lon="10.315492"><ele>2301</ele></trkpt>
      <trkpt lat="47.062995" lon="10.315512"><ele>2302</ele></trkpt>
      <trkpt lat="47.062976" lon="10.315568"><ele>2302</ele></trkpt>
      <trkpt lat="47.062968" lon="10.315643"><ele>2303</ele></trkpt>
      <trkpt lat="47.062969" lon="10.315809"><ele>2304</ele></trkpt>
      <trkpt lat="47.062944" lon="10.315817"><ele>2304</ele></trkpt>
      <trkpt lat="47.062845" lon="10.315767"><ele>2306</ele></trkpt>
      <trkpt lat="47.062738" lon="10.315743"><ele>2308</ele></trkpt>
      <trkpt lat="47.062641" lon="10.315824"><ele>2309</ele></trkpt>
      <trkpt lat="47.062599" lon="10.315912"><ele>2309</ele></trkpt>
      <trkpt lat="47.062511" lon="10.316184"><ele>2308</ele></trkpt>
      <trkpt lat="47.062480" lon="10.316178"><ele>2308</ele></trkpt>
      <trkpt lat="47.062414" lon="10.316133"><ele>2310</ele></trkpt>
      <trkpt lat="47.062480" lon="10.316178"><ele>2308</ele></trkpt>
      <trkpt lat="47.062511" lon="10.316184"><ele>2308</ele></trkpt>
      <trkpt lat="47.062599" lon="10.315912"><ele>2309</ele></trkpt>
      <trkpt lat="47.062641" lon="10.315824"><ele>2309</ele></trkpt>
      <trkpt lat="47.062738" lon="10.315743"><ele>2308</ele></trkpt>
      <trkpt lat="47.062845" lon="10.315767"><ele>2306</ele></trkpt>
      <trkpt lat="47.062944" lon="10.315817"><ele>2304</ele></trkpt>
      <trkpt lat="47.062969" lon="10.315809"><ele>2304</ele></trkpt>
      <trkpt lat="47.062968" lon="10.315643"><ele>2303</ele></trkpt>
      <trkpt lat="47.062976" lon="10.315568"><ele>2302</ele></trkpt>
      <trkpt lat="47.062995" lon="10.315512"><ele>2302</ele></trkpt>
      <trkpt lat="47.063028" lon="10.315492"><ele>2301</ele></trkpt>
      <trkpt lat="47.063077" lon="10.315457"><ele>2300</ele></trkpt>
      <trkpt lat="47.063206" lon="10.315445"><ele>2299</ele></trkpt>
      <trkpt lat="47.063275" lon="10.315457"><ele>2299</ele></trkpt>
      <trkpt lat="47.063351" lon="10.315496"><ele>2297</ele></trkpt>
      <trkpt lat="47.063479" lon="10.315441"><ele>2294</ele></trkpt>
      <trkpt lat="47.063495" lon="10.315450"><ele>2292</ele></trkpt>
      <trkpt lat="47.063496" lon="10.315471"><ele>2292</ele></trkpt>
      <trkpt lat="47.063425" lon="10.315574"><ele>2291</ele></trkpt>
      <trkpt lat="47.063418" lon="10.315605"><ele>2290</ele></trkpt>
      <trkpt lat="47.063441" lon="10.315610"><ele>2289</ele></trkpt>
      <trkpt lat="47.063685" lon="10.315459"><ele>2284</ele></trkpt>
      <trkpt lat="47.063704" lon="10.315461"><ele>2282</ele></trkpt>
      <trkpt lat="47.063708" lon="10.315482"><ele>2281</ele></trkpt>
      <trkpt lat="47.063584" lon="10.315681"><ele>2278</ele></trkpt>
      <trkpt lat="47.063584" lon="10.315701"><ele>2277</ele></trkpt>
      <trkpt lat="47.063598" lon="10.315704"><ele>2276</ele></trkpt>
      <trkpt lat="47.063873" lon="10.315544"><ele>2268</ele></trkpt>
      <trkpt lat="47.063890" lon="10.315542"><ele>2268</ele></trkpt>
      <trkpt lat="47.063895" lon="10.315566"><ele>2266</ele></trkpt>
      <trkpt lat="47.063849" lon="10.315817"><ele>2261</ele></trkpt>
      <trkpt lat="47.063800" lon="10.315935"><ele>2258</ele></trkpt>
      <trkpt lat="47.063834" lon="10.315959"><ele>2256</ele></trkpt>
      <trkpt lat="47.063941" lon="10.315983"><ele>2251</ele></trkpt>
      <trkpt lat="47.064015" lon="10.315902"><ele>2250</ele></trkpt>
      <trkpt lat="47.064112" lon="10.315823"><ele>2249</ele></trkpt>
      <trkpt lat="47.064432" lon="10.315578"><ele>2241</ele></trkpt>
      <trkpt lat="47.064536" lon="10.315576"><ele>2239</ele></trkpt>
      <trkpt lat="47.064705" lon="10.315465"><ele>2237</ele></trkpt>
      <trkpt lat="47.064760" lon="10.315459"><ele>2236</ele></trkpt>
      <trkpt lat="47.065054" lon="10.315285"><ele>2238</ele></trkpt>
      <trkpt lat="47.065113" lon="10.315277"><ele>2239</ele></trkpt>
      <trkpt lat="47.065158" lon="10.315301"><ele>2239</ele></trkpt>
      <trkpt lat="47.065197" lon="10.315343"><ele>2238</ele></trkpt>
      <trkpt lat="47.065230" lon="10.315407"><ele>2238</ele></trkpt>
      <trkpt lat="47.065287" lon="10.315583"><ele>2238</ele></trkpt>
      <trkpt lat="47.065346" lon="10.315920"><ele>2236</ele></trkpt>
      <trkpt lat="47.065357" lon="10.315949"><ele>2236</ele></trkpt>
      <trkpt lat="47.065374" lon="10.315965"><ele>2236</ele></trkpt>
      <trkpt lat="47.065435" lon="10.315984"><ele>2236</ele></trkpt>
      <trkpt lat="47.065481" lon="10.316029"><ele>2236</ele></trkpt>
      <trkpt lat="47.065500" lon="10.316029"><ele>2236</ele></trkpt>
      <trkpt lat="47.065586" lon="10.315988"><ele>2239</ele></trkpt>
      <trkpt lat="47.065620" lon="10.315994"><ele>2240</ele></trkpt>
      <trkpt lat="47.065658" lon="10.316035"><ele>2240</ele></trkpt>
      <trkpt lat="47.065697" lon="10.316145"><ele>2241</ele></trkpt>
      <trkpt lat="47.065702" lon="10.316236"><ele>2242</ele></trkpt>
      <trkpt lat="47.065694" lon="10.316311"><ele>2242</ele></trkpt>
      <trkpt lat="47.065678" lon="10.316381"><ele>2241</ele></trkpt>
      <trkpt lat="47.065665" lon="10.316531"><ele>2241</ele></trkpt>
      <trkpt lat="47.065603" lon="10.316906"><ele>2241</ele></trkpt>
      <trkpt lat="47.065479" lon="10.317413"><ele>2242</ele></trkpt>
      <trkpt lat="47.065469" lon="10.317504"><ele>2242</ele></trkpt>
      <trkpt lat="47.065474" lon="10.317617"><ele>2242</ele></trkpt>
      <trkpt lat="47.065490" lon="10.317733"><ele>2242</ele></trkpt>
      <trkpt lat="47.065484" lon="10.317817"><ele>2242</ele></trkpt>
      <trkpt lat="47.065494" lon="10.317895"><ele>2241</ele></trkpt>
      <trkpt lat="47.065503" lon="10.317918"><ele>2242</ele></trkpt>
      <trkpt lat="47.065517" lon="10.317923"><ele>2242</ele></trkpt>
      <trkpt lat="47.065576" lon="10.317900"><ele>2244</ele></trkpt>
      <trkpt lat="47.065604" lon="10.317905"><ele>2245</ele></trkpt>
      <trkpt lat="47.065632" lon="10.317980"><ele>2244</ele></trkpt>
      <trkpt lat="47.065664" lon="10.318048"><ele>2242</ele></trkpt>
      <trkpt lat="47.065680" lon="10.318069"><ele>2242</ele></trkpt>
      <trkpt lat="47.065731" lon="10.318077"><ele>2242</ele></trkpt>
      <trkpt lat="47.065799" lon="10.318065"><ele>2242</ele></trkpt>
      <trkpt lat="47.065882" lon="10.318037"><ele>2243</ele></trkpt>
      <trkpt lat="47.065972" lon="10.318035"><ele>2241</ele></trkpt>
      <trkpt lat="47.066025" lon="10.318011"><ele>2242</ele></trkpt>
      <trkpt lat="47.066148" lon="10.317933"><ele>2242</ele></trkpt>
      <trkpt lat="47.066207" lon="10.317860"><ele>2244</ele></trkpt>
      <trkpt lat="47.066252" lon="10.317826"><ele>2243</ele></trkpt>
      <trkpt lat="47.066536" lon="10.317628"><ele>2243</ele></trkpt>
      <trkpt lat="47.066637" lon="10.317576"><ele>2243</ele></trkpt>
      <trkpt lat="47.066783" lon="10.317526"><ele>2244</ele></trkpt>
      <trkpt lat="47.066915" lon="10.317433"><ele>2244</ele></trkpt>
      <trkpt lat="47.066931" lon="10.317433"><ele>2244</ele></trkpt>
      <trkpt lat="47.066944" lon="10.317443"><ele>2244</ele></trkpt>
      <trkpt lat="47.066964" lon="10.317475"><ele>2244</ele></trkpt>
      <trkpt lat="47.066971" lon="10.317529"><ele>2244</ele></trkpt>
      <trkpt lat="47.066921" lon="10.317769"><ele>2245</ele></trkpt>
      <trkpt lat="47.066917" lon="10.317820"><ele>2245</ele></trkpt>
      <trkpt lat="47.066934" lon="10.317966"><ele>2246</ele></trkpt>
      <trkpt lat="47.066856" lon="10.318234"><ele>2244</ele></trkpt>
      <trkpt lat="47.066858" lon="10.318288"><ele>2244</ele></trkpt>
      <trkpt lat="47.066878" lon="10.318304"><ele>2245</ele></trkpt>
      <trkpt lat="47.066886" lon="10.318356"><ele>2245</ele></trkpt>
      <trkpt lat="47.066925" lon="10.318460"><ele>2244</ele></trkpt>
      <trkpt lat="47.066999" lon="10.318694"><ele>2241</ele></trkpt>
      <trkpt lat="47.067026" lon="10.318742"><ele>2240</ele></trkpt>
      <trkpt lat="47.067082" lon="10.318797"><ele>2241</ele></trkpt>
      <trkpt lat="47.067132" lon="10.318892"><ele>2240</ele></trkpt>
      <trkpt lat="47.067164" lon="10.318984"><ele>2240</ele></trkpt>
      <trkpt lat="47.067199" lon="10.319043"><ele>2239</ele></trkpt>
      <trkpt lat="47.067222" lon="10.319129"><ele>2238</ele></trkpt>
      <trkpt lat="47.067328" lon="10.319376"><ele>2238</ele></trkpt>
      <trkpt lat="47.067565" lon="10.319970"><ele>2237</ele></trkpt>
      <trkpt lat="47.067604" lon="10.320114"><ele>2236</ele></trkpt>
      <trkpt lat="47.067665" lon="10.320199"><ele>2238</ele></trkpt>
      <trkpt lat="47.067801" lon="10.320576"><ele>2236</ele></trkpt>
      <trkpt lat="47.067892" lon="10.320887"><ele>2233</ele></trkpt>
      <trkpt lat="47.067940" lon="10.321000"><ele>2233</ele></trkpt>
      <trkpt lat="47.067965" lon="10.321224"><ele>2230</ele></trkpt>
      <trkpt lat="47.067948" lon="10.321377"><ele>2227</ele></trkpt>
      <trkpt lat="47.067947" lon="10.321508"><ele>2225</ele></trkpt>
      <trkpt lat="47.067962" lon="10.321619"><ele>2223</ele></trkpt>
      <trkpt lat="47.068001" lon="10.321702"><ele>2223</ele></trkpt>
      <trkpt lat="47.068118" lon="10.321779"><ele>2223</ele></trkpt>
      <trkpt lat="47.068197" lon="10.321857"><ele>2222</ele></trkpt>
      <trkpt lat="47.068257" lon="10.321932"><ele>2220</ele></trkpt>
      <trkpt lat="47.068311" lon="10.322037"><ele>2218</ele></trkpt>
      <trkpt lat="47.068378" lon="10.322204"><ele>2218</ele></trkpt>
      <trkpt lat="47.068393" lon="10.322307"><ele>2217</ele></trkpt>
      <trkpt lat="47.068387" lon="10.322341"><ele>2216</ele></trkpt>
      <trkpt lat="47.068379" lon="10.322379"><ele>2216</ele></trkpt>
      <trkpt lat="47.068383" lon="10.322446"><ele>2215</ele></trkpt>
      <trkpt lat="47.068395" lon="10.322483"><ele>2216</ele></trkpt>
      <trkpt lat="47.068385" lon="10.322524"><ele>2214</ele></trkpt>
      <trkpt lat="47.068382" lon="10.322574"><ele>2214</ele></trkpt>
      <trkpt lat="47.068401" lon="10.322743"><ele>2214</ele></trkpt>
      <trkpt lat="47.068406" lon="10.322887"><ele>2214</ele></trkpt>
      <trkpt lat="47.068419" lon="10.322917"><ele>2215</ele></trkpt>
      <trkpt lat="47.068444" lon="10.322951"><ele>2216</ele></trkpt>
      <trkpt lat="47.068457" lon="10.322976"><ele>2216</ele></trkpt>
      <trkpt lat="47.068453" lon="10.323012"><ele>2216</ele></trkpt>
      <trkpt lat="47.068462" lon="10.323207"><ele>2217</ele></trkpt>
      <trkpt lat="47.068458" lon="10.323461"><ele>2220</ele></trkpt>
      <trkpt lat="47.068326" lon="10.323738"><ele>2219</ele></trkpt>
      <trkpt lat="47.068289" lon="10.323895"><ele>2220</ele></trkpt>
      <trkpt lat="47.068285" lon="10.323974"><ele>2220</ele></trkpt>
      <trkpt lat="47.068263" lon="10.324060"><ele>2220</ele></trkpt>
      <trkpt lat="47.068250" lon="10.324190"><ele>2220</ele></trkpt>
      <trkpt lat="47.068223" lon="10.324324"><ele>2221</ele></trkpt>
      <trkpt lat="47.068162" lon="10.324463"><ele>2219</ele></trkpt>
      <trkpt lat="47.068124" lon="10.324606"><ele>2220</ele></trkpt>
      <trkpt lat="47.068024" lon="10.324824"><ele>2216</ele></trkpt>
      <trkpt lat="47.067977" lon="10.325028"><ele>2216</ele></trkpt>
      <trkpt lat="47.067962" lon="10.325181"><ele>2215</ele></trkpt>
      <trkpt lat="47.067969" lon="10.325321"><ele>2214</ele></trkpt>
      <trkpt lat="47.068031" lon="10.325523"><ele>2212</ele></trkpt>
      <trkpt lat="47.068117" lon="10.325656"><ele>2211</ele></trkpt>
      <trkpt lat="47.068183" lon="10.325730"><ele>2210</ele></trkpt>
      <trkpt lat="47.068282" lon="10.325775"><ele>2212</ele></trkpt>
      <trkpt lat="47.068821" lon="10.326372"><ele>2202</ele></trkpt>
      <trkpt lat="47.068852" lon="10.326446"><ele>2201</ele></trkpt>
      <trkpt lat="47.068907" lon="10.326538"><ele>2200</ele></trkpt>
      <trkpt lat="47.068941" lon="10.326662"><ele>2199</ele></trkpt>
      <trkpt lat="47.068998" lon="10.326713"><ele>2200</ele></trkpt>
      <trkpt lat="47.069023" lon="10.326766"><ele>2201</ele></trkpt>
      <trkpt lat="47.069082" lon="10.327175"><ele>2200</ele></trkpt>
      <trkpt lat="47.069090" lon="10.327254"><ele>2200</ele></trkpt>
      <trkpt lat="47.069084" lon="10.327336"><ele>2199</ele></trkpt>
      <trkpt lat="47.069048" lon="10.327557"><ele>2199</ele></trkpt>
      <trkpt lat="47.069031" lon="10.327596"><ele>2199</ele></trkpt>
      <trkpt lat="47.068878" lon="10.327833"><ele>2196</ele></trkpt>
      <trkpt lat="47.068810" lon="10.328014"><ele>2196</ele></trkpt>
      <trkpt lat="47.068816" lon="10.328097"><ele>2196</ele></trkpt>
      <trkpt lat="47.068812" lon="10.328188"><ele>2196</ele></trkpt>
      <trkpt lat="47.068790" lon="10.328395"><ele>2194</ele></trkpt>
      <trkpt lat="47.068771" lon="10.328524"><ele>2192</ele></trkpt>
      <trkpt lat="47.068781" lon="10.328597"><ele>2192</ele></trkpt>
      <trkpt lat="47.068782" lon="10.328718"><ele>2190</ele></trkpt>
      <trkpt lat="47.068803" lon="10.328774"><ele>2190</ele></trkpt>
      <trkpt lat="47.068843" lon="10.328835"><ele>2190</ele></trkpt>
      <trkpt lat="47.068862" lon="10.328882"><ele>2190</ele></trkpt>
      <trkpt lat="47.068853" lon="10.328927"><ele>2189</ele></trkpt>
      <trkpt lat="47.068869" lon="10.328973"><ele>2189</ele></trkpt>
      <trkpt lat="47.068907" lon="10.329040"><ele>2190</ele></trkpt>
      <trkpt lat="47.068987" lon="10.329350"><ele>2192</ele></trkpt>
      <trkpt lat="47.068990" lon="10.329422"><ele>2192</ele></trkpt>
      <trkpt lat="47.068968" lon="10.329647"><ele>2192</ele></trkpt>
      <trkpt lat="47.068982" lon="10.329705"><ele>2193</ele></trkpt>
      <trkpt lat="47.068989" lon="10.329773"><ele>2193</ele></trkpt>
      <trkpt lat="47.069010" lon="10.329848"><ele>2194</ele></trkpt>
      <trkpt lat="47.069003" lon="10.330016"><ele>2192</ele></trkpt>
      <trkpt lat="47.069019" lon="10.330130"><ele>2192</ele></trkpt>
      <trkpt lat="47.069014" lon="10.330280"><ele>2190</ele></trkpt>
      <trkpt lat="47.069024" lon="10.330401"><ele>2189</ele></trkpt>
      <trkpt lat="47.069046" lon="10.330440"><ele>2190</ele></trkpt>
      <trkpt lat="47.069058" lon="10.330512"><ele>2190</ele></trkpt>
      <trkpt lat="47.069098" lon="10.330572"><ele>2191</ele></trkpt>
      <trkpt lat="47.069104" lon="10.330629"><ele>2191</ele></trkpt>
      <trkpt lat="47.069125" lon="10.330689"><ele>2192</ele></trkpt>
      <trkpt lat="47.069128" lon="10.330898"><ele>2191</ele></trkpt>
      <trkpt lat="47.069161" lon="10.331066"><ele>2192</ele></trkpt>
      <trkpt lat="47.069154" lon="10.331201"><ele>2190</ele></trkpt>
      <trkpt lat="47.069168" lon="10.331324"><ele>2189</ele></trkpt>
      <trkpt lat="47.069176" lon="10.331358"><ele>2189</ele></trkpt>
      <trkpt lat="47.069248" lon="10.331425"><ele>2194</ele></trkpt>
      <trkpt lat="47.069288" lon="10.331505"><ele>2195</ele></trkpt>
      <trkpt lat="47.069378" lon="10.331791"><ele>2195</ele></trkpt>
      <trkpt lat="47.069385" lon="10.331851"><ele>2196</ele></trkpt>
      <trkpt lat="47.069370" lon="10.331939"><ele>2194</ele></trkpt>
      <trkpt lat="47.069368" lon="10.331992"><ele>2194</ele></trkpt>
      <trkpt lat="47.069377" lon="10.332093"><ele>2194</ele></trkpt>
      <trkpt lat="47.069416" lon="10.332226"><ele>2196</ele></trkpt>
      <trkpt lat="47.069418" lon="10.332286"><ele>2196</ele></trkpt>
      <trkpt lat="47.069454" lon="10.332428"><ele>2196</ele></trkpt>
      <trkpt lat="47.069530" lon="10.332588"><ele>2196</ele></trkpt>
      <trkpt lat="47.069647" lon="10.332894"><ele>2193</ele></trkpt>
      <trkpt lat="47.069685" lon="10.333024"><ele>2192</ele></trkpt>
      <trkpt lat="47.069850" lon="10.333306"><ele>2193</ele></trkpt>
      <trkpt lat="47.070002" lon="10.333596"><ele>2194</ele></trkpt>
      <trkpt lat="47.070042" lon="10.333687"><ele>2194</ele></trkpt>
      <trkpt lat="47.070161" lon="10.333865"><ele>2192</ele></trkpt>
      <trkpt lat="47.070188" lon="10.333924"><ele>2192</ele></trkpt>
      <trkpt lat="47.070294" lon="10.333977"><ele>2196</ele></trkpt>
      <trkpt lat="47.070330" lon="10.334093"><ele>2196</ele></trkpt>
      <trkpt lat="47.070335" lon="10.334167"><ele>2194</ele></trkpt>
      <trkpt lat="47.070329" lon="10.334218"><ele>2193</ele></trkpt>
      <trkpt lat="47.070353" lon="10.334345"><ele>2192</ele></trkpt>
      <trkpt lat="47.070402" lon="10.334398"><ele>2193</ele></trkpt>
      <trkpt lat="47.070452" lon="10.334438"><ele>2195</ele></trkpt>
      <trkpt lat="47.070504" lon="10.334500"><ele>2196</ele></trkpt>
      <trkpt lat="47.070670" lon="10.334736"><ele>2195</ele></trkpt>
      <trkpt lat="47.070745" lon="10.334886"><ele>2194</ele></trkpt>
      <trkpt lat="47.070763" lon="10.334963"><ele>2193</ele></trkpt>
      <trkpt lat="47.070801" lon="10.335021"><ele>2194</ele></trkpt>
      <trkpt lat="47.070821" lon="10.335069"><ele>2194</ele></trkpt>
      <trkpt lat="47.070833" lon="10.335124"><ele>2193</ele></trkpt>
      <trkpt lat="47.070958" lon="10.335326"><ele>2190</ele></trkpt>
      <trkpt lat="47.071009" lon="10.335391"><ele>2188</ele></trkpt>
      <trkpt lat="47.071150" lon="10.335404"><ele>2190</ele></trkpt>
      <trkpt lat="47.071286" lon="10.335477"><ele>2187</ele></trkpt>
      <trkpt lat="47.071293" lon="10.335486"><ele>2186</ele></trkpt>
      <trkpt lat="47.071290" lon="10.335503"><ele>2185</ele></trkpt>
      <trkpt lat="47.071251" lon="10.335516"><ele>2184</ele></trkpt>
      <trkpt lat="47.071238" lon="10.335544"><ele>2182</ele></trkpt>
      <trkpt lat="47.071241" lon="10.335557"><ele>2182</ele></trkpt>
      <trkpt lat="47.071308" lon="10.335582"><ele>2181</ele></trkpt>
      <trkpt lat="47.071342" lon="10.335624"><ele>2179</ele></trkpt>
      <trkpt lat="47.071368" lon="10.335617"><ele>2179</ele></trkpt>
      <trkpt lat="47.071377" lon="10.335635"><ele>2178</ele></trkpt>
      <trkpt lat="47.071422" lon="10.335638"><ele>2178</ele></trkpt>
      <trkpt lat="47.071424" lon="10.335654"><ele>2177</ele></trkpt>
      <trkpt lat="47.071384" lon="10.335681"><ele>2176</ele></trkpt>
      <trkpt lat="47.071447" lon="10.335697"><ele>2174</ele></trkpt>
      <trkpt lat="47.071494" lon="10.335696"><ele>2173</ele></trkpt>
      <trkpt lat="47.071530" lon="10.335715"><ele>2172</ele></trkpt>
      <trkpt lat="47.071612" lon="10.335808"><ele>2166</ele></trkpt>
      <trkpt lat="47.071641" lon="10.335809"><ele>2166</ele></trkpt>
      <trkpt lat="47.071646" lon="10.335848"><ele>2164</ele></trkpt>
      <trkpt lat="47.071712" lon="10.335859"><ele>2162</ele></trkpt>
      <trkpt lat="47.071835" lon="10.335854"><ele>2160</ele></trkpt>
      <trkpt lat="47.071866" lon="10.335807"><ele>2162</ele></trkpt>
      <trkpt lat="47.071900" lon="10.335774"><ele>2163</ele></trkpt>
      <trkpt lat="47.071989" lon="10.335777"><ele>2163</ele></trkpt>
      <trkpt lat="47.071995" lon="10.335749"><ele>2166</ele></trkpt>
      <trkpt lat="47.071972" lon="10.335720"><ele>2167</ele></trkpt>
      <trkpt lat="47.071996" lon="10.335695"><ele>2170</ele></trkpt>
      <trkpt lat="47.072102" lon="10.335719"><ele>2169</ele></trkpt>
      <trkpt lat="47.072154" lon="10.335714"><ele>2170</ele></trkpt>
      <trkpt lat="47.072190" lon="10.335690"><ele>2172</ele></trkpt>
      <trkpt lat="47.072275" lon="10.335707"><ele>2170</ele></trkpt>
      <trkpt lat="47.072301" lon="10.335679"><ele>2171</ele></trkpt>
      <trkpt lat="47.072399" lon="10.335623"><ele>2172</ele></trkpt>
      <trkpt lat="47.072437" lon="10.335566"><ele>2173</ele></trkpt>
      <trkpt lat="47.072605" lon="10.335459"><ele>2177</ele></trkpt>
      <trkpt lat="47.072630" lon="10.335452"><ele>2177</ele></trkpt>
      <trkpt lat="47.072751" lon="10.335501"><ele>2175</ele></trkpt>
      <trkpt lat="47.072796" lon="10.335567"><ele>2173</ele></trkpt>
      <trkpt lat="47.072946" lon="10.335638"><ele>2174</ele></trkpt>
      <trkpt lat="47.072975" lon="10.335645"><ele>2174</ele></trkpt>
      <trkpt lat="47.073001" lon="10.335663"><ele>2174</ele></trkpt>
      <trkpt lat="47.073109" lon="10.335701"><ele>2174</ele></trkpt>
      <trkpt lat="47.073258" lon="10.335713"><ele>2175</ele></trkpt>
      <trkpt lat="47.073384" lon="10.335667"><ele>2177</ele></trkpt>
      <trkpt lat="47.073520" lon="10.335663"><ele>2176</ele></trkpt>
      <trkpt lat="47.073633" lon="10.335682"><ele>2176</ele></trkpt>
      <trkpt lat="47.073760" lon="10.335666"><ele>2176</ele></trkpt>
      <trkpt lat="47.073841" lon="10.335642"><ele>2178</ele></trkpt>
      <trkpt lat="47.074165" lon="10.335640"><ele>2180</ele></trkpt>
      <trkpt lat="47.074486" lon="10.335600"><ele>2181</ele></trkpt>
      <trkpt lat="47.074634" lon="10.335541"><ele>2182</ele></trkpt>
      <trkpt lat="47.074988" lon="10.335552"><ele>2182</ele></trkpt>
      <trkpt lat="47.075040" lon="10.335571"><ele>2182</ele></trkpt>
      <trkpt lat="47.075099" lon="10.335622"><ele>2183</ele></trkpt>
      <trkpt lat="47.075135" lon="10.335690"><ele>2183</ele></trkpt>
      <trkpt lat="47.075167" lon="10.335841"><ele>2182</ele></trkpt>
      <trkpt lat="47.075226" lon="10.335915"><ele>2183</ele></trkpt>
      <trkpt lat="47.075273" lon="10.335918"><ele>2184</ele></trkpt>
      <trkpt lat="47.075326" lon="10.335953"><ele>2184</ele></trkpt>
      <trkpt lat="47.075348" lon="10.335982"><ele>2185</ele></trkpt>
      <trkpt lat="47.075387" lon="10.336003"><ele>2186</ele></trkpt>
      <trkpt lat="47.075463" lon="10.335989"><ele>2188</ele></trkpt>
      <trkpt lat="47.075500" lon="10.336009"><ele>2188</ele></trkpt>
      <trkpt lat="47.075531" lon="10.336040"><ele>2190</ele></trkpt>
      <trkpt lat="47.075633" lon="10.336207"><ele>2193</ele></trkpt>
      <trkpt lat="47.075718" lon="10.336278"><ele>2195</ele></trkpt>
      <trkpt lat="47.075787" lon="10.336306"><ele>2197</ele></trkpt>
      <trkpt lat="47.075811" lon="10.336369"><ele>2198</ele></trkpt>
      <trkpt lat="47.075817" lon="10.336571"><ele>2202</ele></trkpt>
      <trkpt lat="47.075829" lon="10.336708"><ele>2206</ele></trkpt>
      <trkpt lat="47.075786" lon="10.336901"><ele>2209</ele></trkpt>
      <trkpt lat="47.075721" lon="10.337141"><ele>2208</ele></trkpt>
      <trkpt lat="47.075725" lon="10.337170"><ele>2208</ele></trkpt>
      <trkpt lat="47.075846" lon="10.337068"><ele>2212</ele></trkpt>
      <trkpt lat="47.075871" lon="10.337078"><ele>2212</ele></trkpt>
      <trkpt lat="47.075906" lon="10.337115"><ele>2213</ele></trkpt>
      <trkpt lat="47.075937" lon="10.337084"><ele>2213</ele></trkpt>
      <trkpt lat="47.075974" lon="10.337013"><ele>2215</ele></trkpt>
      <trkpt lat="47.076258" lon="10.336820"><ele>2221</ele></trkpt>
      <trkpt lat="47.076294" lon="10.336857"><ele>2221</ele></trkpt>
      <trkpt lat="47.076357" lon="10.336813"><ele>2222</ele></trkpt>
      <trkpt lat="47.076448" lon="10.336776"><ele>2224</ele></trkpt>
      <trkpt lat="47.076524" lon="10.336760"><ele>2226</ele></trkpt>
      <trkpt lat="47.076617" lon="10.336786"><ele>2228</ele></trkpt>
      <trkpt lat="47.076690" lon="10.336759"><ele>2230</ele></trkpt>
      <trkpt lat="47.076740" lon="10.336864"><ele>2231</ele></trkpt>
      <trkpt lat="47.076738" lon="10.336956"><ele>2232</ele></trkpt>
      <trkpt lat="47.076709" lon="10.337040"><ele>2232</ele></trkpt>
      <trkpt lat="47.076625" lon="10.337506"><ele>2239</ele></trkpt>
      <trkpt lat="47.076558" lon="10.337647"><ele>2240</ele></trkpt>
      <trkpt lat="47.076544" lon="10.337811"><ele>2243</ele></trkpt>
      <trkpt lat="47.076527" lon="10.337871"><ele>2244</ele></trkpt>
      <trkpt lat="47.076523" lon="10.337931"><ele>2245</ele></trkpt>
      <trkpt lat="47.076383" lon="10.338283"><ele>2249</ele></trkpt>
      <trkpt lat="47.076341" lon="10.338530"><ele>2253</ele></trkpt>
      <trkpt lat="47.076262" lon="10.338850"><ele>2256</ele></trkpt>
      <trkpt lat="47.076226" lon="10.339175"><ele>2258</ele></trkpt>
      <trkpt lat="47.076182" lon="10.339351"><ele>2260</ele></trkpt>
      <trkpt lat="47.076113" lon="10.339775"><ele>2264</ele></trkpt>
      <trkpt lat="47.076117" lon="10.339893"><ele>2265</ele></trkpt>
      <trkpt lat="47.076164" lon="10.340016"><ele>2268</ele></trkpt>
      <trkpt lat="47.076202" lon="10.340237"><ele>2269</ele></trkpt>
      <trkpt lat="47.076281" lon="10.340410"><ele>2271</ele></trkpt>
      <trkpt lat="47.076351" lon="10.340486"><ele>2272</ele></trkpt>
      <trkpt lat="47.076372" lon="10.340567"><ele>2272</ele></trkpt>
      <trkpt lat="47.076360" lon="10.340717"><ele>2273</ele></trkpt>
      <trkpt lat="47.076283" lon="10.340978"><ele>2274</ele></trkpt>
      <trkpt lat="47.076228" lon="10.341039"><ele>2274</ele></trkpt>
      <trkpt lat="47.076045" lon="10.341450"><ele>2277</ele></trkpt>
      <trkpt lat="47.075969" lon="10.341535"><ele>2278</ele></trkpt>
      <trkpt lat="47.075929" lon="10.341553"><ele>2278</ele></trkpt>
      <trkpt lat="47.075914" lon="10.341579"><ele>2278</ele></trkpt>
      <trkpt lat="47.075904" lon="10.341626"><ele>2278</ele></trkpt>
      <trkpt lat="47.075838" lon="10.341691"><ele>2279</ele></trkpt>
      <trkpt lat="47.075785" lon="10.341762"><ele>2280</ele></trkpt>
      <trkpt lat="47.075655" lon="10.341822"><ele>2282</ele></trkpt>
      <trkpt lat="47.075595" lon="10.341885"><ele>2282</ele></trkpt>
      <trkpt lat="47.075512" lon="10.341995"><ele>2284</ele></trkpt>
      <trkpt lat="47.075519" lon="10.342281"><ele>2286</ele></trkpt>
      <trkpt lat="47.075536" lon="10.342462"><ele>2286</ele></trkpt>
      <trkpt lat="47.075522" lon="10.342893"><ele>2288</ele></trkpt>
      <trkpt lat="47.075641" lon="10.343160"><ele>2291</ele></trkpt>
      <trkpt lat="47.075659" lon="10.343276"><ele>2292</ele></trkpt>
      <trkpt lat="47.075667" lon="10.343375"><ele>2292</ele></trkpt>
      <trkpt lat="47.075641" lon="10.343705"><ele>2294</ele></trkpt>
      <trkpt lat="47.075627" lon="10.343895"><ele>2295</ele></trkpt>
      <trkpt lat="47.075594" lon="10.344078"><ele>2297</ele></trkpt>
      <trkpt lat="47.075579" lon="10.344138"><ele>2297</ele></trkpt>
      <trkpt lat="47.075497" lon="10.344259"><ele>2296</ele></trkpt>
      <trkpt lat="47.075439" lon="10.344439"><ele>2298</ele></trkpt>
      <trkpt lat="47.075409" lon="10.344634"><ele>2298</ele></trkpt>
      <trkpt lat="47.075389" lon="10.345098"><ele>2300</ele></trkpt>
      <trkpt lat="47.075383" lon="10.345579"><ele>2301</ele></trkpt>
      <trkpt lat="47.075391" lon="10.345834"><ele>2302</ele></trkpt>
      <trkpt lat="47.075408" lon="10.346015"><ele>2303</ele></trkpt>
      <trkpt lat="47.075422" lon="10.346319"><ele>2304</ele></trkpt>
      <trkpt lat="47.075468" lon="10.346826"><ele>2305</ele></trkpt>
      <trkpt lat="47.075503" lon="10.347010"><ele>2306</ele></trkpt>
      <trkpt lat="47.075605" lon="10.347468"><ele>2308</ele></trkpt>
      <trkpt lat="47.075678" lon="10.347608"><ele>2307</ele></trkpt>
      <trkpt lat="47.075795" lon="10.347740"><ele>2307</ele></trkpt>
      <trkpt lat="47.075833" lon="10.347819"><ele>2306</ele></trkpt>
      <trkpt lat="47.075965" lon="10.347934"><ele>2306</ele></trkpt>
      <trkpt lat="47.076111" lon="10.348115"><ele>2304</ele></trkpt>
      <trkpt lat="47.076249" lon="10.348193"><ele>2306</ele></trkpt>
      <trkpt lat="47.076321" lon="10.348327"><ele>2306</ele></trkpt>
      <trkpt lat="47.076404" lon="10.348428"><ele>2304</ele></trkpt>
      <trkpt lat="47.076458" lon="10.348473"><ele>2303</ele></trkpt>
      <trkpt lat="47.076508" lon="10.348497"><ele>2302</ele></trkpt>
      <trkpt lat="47.076647" lon="10.348491"><ele>2302</ele></trkpt>
      <trkpt lat="47.076781" lon="10.348456"><ele>2304</ele></trkpt>
      <trkpt lat="47.076856" lon="10.348449"><ele>2304</ele></trkpt>
      <trkpt lat="47.076983" lon="10.348357"><ele>2308</ele></trkpt>
      <trkpt lat="47.077229" lon="10.348327"><ele>2307</ele></trkpt>
      <trkpt lat="47.077301" lon="10.348361"><ele>2307</ele></trkpt>
      <trkpt lat="47.077415" lon="10.348349"><ele>2310</ele></trkpt>
      <trkpt lat="47.077497" lon="10.348364"><ele>2310</ele></trkpt>
      <trkpt lat="47.077520" lon="10.348380"><ele>2310</ele></trkpt>
      <trkpt lat="47.077551" lon="10.348384"><ele>2312</ele></trkpt>
      <trkpt lat="47.077564" lon="10.348424"><ele>2310</ele></trkpt>
      <trkpt lat="47.077658" lon="10.348442"><ele>2314</ele></trkpt>
      <trkpt lat="47.077803" lon="10.348504"><ele>2315</ele></trkpt>
      <trkpt lat="47.078022" lon="10.348436"><ele>2313</ele></trkpt>
      <trkpt lat="47.078091" lon="10.348401"><ele>2314</ele></trkpt>
      <trkpt lat="47.078318" lon="10.348381"><ele>2312</ele></trkpt>
      <trkpt lat="47.078349" lon="10.348361"><ele>2313</ele></trkpt>
      <trkpt lat="47.078410" lon="10.348377"><ele>2312</ele></trkpt>
      <trkpt lat="47.078467" lon="10.348369"><ele>2312</ele></trkpt>
      <trkpt lat="47.079001" lon="10.348514"><ele>2306</ele></trkpt>
      <trkpt lat="47.079074" lon="10.348508"><ele>2304</ele></trkpt>
      <trkpt lat="47.079162" lon="10.348458"><ele>2306</ele></trkpt>
      <trkpt lat="47.079183" lon="10.348456"><ele>2306</ele></trkpt>
      <trkpt lat="47.079254" lon="10.348475"><ele>2304</ele></trkpt>
      <trkpt lat="47.079397" lon="10.348488"><ele>2302</ele></trkpt>
      <trkpt lat="47.079492" lon="10.348443"><ele>2304</ele></trkpt>
      <trkpt lat="47.079563" lon="10.348398"><ele>2304</ele></trkpt>
      <trkpt lat="47.079623" lon="10.348401"><ele>2304</ele></trkpt>
      <trkpt lat="47.079723" lon="10.348368"><ele>2304</ele></trkpt>
      <trkpt lat="47.079780" lon="10.348328"><ele>2307</ele></trkpt>
      <trkpt lat="47.079978" lon="10.348379"><ele>2306</ele></trkpt>
      <trkpt lat="47.080259" lon="10.348316"><ele>2312</ele></trkpt>
      <trkpt lat="47.080428" lon="10.348256"><ele>2316</ele></trkpt>
      <trkpt lat="47.080500" lon="10.348185"><ele>2319</ele></trkpt>
      <trkpt lat="47.080629" lon="10.348108"><ele>2323</ele></trkpt>
      <trkpt lat="47.080690" lon="10.348114"><ele>2324</ele></trkpt>
      <trkpt lat="47.080817" lon="10.348101"><ele>2326</ele></trkpt>
      <trkpt lat="47.080938" lon="10.348123"><ele>2328</ele></trkpt>
      <trkpt lat="47.080997" lon="10.348094"><ele>2330</ele></trkpt>
      <trkpt lat="47.081053" lon="10.348122"><ele>2330</ele></trkpt>
      <trkpt lat="47.081119" lon="10.348099"><ele>2332</ele></trkpt>
      <trkpt lat="47.081184" lon="10.348082"><ele>2334</ele></trkpt>
      <trkpt lat="47.081178" lon="10.348024"><ele>2336</ele></trkpt>
      <trkpt lat="47.081188" lon="10.347956"><ele>2338</ele></trkpt>
      <trkpt lat="47.081246" lon="10.347962"><ele>2338</ele></trkpt>
      <trkpt lat="47.081327" lon="10.347863"><ele>2343</ele></trkpt>
      <trkpt lat="47.081401" lon="10.347798"><ele>2347</ele></trkpt>
      <trkpt lat="47.081429" lon="10.347737"><ele>2349</ele></trkpt>
      <trkpt lat="47.081514" lon="10.347682"><ele>2350</ele></trkpt>
      <trkpt lat="47.081608" lon="10.347640"><ele>2352</ele></trkpt>
      <trkpt lat="47.081649" lon="10.347613"><ele>2353</ele></trkpt>
      <trkpt lat="47.081930" lon="10.347622"><ele>2356</ele></trkpt>
      <trkpt lat="47.081958" lon="10.347614"><ele>2356</ele></trkpt>
      <trkpt lat="47.082160" lon="10.347464"><ele>2353</ele></trkpt>
      <trkpt lat="47.082201" lon="10.347380"><ele>2353</ele></trkpt>
      <trkpt lat="47.082223" lon="10.347283"><ele>2354</ele></trkpt>
      <trkpt lat="47.082282" lon="10.347198"><ele>2351</ele></trkpt>
      <trkpt lat="47.082348" lon="10.346984"><ele>2356</ele></trkpt>
      <trkpt lat="47.082409" lon="10.346900"><ele>2355</ele></trkpt>
      <trkpt lat="47.082491" lon="10.346814"><ele>2355</ele></trkpt>
      <trkpt lat="47.082575" lon="10.346774"><ele>2355</ele></trkpt>
      <trkpt lat="47.082918" lon="10.346646"><ele>2355</ele></trkpt>
      <trkpt lat="47.083027" lon="10.346552"><ele>2357</ele></trkpt>
      <trkpt lat="47.083048" lon="10.346511"><ele>2358</ele></trkpt>
      <trkpt lat="47.083099" lon="10.346472"><ele>2358</ele></trkpt>
      <trkpt lat="47.083133" lon="10.346415"><ele>2358</ele></trkpt>
      <trkpt lat="47.083280" lon="10.346255"><ele>2359</ele></trkpt>
      <trkpt lat="47.083333" lon="10.346208"><ele>2359</ele></trkpt>
      <trkpt lat="47.083420" lon="10.346086"><ele>2359</ele></trkpt>
      <trkpt lat="47.083616" lon="10.345863"><ele>2358</ele></trkpt>
      <trkpt lat="47.083736" lon="10.345657"><ele>2360</ele></trkpt>
      <trkpt lat="47.083806" lon="10.345584"><ele>2360</ele></trkpt>
      <trkpt lat="47.083883" lon="10.345525"><ele>2358</ele></trkpt>
      <trkpt lat="47.084428" lon="10.345454"><ele>2356</ele></trkpt>
      <trkpt lat="47.084525" lon="10.345464"><ele>2356</ele></trkpt>
      <trkpt lat="47.084612" lon="10.345486"><ele>2357</ele></trkpt>
      <trkpt lat="47.084708" lon="10.345558"><ele>2356</ele></trkpt>
      <trkpt lat="47.084786" lon="10.345679"><ele>2358</ele></trkpt>
      <trkpt lat="47.084807" lon="10.345728"><ele>2358</ele></trkpt>
      <trkpt lat="47.084806" lon="10.345833"><ele>2357</ele></trkpt>
      <trkpt lat="47.084832" lon="10.345905"><ele>2356</ele></trkpt>
      <trkpt lat="47.084907" lon="10.346011"><ele>2356</ele></trkpt>
      <trkpt lat="47.084971" lon="10.346055"><ele>2357</ele></trkpt>
      <trkpt lat="47.085107" lon="10.346081"><ele>2357</ele></trkpt>
      <trkpt lat="47.085140" lon="10.346051"><ele>2358</ele></trkpt>
      <trkpt lat="47.085172" lon="10.346048"><ele>2358</ele></trkpt>
      <trkpt lat="47.085273" lon="10.345991"><ele>2361</ele></trkpt>
      <trkpt lat="47.085358" lon="10.346019"><ele>2362</ele></trkpt>
      <trkpt lat="47.085406" lon="10.346053"><ele>2362</ele></trkpt>
      <trkpt lat="47.085453" lon="10.346219"><ele>2360</ele></trkpt>
      <trkpt lat="47.085577" lon="10.346453"><ele>2362</ele></trkpt>
      <trkpt lat="47.085865" lon="10.346613"><ele>2362</ele></trkpt>
      <trkpt lat="47.085898" lon="10.346653"><ele>2362</ele></trkpt>
      <trkpt lat="47.085945" lon="10.346772"><ele>2364</ele></trkpt>
      <trkpt lat="47.085995" lon="10.346947"><ele>2366</ele></trkpt>
      <trkpt lat="47.085996" lon="10.346978"><ele>2367</ele></trkpt>
      <trkpt lat="47.085890" lon="10.347161"><ele>2367</ele></trkpt>
      <trkpt lat="47.085859" lon="10.347243"><ele>2367</ele></trkpt>
      <trkpt lat="47.085837" lon="10.347416"><ele>2368</ele></trkpt>
      <trkpt lat="47.085857" lon="10.347504"><ele>2370</ele></trkpt>
      <trkpt lat="47.085898" lon="10.347560"><ele>2372</ele></trkpt>
      <trkpt lat="47.085911" lon="10.347642"><ele>2373</ele></trkpt>
      <trkpt lat="47.085932" lon="10.347694"><ele>2374</ele></trkpt>
      <trkpt lat="47.085943" lon="10.347815"><ele>2374</ele></trkpt>
      <trkpt lat="47.085954" lon="10.347848"><ele>2374</ele></trkpt>
      <trkpt lat="47.085992" lon="10.347913"><ele>2376</ele></trkpt>
      <trkpt lat="47.086011" lon="10.347924"><ele>2376</ele></trkpt>
      <trkpt lat="47.086036" lon="10.347962"><ele>2378</ele></trkpt>
      <trkpt lat="47.086060" lon="10.348054"><ele>2378</ele></trkpt>
      <trkpt lat="47.086059" lon="10.348086"><ele>2378</ele></trkpt>
      <trkpt lat="47.086072" lon="10.348104"><ele>2378</ele></trkpt>
      <trkpt lat="47.086074" lon="10.348129"><ele>2378</ele></trkpt>
      <trkpt lat="47.086100" lon="10.348179"><ele>2379</ele></trkpt>
      <trkpt lat="47.086101" lon="10.348212"><ele>2379</ele></trkpt>
      <trkpt lat="47.086112" lon="10.348227"><ele>2380</ele></trkpt>
      <trkpt lat="47.086147" lon="10.348327"><ele>2382</ele></trkpt>
      <trkpt lat="47.086153" lon="10.348398"><ele>2380</ele></trkpt>
      <trkpt lat="47.086171" lon="10.348425"><ele>2381</ele></trkpt>
      <trkpt lat="47.086189" lon="10.348486"><ele>2380</ele></trkpt>
      <trkpt lat="47.086235" lon="10.348558"><ele>2382</ele></trkpt>
      <trkpt lat="47.086324" lon="10.348591"><ele>2386</ele></trkpt>
      <trkpt lat="47.086344" lon="10.348606"><ele>2386</ele></trkpt>
      <trkpt lat="47.086354" lon="10.348622"><ele>2386</ele></trkpt>
      <trkpt lat="47.086364" lon="10.348665"><ele>2386</ele></trkpt>
      <trkpt lat="47.086394" lon="10.348682"><ele>2387</ele></trkpt>
      <trkpt lat="47.086404" lon="10.348694"><ele>2387</ele></trkpt>
      <trkpt lat="47.086412" lon="10.348707"><ele>2387</ele></trkpt>
      <trkpt lat="47.086423" lon="10.348740"><ele>2387</ele></trkpt>
      <trkpt lat="47.086444" lon="10.348740"><ele>2388</ele></trkpt>
      <trkpt lat="47.086453" lon="10.348748"><ele>2388</ele></trkpt>
      <trkpt lat="47.086517" lon="10.348849"><ele>2390</ele></trkpt>
      <trkpt lat="47.086550" lon="10.348885"><ele>2390</ele></trkpt>
      <trkpt lat="47.086569" lon="10.348886"><ele>2392</ele></trkpt>
      <trkpt lat="47.086592" lon="10.348906"><ele>2392</ele></trkpt>
      <trkpt lat="47.086704" lon="10.349067"><ele>2394</ele></trkpt>
      <trkpt lat="47.086739" lon="10.349105"><ele>2394</ele></trkpt>
      <trkpt lat="47.086759" lon="10.349115"><ele>2395</ele></trkpt>
      <trkpt lat="47.086801" lon="10.349196"><ele>2396</ele></trkpt>
      <trkpt lat="47.086827" lon="10.349219"><ele>2397</ele></trkpt>
      <trkpt lat="47.086834" lon="10.349248"><ele>2396</ele></trkpt>
      <trkpt lat="47.086892" lon="10.349348"><ele>2398</ele></trkpt>
      <trkpt lat="47.086906" lon="10.349382"><ele>2398</ele></trkpt>
      <trkpt lat="47.086911" lon="10.349416"><ele>2398</ele></trkpt>
      <trkpt lat="47.086935" lon="10.349458"><ele>2399</ele></trkpt>
      <trkpt lat="47.086949" lon="10.349508"><ele>2398</ele></trkpt>
      <trkpt lat="47.086992" lon="10.349612"><ele>2399</ele></trkpt>
      <trkpt lat="47.087008" lon="10.349620"><ele>2400</ele></trkpt>
      <trkpt lat="47.087022" lon="10.349644"><ele>2401</ele></trkpt>
      <trkpt lat="47.087034" lon="10.349678"><ele>2401</ele></trkpt>
      <trkpt lat="47.087047" lon="10.349757"><ele>2401</ele></trkpt>
      <trkpt lat="47.087062" lon="10.349784"><ele>2402</ele></trkpt>
      <trkpt lat="47.087064" lon="10.349820"><ele>2402</ele></trkpt>
      <trkpt lat="47.087078" lon="10.349845"><ele>2402</ele></trkpt>
      <trkpt lat="47.087109" lon="10.349863"><ele>2405</ele></trkpt>
      <trkpt lat="47.087128" lon="10.349902"><ele>2406</ele></trkpt>
      <trkpt lat="47.087132" lon="10.349935"><ele>2406</ele></trkpt>
      <trkpt lat="47.087182" lon="10.349996"><ele>2409</ele></trkpt>
      <trkpt lat="47.087250" lon="10.350196"><ele>2412</ele></trkpt>
      <trkpt lat="47.087282" lon="10.350231"><ele>2414</ele></trkpt>
      <trkpt lat="47.087295" lon="10.350264"><ele>2414</ele></trkpt>
      <trkpt lat="47.087318" lon="10.350363"><ele>2415</ele></trkpt>
      <trkpt lat="47.087383" lon="10.350511"><ele>2419</ele></trkpt>
      <trkpt lat="47.087401" lon="10.350559"><ele>2420</ele></trkpt>
      <trkpt lat="47.087422" lon="10.350676"><ele>2421</ele></trkpt>
      <trkpt lat="47.087454" lon="10.350743"><ele>2423</ele></trkpt>
      <trkpt lat="47.087463" lon="10.350912"><ele>2423</ele></trkpt>
      <trkpt lat="47.087479" lon="10.350957"><ele>2424</ele></trkpt>
      <trkpt lat="47.087478" lon="10.350979"><ele>2424</ele></trkpt>
      <trkpt lat="47.087498" lon="10.351052"><ele>2425</ele></trkpt>
      <trkpt lat="47.087539" lon="10.351159"><ele>2428</ele></trkpt>
      <trkpt lat="47.087542" lon="10.351254"><ele>2429</ele></trkpt>
      <trkpt lat="47.087536" lon="10.351323"><ele>2429</ele></trkpt>
      <trkpt lat="47.087544" lon="10.351340"><ele>2430</ele></trkpt>
      <trkpt lat="47.087538" lon="10.351484"><ele>2431</ele></trkpt>
      <trkpt lat="47.087545" lon="10.351537"><ele>2432</ele></trkpt>
      <trkpt lat="47.087540" lon="10.351615"><ele>2433</ele></trkpt>
      <trkpt lat="47.087515" lon="10.351798"><ele>2434</ele></trkpt>
      <trkpt lat="47.087504" lon="10.351989"><ele>2437</ele></trkpt>
      <trkpt lat="47.087512" lon="10.352109"><ele>2438</ele></trkpt>
      <trkpt lat="47.087532" lon="10.352221"><ele>2439</ele></trkpt>
      <trkpt lat="47.087650" lon="10.352182"><ele>2440</ele></trkpt>
      <trkpt lat="47.087708" lon="10.352183"><ele>2441</ele></trkpt>
      <trkpt lat="47.087909" lon="10.352152"><ele>2446</ele></trkpt>
      <trkpt lat="47.088031" lon="10.352181"><ele>2448</ele></trkpt>
      <trkpt lat="47.088119" lon="10.352285"><ele>2450</ele></trkpt>
      <trkpt lat="47.088177" lon="10.352327"><ele>2451</ele></trkpt>
      <trkpt lat="47.088273" lon="10.352362"><ele>2454</ele></trkpt>
      <trkpt lat="47.088502" lon="10.352364"><ele>2458</ele></trkpt>
      <trkpt lat="47.088702" lon="10.352249"><ele>2462</ele></trkpt>
      <trkpt lat="47.088890" lon="10.352178"><ele>2468</ele></trkpt>
      <trkpt lat="47.088959" lon="10.352174"><ele>2469</ele></trkpt>
      <trkpt lat="47.089074" lon="10.352140"><ele>2472</ele></trkpt>
      <trkpt lat="47.089100" lon="10.352122"><ele>2473</ele></trkpt>
      <trkpt lat="47.089166" lon="10.352097"><ele>2476</ele></trkpt>
      <trkpt lat="47.089415" lon="10.351948"><ele>2481</ele></trkpt>
      <trkpt lat="47.089632" lon="10.351777"><ele>2486</ele></trkpt>
      <trkpt lat="47.089662" lon="10.351735"><ele>2487</ele></trkpt>
      <trkpt lat="47.089716" lon="10.351592"><ele>2491</ele></trkpt>
      <trkpt lat="47.089956" lon="10.351269"><ele>2499</ele></trkpt>
      <trkpt lat="47.089992" lon="10.351249"><ele>2499</ele></trkpt>
      <trkpt lat="47.090061" lon="10.351191"><ele>2501</ele></trkpt>
      <trkpt lat="47.090127" lon="10.351171"><ele>2501</ele></trkpt>
      <trkpt lat="47.090173" lon="10.351134"><ele>2502</ele></trkpt>
      <trkpt lat="47.090207" lon="10.351122"><ele>2502</ele></trkpt>
      <trkpt lat="47.090336" lon="10.351008"><ele>2507</ele></trkpt>
      <trkpt lat="47.090555" lon="10.350913"><ele>2513</ele></trkpt>
      <trkpt lat="47.090645" lon="10.350898"><ele>2516</ele></trkpt>
      <trkpt lat="47.090719" lon="10.350911"><ele>2518</ele></trkpt>
      <trkpt lat="47.090748" lon="10.350896"><ele>2519</ele></trkpt>
      <trkpt lat="47.090803" lon="10.350916"><ele>2520</ele></trkpt>
      <trkpt lat="47.090897" lon="10.350925"><ele>2521</ele></trkpt>
      <trkpt lat="47.090977" lon="10.350802"><ele>2529</ele></trkpt>
      <trkpt lat="47.091300" lon="10.350802"><ele>2533</ele></trkpt>
      <trkpt lat="47.091396" lon="10.350725"><ele>2538</ele></trkpt>
      <trkpt lat="47.091718" lon="10.350552"><ele>2546</ele></trkpt>
      <trkpt lat="47.091908" lon="10.350497"><ele>2550</ele></trkpt>
      <trkpt lat="47.092427" lon="10.350523"><ele>2558</ele></trkpt>
      <trkpt lat="47.093295" lon="10.350472"><ele>2578</ele></trkpt>
      <trkpt lat="47.093489" lon="10.350546"><ele>2582</ele></trkpt>
      <trkpt lat="47.093680" lon="10.350746"><ele>2586</ele></trkpt>
      <trkpt lat="47.093903" lon="10.350862"><ele>2595</ele></trkpt>
      <trkpt lat="47.094084" lon="10.351252"><ele>2607</ele></trkpt>
      <trkpt lat="47.094193" lon="10.351526"><ele>2616</ele></trkpt>
      <trkpt lat="47.094341" lon="10.351119"><ele>2629</ele></trkpt>
      <trkpt lat="47.094478" lon="10.351470"><ele>2642</ele></trkpt>
      <trkpt lat="47.094570" lon="10.351077"><ele>2654</ele></trkpt>
      <trkpt lat="47.094643" lon="10.351251"><ele>2658</ele></trkpt>
      <trkpt lat="47.094682" lon="10.351112"><ele>2663</ele></trkpt>
      <trkpt lat="47.094740" lon="10.351294"><ele>2667</ele></trkpt>
      <trkpt lat="47.094755" lon="10.351246"><ele>2669</ele></trkpt>
      <trkpt lat="47.094807" lon="10.351284"><ele>2673</ele></trkpt>
      <trkpt lat="47.094851" lon="10.351105"><ele>2678</ele></trkpt>
      <trkpt lat="47.094859" lon="10.351196"><ele>2678</ele></trkpt>
      <trkpt lat="47.094986" lon="10.351369"><ele>2689</ele></trkpt>
      <trkpt lat="47.095145" lon="10.351386"><ele>2693</ele></trkpt>
      <trkpt lat="47.095156" lon="10.351265"><ele>2690</ele></trkpt>
      <trkpt lat="47.095198" lon="10.351262"><ele>2689</ele></trkpt>
      <trkpt lat="47.095479" lon="10.351243"><ele>2689</ele></trkpt>
      <trkpt lat="47.095630" lon="10.351127"><ele>2686</ele></trkpt>
      <trkpt lat="47.095962" lon="10.350984"><ele>2688</ele></trkpt>
      <trkpt lat="47.096276" lon="10.350862"><ele>2682</ele></trkpt>
      <trkpt lat="47.096455" lon="10.350927"><ele>2684</ele></trkpt>
      <trkpt lat="47.097223" lon="10.350895"><ele>2666</ele></trkpt>
      <trkpt lat="47.097146" lon="10.350741"><ele>2662</ele></trkpt>
      <trkpt lat="47.097272" lon="10.350690"><ele>2656</ele></trkpt>
      <trkpt lat="47.097494" lon="10.350665"><ele>2650</ele></trkpt>
      <trkpt lat="47.097414" lon="10.350457"><ele>2642</ele></trkpt>
      <trkpt lat="47.097530" lon="10.350449"><ele>2639</ele></trkpt>
      <trkpt lat="47.097671" lon="10.350534"><ele>2638</ele></trkpt>
      <trkpt lat="47.097680" lon="10.350320"><ele>2626</ele></trkpt>
      <trkpt lat="47.097822" lon="10.350498"><ele>2630</ele></trkpt>
      <trkpt lat="47.098305" lon="10.350393"><ele>2606</ele></trkpt>
      <trkpt lat="47.098593" lon="10.350244"><ele>2598</ele></trkpt>
      <trkpt lat="47.098816" lon="10.350079"><ele>2592</ele></trkpt>
      <trkpt lat="47.099037" lon="10.350002"><ele>2590</ele></trkpt>
      <trkpt lat="47.099014" lon="10.350079"><ele>2587</ele></trkpt>
      <trkpt lat="47.098836" lon="10.350262"><ele>2586</ele></trkpt>
      <trkpt lat="47.098550" lon="10.350727"><ele>2578</ele></trkpt>
      <trkpt lat="47.098531" lon="10.350966"><ele>2574</ele></trkpt>
      <trkpt lat="47.098541" lon="10.351136"><ele>2572</ele></trkpt>
      <trkpt lat="47.099057" lon="10.352363"><ele>2566</ele></trkpt>
      <trkpt lat="47.099179" lon="10.352873"><ele>2564</ele></trkpt>
      <trkpt lat="47.099384" lon="10.353031"><ele>2563</ele></trkpt>
      <trkpt lat="47.099446" lon="10.353156"><ele>2566</ele></trkpt>
      <trkpt lat="47.099689" lon="10.353137"><ele>2563</ele></trkpt>
      <trkpt lat="47.099841" lon="10.353006"><ele>2560</ele></trkpt>
      <trkpt lat="47.099966" lon="10.352928"><ele>2560</ele></trkpt>
      <trkpt lat="47.100165" lon="10.352915"><ele>2559</ele></trkpt>
      <trkpt lat="47.100340" lon="10.352945"><ele>2558</ele></trkpt>
      <trkpt lat="47.100545" lon="10.352680"><ele>2558</ele></trkpt>
      <trkpt lat="47.100724" lon="10.352683"><ele>2557</ele></trkpt>
      <trkpt lat="47.100828" lon="10.352724"><ele>2557</ele></trkpt>
      <trkpt lat="47.100946" lon="10.352676"><ele>2557</ele></trkpt>
      <trkpt lat="47.101078" lon="10.352742"><ele>2559</ele></trkpt>
      <trkpt lat="47.101245" lon="10.352770"><ele>2560</ele></trkpt>
      <trkpt lat="47.101419" lon="10.352733"><ele>2559</ele></trkpt>
      <trkpt lat="47.101549" lon="10.352830"><ele>2563</ele></trkpt>
      <trkpt lat="47.101660" lon="10.353144"><ele>2568</ele></trkpt>
      <trkpt lat="47.101748" lon="10.353185"><ele>2570</ele></trkpt>
      <trkpt lat="47.101748" lon="10.353310"><ele>2572</ele></trkpt>
      <trkpt lat="47.101852" lon="10.353661"><ele>2576</ele></trkpt>
      <trkpt lat="47.101869" lon="10.354012"><ele>2578</ele></trkpt>
      <trkpt lat="47.101846" lon="10.354150"><ele>2580</ele></trkpt>
      <trkpt lat="47.101906" lon="10.354201"><ele>2579</ele></trkpt>
      <trkpt lat="47.101829" lon="10.354380"><ele>2580</ele></trkpt>
      <trkpt lat="47.101815" lon="10.354856"><ele>2574</ele></trkpt>
      <trkpt lat="47.101812" lon="10.355652"><ele>2539</ele></trkpt>
      <trkpt lat="47.101883" lon="10.355733"><ele>2533</ele></trkpt>
      <trkpt lat="47.101890" lon="10.356428"><ele>2519</ele></trkpt>
      <trkpt lat="47.101856" lon="10.356482"><ele>2520</ele></trkpt>
      <trkpt lat="47.101840" lon="10.356570"><ele>2519</ele></trkpt>
      <trkpt lat="47.102081" lon="10.357204"><ele>2500</ele></trkpt>
      <trkpt lat="47.102153" lon="10.356931"><ele>2495</ele></trkpt>
      <trkpt lat="47.102143" lon="10.356844"><ele>2494</ele></trkpt>
      <trkpt lat="47.102241" lon="10.356643"><ele>2484</ele></trkpt>
      <trkpt lat="47.102457" lon="10.357346"><ele>2469</ele></trkpt>
      <trkpt lat="47.102478" lon="10.357448"><ele>2468</ele></trkpt>
      <trkpt lat="47.102510" lon="10.357505"><ele>2465</ele></trkpt>
      <trkpt lat="47.102562" lon="10.357400"><ele>2461</ele></trkpt>
      <trkpt lat="47.102563" lon="10.357373"><ele>2461</ele></trkpt>
      <trkpt lat="47.102574" lon="10.357357"><ele>2460</ele></trkpt>
      <trkpt lat="47.102575" lon="10.357332"><ele>2460</ele></trkpt>
      <trkpt lat="47.102609" lon="10.357198"><ele>2457</ele></trkpt>
      <trkpt lat="47.102633" lon="10.357163"><ele>2456</ele></trkpt>
      <trkpt lat="47.102634" lon="10.357143"><ele>2456</ele></trkpt>
      <trkpt lat="47.102652" lon="10.357100"><ele>2454</ele></trkpt>
      <trkpt lat="47.102651" lon="10.357043"><ele>2454</ele></trkpt>
      <trkpt lat="47.102662" lon="10.357031"><ele>2453</ele></trkpt>
      <trkpt lat="47.102693" lon="10.356961"><ele>2450</ele></trkpt>
      <trkpt lat="47.102700" lon="10.356918"><ele>2449</ele></trkpt>
      <trkpt lat="47.102761" lon="10.356790"><ele>2444</ele></trkpt>
      <trkpt lat="47.102807" lon="10.356667"><ele>2440</ele></trkpt>
      <trkpt lat="47.102806" lon="10.356653"><ele>2440</ele></trkpt>
      <trkpt lat="47.102823" lon="10.356598"><ele>2438</ele></trkpt>
      <trkpt lat="47.102838" lon="10.356606"><ele>2437</ele></trkpt>
      <trkpt lat="47.102843" lon="10.356635"><ele>2436</ele></trkpt>
      <trkpt lat="47.102911" lon="10.356722"><ele>2432</ele></trkpt>
      <trkpt lat="47.102926" lon="10.356763"><ele>2432</ele></trkpt>
      <trkpt lat="47.102953" lon="10.356793"><ele>2430</ele></trkpt>
      <trkpt lat="47.102973" lon="10.356831"><ele>2429</ele></trkpt>
      <trkpt lat="47.102989" lon="10.356902"><ele>2429</ele></trkpt>
      <trkpt lat="47.103032" lon="10.356939"><ele>2426</ele></trkpt>
      <trkpt lat="47.103052" lon="10.356980"><ele>2426</ele></trkpt>
      <trkpt lat="47.103079" lon="10.356999"><ele>2424</ele></trkpt>
      <trkpt lat="47.103095" lon="10.357036"><ele>2424</ele></trkpt>
      <trkpt lat="47.103116" lon="10.357059"><ele>2423</ele></trkpt>
      <trkpt lat="47.103149" lon="10.357123"><ele>2422</ele></trkpt>
      <trkpt lat="47.103276" lon="10.357297"><ele>2416</ele></trkpt>
      <trkpt lat="47.103318" lon="10.357394"><ele>2413</ele></trkpt>
      <trkpt lat="47.103368" lon="10.357567"><ele>2410</ele></trkpt>
      <trkpt lat="47.103390" lon="10.357598"><ele>2408</ele></trkpt>
      <trkpt lat="47.103440" lon="10.357753"><ele>2406</ele></trkpt>
      <trkpt lat="47.103472" lon="10.357781"><ele>2404</ele></trkpt>
      <trkpt lat="47.103475" lon="10.357808"><ele>2404</ele></trkpt>
      <trkpt lat="47.103488" lon="10.357819"><ele>2403</ele></trkpt>
      <trkpt lat="47.103494" lon="10.357853"><ele>2403</ele></trkpt>
      <trkpt lat="47.103584" lon="10.357943"><ele>2399</ele></trkpt>
      <trkpt lat="47.103616" lon="10.358018"><ele>2398</ele></trkpt>
      <trkpt lat="47.103677" lon="10.358134"><ele>2396</ele></trkpt>
      <trkpt lat="47.103711" lon="10.358183"><ele>2396</ele></trkpt>
      <trkpt lat="47.103720" lon="10.358222"><ele>2396</ele></trkpt>
      <trkpt lat="47.103748" lon="10.358249"><ele>2396</ele></trkpt>
      <trkpt lat="47.103790" lon="10.358322"><ele>2395</ele></trkpt>
      <trkpt lat="47.103812" lon="10.358344"><ele>2394</ele></trkpt>
      <trkpt lat="47.103816" lon="10.358359"><ele>2394</ele></trkpt>
      <trkpt lat="47.103939" lon="10.358496"><ele>2392</ele></trkpt>
      <trkpt lat="47.103973" lon="10.358508"><ele>2392</ele></trkpt>
      <trkpt lat="47.104009" lon="10.358552"><ele>2392</ele></trkpt>
      <trkpt lat="47.104087" lon="10.358603"><ele>2390</ele></trkpt>
      <trkpt lat="47.104134" lon="10.358653"><ele>2390</ele></trkpt>
      <trkpt lat="47.104165" lon="10.358670"><ele>2390</ele></trkpt>
      <trkpt lat="47.104256" lon="10.358704"><ele>2391</ele></trkpt>
      <trkpt lat="47.104296" lon="10.358677"><ele>2390</ele></trkpt>
      <trkpt lat="47.104331" lon="10.358660"><ele>2390</ele></trkpt>
      <trkpt lat="47.104377" lon="10.358647"><ele>2390</ele></trkpt>
      <trkpt lat="47.104401" lon="10.358627"><ele>2390</ele></trkpt>
      <trkpt lat="47.104421" lon="10.358599"><ele>2390</ele></trkpt>
      <trkpt lat="47.104437" lon="10.358547"><ele>2388</ele></trkpt>
      <trkpt lat="47.104476" lon="10.358506"><ele>2388</ele></trkpt>
      <trkpt lat="47.104493" lon="10.358462"><ele>2388</ele></trkpt>
      <trkpt lat="47.104555" lon="10.358371"><ele>2387</ele></trkpt>
      <trkpt lat="47.104585" lon="10.358310"><ele>2386</ele></trkpt>
      <trkpt lat="47.104602" lon="10.358296"><ele>2386</ele></trkpt>
      <trkpt lat="47.104652" lon="10.358211"><ele>2385</ele></trkpt>
      <trkpt lat="47.104703" lon="10.358149"><ele>2385</ele></trkpt>
      <trkpt lat="47.104741" lon="10.358084"><ele>2384</ele></trkpt>
      <trkpt lat="47.104811" lon="10.358012"><ele>2384</ele></trkpt>
      <trkpt lat="47.104852" lon="10.358014"><ele>2384</ele></trkpt>
      <trkpt lat="47.104898" lon="10.357982"><ele>2385</ele></trkpt>
      <trkpt lat="47.104913" lon="10.357954"><ele>2384</ele></trkpt>
      <trkpt lat="47.104937" lon="10.357940"><ele>2384</ele></trkpt>
      <trkpt lat="47.104984" lon="10.357842"><ele>2382</ele></trkpt>
      <trkpt lat="47.105006" lon="10.357772"><ele>2381</ele></trkpt>
      <trkpt lat="47.105039" lon="10.357737"><ele>2380</ele></trkpt>
      <trkpt lat="47.105067" lon="10.357714"><ele>2380</ele></trkpt>
      <trkpt lat="47.105160" lon="10.357679"><ele>2380</ele></trkpt>
      <trkpt lat="47.105256" lon="10.357620"><ele>2380</ele></trkpt>
      <trkpt lat="47.105306" lon="10.357520"><ele>2379</ele></trkpt>
      <trkpt lat="47.105325" lon="10.357458"><ele>2379</ele></trkpt>
      <trkpt lat="47.105343" lon="10.357358"><ele>2378</ele></trkpt>
      <trkpt lat="47.105399" lon="10.357266"><ele>2379</ele></trkpt>
      <trkpt lat="47.105417" lon="10.357203"><ele>2379</ele></trkpt>
      <trkpt lat="47.105407" lon="10.357030"><ele>2376</ele></trkpt>
      <trkpt lat="47.105486" lon="10.356882"><ele>2375</ele></trkpt>
      <trkpt lat="47.105509" lon="10.356868"><ele>2376</ele></trkpt>
      <trkpt lat="47.105553" lon="10.356859"><ele>2376</ele></trkpt>
      <trkpt lat="47.105593" lon="10.356823"><ele>2376</ele></trkpt>
      <trkpt lat="47.105670" lon="10.356737"><ele>2375</ele></trkpt>
      <trkpt lat="47.105729" lon="10.356652"><ele>2375</ele></trkpt>
      <trkpt lat="47.105765" lon="10.356563"><ele>2375</ele></trkpt>
      <trkpt lat="47.105815" lon="10.356407"><ele>2375</ele></trkpt>
      <trkpt lat="47.105853" lon="10.356275"><ele>2376</ele></trkpt>
      <trkpt lat="47.105857" lon="10.356239"><ele>2376</ele></trkpt>
      <trkpt lat="47.105908" lon="10.356206"><ele>2376</ele></trkpt>
      <trkpt lat="47.105925" lon="10.356084"><ele>2376</ele></trkpt>
      <trkpt lat="47.105954" lon="10.355986"><ele>2376</ele></trkpt>
      <trkpt lat="47.105981" lon="10.355985"><ele>2376</ele></trkpt>
      <trkpt lat="47.105967" lon="10.355838"><ele>2375</ele></trkpt>
      <trkpt lat="47.105967" lon="10.355834"><ele>2375</ele></trkpt>
      <trkpt lat="47.105876" lon="10.355862"><ele>2374</ele></trkpt>
      <trkpt lat="47.105840" lon="10.355872"><ele>2373</ele></trkpt>
      <trkpt lat="47.105796" lon="10.355903"><ele>2372</ele></trkpt>
      <trkpt lat="47.105692" lon="10.356062"><ele>2368</ele></trkpt>
      <trkpt lat="47.105660" lon="10.356139"><ele>2368</ele></trkpt>
      <trkpt lat="47.105639" lon="10.356169"><ele>2367</ele></trkpt>
      <trkpt lat="47.105589" lon="10.356318"><ele>2366</ele></trkpt>
      <trkpt lat="47.105566" lon="10.356359"><ele>2365</ele></trkpt>
      <trkpt lat="47.105553" lon="10.356368"><ele>2365</ele></trkpt>
      <trkpt lat="47.105420" lon="10.356387"><ele>2362</ele></trkpt>
      <trkpt lat="47.105390" lon="10.356380"><ele>2361</ele></trkpt>
      <trkpt lat="47.105362" lon="10.356348"><ele>2360</ele></trkpt>
      <trkpt lat="47.105354" lon="10.356296"><ele>2359</ele></trkpt>
      <trkpt lat="47.105333" lon="10.356297"><ele>2358</ele></trkpt>
      <trkpt lat="47.105293" lon="10.356326"><ele>2358</ele></trkpt>
      <trkpt lat="47.105277" lon="10.356322"><ele>2358</ele></trkpt>
      <trkpt lat="47.105195" lon="10.356365"><ele>2356</ele></trkpt>
      <trkpt lat="47.105064" lon="10.356456"><ele>2354</ele></trkpt>
      <trkpt lat="47.105040" lon="10.356446"><ele>2354</ele></trkpt>
      <trkpt lat="47.105017" lon="10.356447"><ele>2353</ele></trkpt>
      <trkpt lat="47.104984" lon="10.356482"><ele>2353</ele></trkpt>
      <trkpt lat="47.104962" lon="10.356477"><ele>2352</ele></trkpt>
      <trkpt lat="47.104883" lon="10.356513"><ele>2351</ele></trkpt>
      <trkpt lat="47.104847" lon="10.356513"><ele>2350</ele></trkpt>
      <trkpt lat="47.104769" lon="10.356475"><ele>2348</ele></trkpt>
      <trkpt lat="47.104748" lon="10.356440"><ele>2346</ele></trkpt>
      <trkpt lat="47.104706" lon="10.356414"><ele>2346</ele></trkpt>
      <trkpt lat="47.104709" lon="10.356368"><ele>2345</ele></trkpt>
      <trkpt lat="47.104701" lon="10.356339"><ele>2344</ele></trkpt>
      <trkpt lat="47.104671" lon="10.356307"><ele>2344</ele></trkpt>
      <trkpt lat="47.104666" lon="10.356271"><ele>2344</ele></trkpt>
      <trkpt lat="47.104648" lon="10.356229"><ele>2343</ele></trkpt>
      <trkpt lat="47.104646" lon="10.356206"><ele>2342</ele></trkpt>
      <trkpt lat="47.104657" lon="10.356189"><ele>2342</ele></trkpt>
      <trkpt lat="47.104672" lon="10.356183"><ele>2342</ele></trkpt>
      <trkpt lat="47.104689" lon="10.356156"><ele>2340</ele></trkpt>
      <trkpt lat="47.104677" lon="10.356127"><ele>2340</ele></trkpt>
      <trkpt lat="47.104656" lon="10.356103"><ele>2340</ele></trkpt>
      <trkpt lat="47.104638" lon="10.356044"><ele>2339</ele></trkpt>
      <trkpt lat="47.104632" lon="10.355996"><ele>2338</ele></trkpt>
      <trkpt lat="47.104609" lon="10.355967"><ele>2338</ele></trkpt>
      <trkpt lat="47.104603" lon="10.355942"><ele>2338</ele></trkpt>
      <trkpt lat="47.104604" lon="10.355884"><ele>2337</ele></trkpt>
      <trkpt lat="47.104585" lon="10.355846"><ele>2336</ele></trkpt>
      <trkpt lat="47.104584" lon="10.355809"><ele>2336</ele></trkpt>
      <trkpt lat="47.104591" lon="10.355787"><ele>2335</ele></trkpt>
      <trkpt lat="47.104605" lon="10.355777"><ele>2335</ele></trkpt>
      <trkpt lat="47.104621" lon="10.355733"><ele>2334</ele></trkpt>
      <trkpt lat="47.104644" lon="10.355733"><ele>2333</ele></trkpt>
      <trkpt lat="47.104650" lon="10.355720"><ele>2332</ele></trkpt>
      <trkpt lat="47.104603" lon="10.355611"><ele>2332</ele></trkpt>
      <trkpt lat="47.104601" lon="10.355514"><ele>2330</ele></trkpt>
      <trkpt lat="47.104623" lon="10.355485"><ele>2328</ele></trkpt>
      <trkpt lat="47.104623" lon="10.355469"><ele>2328</ele></trkpt>
      <trkpt lat="47.104603" lon="10.355424"><ele>2328</ele></trkpt>
      <trkpt lat="47.104580" lon="10.355391"><ele>2328</ele></trkpt>
      <trkpt lat="47.104580" lon="10.355375"><ele>2328</ele></trkpt>
      <trkpt lat="47.104633" lon="10.355367"><ele>2326</ele></trkpt>
      <trkpt lat="47.104641" lon="10.355358"><ele>2325</ele></trkpt>
      <trkpt lat="47.104642" lon="10.355326"><ele>2324</ele></trkpt>
      <trkpt lat="47.104654" lon="10.355315"><ele>2324</ele></trkpt>
      <trkpt lat="47.104666" lon="10.355319"><ele>2324</ele></trkpt>
      <trkpt lat="47.104684" lon="10.355344"><ele>2324</ele></trkpt>
      <trkpt lat="47.104713" lon="10.355340"><ele>2322</ele></trkpt>
      <trkpt lat="47.104712" lon="10.355326"><ele>2322</ele></trkpt>
      <trkpt lat="47.104697" lon="10.355281"><ele>2322</ele></trkpt>
      <trkpt lat="47.104698" lon="10.355239"><ele>2321</ele></trkpt>
      <trkpt lat="47.104706" lon="10.355206"><ele>2320</ele></trkpt>
      <trkpt lat="47.104721" lon="10.355188"><ele>2319</ele></trkpt>
      <trkpt lat="47.104711" lon="10.355151"><ele>2318</ele></trkpt>
      <trkpt lat="47.104724" lon="10.355141"><ele>2318</ele></trkpt>
      <trkpt lat="47.104749" lon="10.355147"><ele>2318</ele></trkpt>
      <trkpt lat="47.104761" lon="10.355142"><ele>2318</ele></trkpt>
      <trkpt lat="47.104761" lon="10.355125"><ele>2318</ele></trkpt>
      <trkpt lat="47.104752" lon="10.355098"><ele>2317</ele></trkpt>
      <trkpt lat="47.104768" lon="10.355057"><ele>2316</ele></trkpt>
      <trkpt lat="47.104767" lon="10.355035"><ele>2315</ele></trkpt>
      <trkpt lat="47.104775" lon="10.355023"><ele>2315</ele></trkpt>
      <trkpt lat="47.104792" lon="10.355028"><ele>2315</ele></trkpt>
      <trkpt lat="47.104801" lon="10.355020"><ele>2315</ele></trkpt>
      <trkpt lat="47.104814" lon="10.354913"><ele>2312</ele></trkpt>
      <trkpt lat="47.104825" lon="10.354879"><ele>2311</ele></trkpt>
      <trkpt lat="47.104820" lon="10.354855"><ele>2310</ele></trkpt>
      <trkpt lat="47.104796" lon="10.354815"><ele>2309</ele></trkpt>
      <trkpt lat="47.104801" lon="10.354736"><ele>2306</ele></trkpt>
      <trkpt lat="47.104827" lon="10.354680"><ele>2304</ele></trkpt>
      <trkpt lat="47.104823" lon="10.354600"><ele>2302</ele></trkpt>
      <trkpt lat="47.104810" lon="10.354539"><ele>2302</ele></trkpt>
      <trkpt lat="47.104811" lon="10.354518"><ele>2301</ele></trkpt>
      <trkpt lat="47.104815" lon="10.354478"><ele>2300</ele></trkpt>
      <trkpt lat="47.104825" lon="10.354462"><ele>2299</ele></trkpt>
      <trkpt lat="47.104856" lon="10.354461"><ele>2298</ele></trkpt>
      <trkpt lat="47.104863" lon="10.354426"><ele>2297</ele></trkpt>
      <trkpt lat="47.104858" lon="10.354386"><ele>2296</ele></trkpt>
      <trkpt lat="47.104861" lon="10.354361"><ele>2296</ele></trkpt>
      <trkpt lat="47.104882" lon="10.354308"><ele>2294</ele></trkpt>
      <trkpt lat="47.104878" lon="10.354283"><ele>2293</ele></trkpt>
      <trkpt lat="47.104884" lon="10.354249"><ele>2292</ele></trkpt>
      <trkpt lat="47.104929" lon="10.354173"><ele>2289</ele></trkpt>
      <trkpt lat="47.104938" lon="10.354103"><ele>2288</ele></trkpt>
      <trkpt lat="47.104950" lon="10.354077"><ele>2286</ele></trkpt>
      <trkpt lat="47.104973" lon="10.354050"><ele>2285</ele></trkpt>
      <trkpt lat="47.104974" lon="10.354014"><ele>2284</ele></trkpt>
      <trkpt lat="47.104981" lon="10.354003"><ele>2284</ele></trkpt>
      <trkpt lat="47.104996" lon="10.354009"><ele>2284</ele></trkpt>
      <trkpt lat="47.105018" lon="10.354034"><ele>2284</ele></trkpt>
      <trkpt lat="47.105028" lon="10.354025"><ele>2283</ele></trkpt>
      <trkpt lat="47.105046" lon="10.353962"><ele>2282</ele></trkpt>
      <trkpt lat="47.105055" lon="10.353953"><ele>2281</ele></trkpt>
      <trkpt lat="47.105078" lon="10.353972"><ele>2281</ele></trkpt>
      <trkpt lat="47.105092" lon="10.353956"><ele>2280</ele></trkpt>
      <trkpt lat="47.105091" lon="10.353923"><ele>2279</ele></trkpt>
      <trkpt lat="47.105103" lon="10.353917"><ele>2279</ele></trkpt>
      <trkpt lat="47.105128" lon="10.353939"><ele>2279</ele></trkpt>
      <trkpt lat="47.105143" lon="10.353941"><ele>2278</ele></trkpt>
      <trkpt lat="47.105161" lon="10.353921"><ele>2278</ele></trkpt>
      <trkpt lat="47.105167" lon="10.353903"><ele>2276</ele></trkpt>
      <trkpt lat="47.105162" lon="10.353870"><ele>2276</ele></trkpt>
      <trkpt lat="47.105187" lon="10.353849"><ele>2274</ele></trkpt>
      <trkpt lat="47.105192" lon="10.353835"><ele>2274</ele></trkpt>
      <trkpt lat="47.105187" lon="10.353809"><ele>2273</ele></trkpt>
      <trkpt lat="47.105193" lon="10.353799"><ele>2273</ele></trkpt>
      <trkpt lat="47.105195" lon="10.353758"><ele>2272</ele></trkpt>
      <trkpt lat="47.105211" lon="10.353732"><ele>2270</ele></trkpt>
      <trkpt lat="47.105226" lon="10.353733"><ele>2270</ele></trkpt>
      <trkpt lat="47.105233" lon="10.353724"><ele>2270</ele></trkpt>
      <trkpt lat="47.105223" lon="10.353689"><ele>2269</ele></trkpt>
      <trkpt lat="47.105232" lon="10.353674"><ele>2268</ele></trkpt>
      <trkpt lat="47.105228" lon="10.353602"><ele>2266</ele></trkpt>
      <trkpt lat="47.105234" lon="10.353582"><ele>2266</ele></trkpt>
      <trkpt lat="47.105231" lon="10.353561"><ele>2265</ele></trkpt>
      <trkpt lat="47.105238" lon="10.353509"><ele>2264</ele></trkpt>
      <trkpt lat="47.105220" lon="10.353459"><ele>2263</ele></trkpt>
      <trkpt lat="47.105216" lon="10.353437"><ele>2263</ele></trkpt>
      <trkpt lat="47.105231" lon="10.353399"><ele>2261</ele></trkpt>
      <trkpt lat="47.105233" lon="10.353368"><ele>2260</ele></trkpt>
      <trkpt lat="47.105246" lon="10.353353"><ele>2260</ele></trkpt>
      <trkpt lat="47.105270" lon="10.353355"><ele>2259</ele></trkpt>
      <trkpt lat="47.105279" lon="10.353346"><ele>2258</ele></trkpt>
      <trkpt lat="47.105278" lon="10.353329"><ele>2258</ele></trkpt>
      <trkpt lat="47.105311" lon="10.353207"><ele>2254</ele></trkpt>
      <trkpt lat="47.105330" lon="10.353193"><ele>2254</ele></trkpt>
      <trkpt lat="47.105339" lon="10.353160"><ele>2253</ele></trkpt>
      <trkpt lat="47.105367" lon="10.353168"><ele>2253</ele></trkpt>
      <trkpt lat="47.105390" lon="10.353154"><ele>2252</ele></trkpt>
      <trkpt lat="47.105395" lon="10.353133"><ele>2252</ele></trkpt>
      <trkpt lat="47.105387" lon="10.353116"><ele>2251</ele></trkpt>
      <trkpt lat="47.105390" lon="10.353099"><ele>2250</ele></trkpt>
      <trkpt lat="47.105405" lon="10.353084"><ele>2250</ele></trkpt>
      <trkpt lat="47.105384" lon="10.353040"><ele>2248</ele></trkpt>
      <trkpt lat="47.105391" lon="10.353018"><ele>2248</ele></trkpt>
      <trkpt lat="47.105420" lon="10.352991"><ele>2246</ele></trkpt>
      <trkpt lat="47.105461" lon="10.352992"><ele>2246</ele></trkpt>
      <trkpt lat="47.105481" lon="10.352974"><ele>2244</ele></trkpt>
      <trkpt lat="47.105478" lon="10.352955"><ele>2244</ele></trkpt>
      <trkpt lat="47.105455" lon="10.352924"><ele>2243</ele></trkpt>
      <trkpt lat="47.105450" lon="10.352888"><ele>2242</ele></trkpt>
      <trkpt lat="47.105464" lon="10.352806"><ele>2239</ele></trkpt>
      <trkpt lat="47.105482" lon="10.352767"><ele>2238</ele></trkpt>
      <trkpt lat="47.105505" lon="10.352741"><ele>2236</ele></trkpt>
      <trkpt lat="47.105506" lon="10.352613"><ele>2233</ele></trkpt>
      <trkpt lat="47.105525" lon="10.352580"><ele>2231</ele></trkpt>
      <trkpt lat="47.105554" lon="10.352569"><ele>2230</ele></trkpt>
      <trkpt lat="47.105561" lon="10.352499"><ele>2228</ele></trkpt>
      <trkpt lat="47.105590" lon="10.352383"><ele>2224</ele></trkpt>
      <trkpt lat="47.105608" lon="10.352207"><ele>2220</ele></trkpt>
      <trkpt lat="47.105704" lon="10.351858"><ele>2212</ele></trkpt>
      <trkpt lat="47.105710" lon="10.351736"><ele>2212</ele></trkpt>
      <trkpt lat="47.105766" lon="10.351644"><ele>2205</ele></trkpt>
      <trkpt lat="47.105758" lon="10.351557"><ele>2205</ele></trkpt>
      <trkpt lat="47.105813" lon="10.351258"><ele>2194</ele></trkpt>
      <trkpt lat="47.105843" lon="10.351123"><ele>2190</ele></trkpt>
      <trkpt lat="47.105872" lon="10.351040"><ele>2189</ele></trkpt>
      <trkpt lat="47.105875" lon="10.350975"><ele>2188</ele></trkpt>
      <trkpt lat="47.105974" lon="10.350612"><ele>2180</ele></trkpt>
      <trkpt lat="47.105990" lon="10.350612"><ele>2180</ele></trkpt>
      <trkpt lat="47.106007" lon="10.350655"><ele>2179</ele></trkpt>
      <trkpt lat="47.106006" lon="10.350697"><ele>2179</ele></trkpt>
      <trkpt lat="47.106024" lon="10.350726"><ele>2178</ele></trkpt>
      <trkpt lat="47.106035" lon="10.350776"><ele>2178</ele></trkpt>
      <trkpt lat="47.106054" lon="10.350795"><ele>2177</ele></trkpt>
      <trkpt lat="47.106059" lon="10.350835"><ele>2177</ele></trkpt>
      <trkpt lat="47.106073" lon="10.350846"><ele>2176</ele></trkpt>
      <trkpt lat="47.106139" lon="10.350787"><ele>2173</ele></trkpt>
      <trkpt lat="47.106320" lon="10.350318"><ele>2160</ele></trkpt>
      <trkpt lat="47.106317" lon="10.350126"><ele>2157</ele></trkpt>
      <trkpt lat="47.106368" lon="10.350111"><ele>2154</ele></trkpt>
      <trkpt lat="47.106365" lon="10.349948"><ele>2152</ele></trkpt>
      <trkpt lat="47.106479" lon="10.350003"><ele>2149</ele></trkpt>
      <trkpt lat="47.106503" lon="10.349924"><ele>2146</ele></trkpt>
      <trkpt lat="47.106330" lon="10.349448"><ele>2138</ele></trkpt>
      <trkpt lat="47.106348" lon="10.349224"><ele>2134</ele></trkpt>
      <trkpt lat="47.106377" lon="10.349208"><ele>2132</ele></trkpt>
      <trkpt lat="47.106387" lon="10.349078"><ele>2130</ele></trkpt>
      <trkpt lat="47.106444" lon="10.349061"><ele>2128</ele></trkpt>
      <trkpt lat="47.106501" lon="10.349151"><ele>2128</ele></trkpt>
      <trkpt lat="47.106570" lon="10.349131"><ele>2126</ele></trkpt>
      <trkpt lat="47.106584" lon="10.348568"><ele>2116</ele></trkpt>
      <trkpt lat="47.106601" lon="10.348479"><ele>2115</ele></trkpt>
      <trkpt lat="47.106596" lon="10.348178"><ele>2112</ele></trkpt>
      <trkpt lat="47.106654" lon="10.348011"><ele>2108</ele></trkpt>
      <trkpt lat="47.106651" lon="10.347919"><ele>2106</ele></trkpt>
      <trkpt lat="47.106621" lon="10.347713"><ele>2104</ele></trkpt>
      <trkpt lat="47.106694" lon="10.347190"><ele>2096</ele></trkpt>
      <trkpt lat="47.106644" lon="10.347084"><ele>2096</ele></trkpt>
      <trkpt lat="47.106639" lon="10.346952"><ele>2092</ele></trkpt>
      <trkpt lat="47.106567" lon="10.346782"><ele>2088</ele></trkpt>
      <trkpt lat="47.106684" lon="10.346699"><ele>2085</ele></trkpt>
      <trkpt lat="47.106658" lon="10.346618"><ele>2083</ele></trkpt>
      <trkpt lat="47.106786" lon="10.346563"><ele>2078</ele></trkpt>
      <trkpt lat="47.106818" lon="10.346443"><ele>2075</ele></trkpt>
      <trkpt lat="47.106797" lon="10.346185"><ele>2068</ele></trkpt>
      <trkpt lat="47.106818" lon="10.346089"><ele>2066</ele></trkpt>
      <trkpt lat="47.106885" lon="10.346021"><ele>2064</ele></trkpt>
      <trkpt lat="47.107034" lon="10.346003"><ele>2062</ele></trkpt>
      <trkpt lat="47.107126" lon="10.345858"><ele>2058</ele></trkpt>
      <trkpt lat="47.107117" lon="10.345787"><ele>2057</ele></trkpt>
      <trkpt lat="47.107020" lon="10.345739"><ele>2056</ele></trkpt>
      <trkpt lat="47.107154" lon="10.345605"><ele>2051</ele></trkpt>
      <trkpt lat="47.107195" lon="10.345507"><ele>2047</ele></trkpt>
      <trkpt lat="47.107181" lon="10.345426"><ele>2043</ele></trkpt>
      <trkpt lat="47.107302" lon="10.345332"><ele>2038</ele></trkpt>
      <trkpt lat="47.107441" lon="10.345281"><ele>2034</ele></trkpt>
      <trkpt lat="47.107460" lon="10.345217"><ele>2032</ele></trkpt>
      <trkpt lat="47.107645" lon="10.345047"><ele>2023</ele></trkpt>
      <trkpt lat="47.107773" lon="10.344785"><ele>2017</ele></trkpt>
      <trkpt lat="47.107827" lon="10.344790"><ele>2016</ele></trkpt>
      <trkpt lat="47.107833" lon="10.344689"><ele>2012</ele></trkpt>
      <trkpt lat="47.107770" lon="10.344542"><ele>2008</ele></trkpt>
      <trkpt lat="47.107854" lon="10.344507"><ele>2005</ele></trkpt>
      <trkpt lat="47.107832" lon="10.344390"><ele>2000</ele></trkpt>
      <trkpt lat="47.107898" lon="10.344387"><ele>1999</ele></trkpt>
      <trkpt lat="47.107880" lon="10.344234"><ele>1992</ele></trkpt>
      <trkpt lat="47.107952" lon="10.344240"><ele>1992</ele></trkpt>
      <trkpt lat="47.107956" lon="10.344184"><ele>1990</ele></trkpt>
      <trkpt lat="47.107930" lon="10.344132"><ele>1988</ele></trkpt>
      <trkpt lat="47.107968" lon="10.344064"><ele>1986</ele></trkpt>
      <trkpt lat="47.108018" lon="10.344090"><ele>1987</ele></trkpt>
      <trkpt lat="47.108012" lon="10.343970"><ele>1983</ele></trkpt>
      <trkpt lat="47.108070" lon="10.343982"><ele>1984</ele></trkpt>
      <trkpt lat="47.108088" lon="10.343967"><ele>1982</ele></trkpt>
      <trkpt lat="47.108060" lon="10.343885"><ele>1982</ele></trkpt>
      <trkpt lat="47.108012" lon="10.343843"><ele>1979</ele></trkpt>
      <trkpt lat="47.108016" lon="10.343807"><ele>1978</ele></trkpt>
      <trkpt lat="47.108116" lon="10.343776"><ele>1976</ele></trkpt>
      <trkpt lat="47.108140" lon="10.343750"><ele>1974</ele></trkpt>
      <trkpt lat="47.108118" lon="10.343600"><ele>1970</ele></trkpt>
      <trkpt lat="47.108167" lon="10.343553"><ele>1967</ele></trkpt>
      <trkpt lat="47.108245" lon="10.343207"><ele>1954</ele></trkpt>
      <trkpt lat="47.108199" lon="10.342552"><ele>1937</ele></trkpt>
      <trkpt lat="47.108227" lon="10.342467"><ele>1936</ele></trkpt>
      <trkpt lat="47.108363" lon="10.342373"><ele>1935</ele></trkpt>
      <trkpt lat="47.108401" lon="10.342391"><ele>1933</ele></trkpt>
      <trkpt lat="47.108373" lon="10.342244"><ele>1931</ele></trkpt>
      <trkpt lat="47.108469" lon="10.342141"><ele>1924</ele></trkpt>
      <trkpt lat="47.108499" lon="10.342041"><ele>1920</ele></trkpt>
      <trkpt lat="47.108564" lon="10.341927"><ele>1918</ele></trkpt>
      <trkpt lat="47.108586" lon="10.341870"><ele>1916</ele></trkpt>
      <trkpt lat="47.108583" lon="10.341779"><ele>1914</ele></trkpt>
      <trkpt lat="47.108622" lon="10.341718"><ele>1913</ele></trkpt>
      <trkpt lat="47.108662" lon="10.341695"><ele>1910</ele></trkpt>
      <trkpt lat="47.108682" lon="10.341652"><ele>1908</ele></trkpt>
      <trkpt lat="47.108683" lon="10.341523"><ele>1905</ele></trkpt>
      <trkpt lat="47.108633" lon="10.341538"><ele>1906</ele></trkpt>
      <trkpt lat="47.108561" lon="10.341544"><ele>1906</ele></trkpt>
      <trkpt lat="47.108329" lon="10.341607"><ele>1900</ele></trkpt>
      <trkpt lat="47.108197" lon="10.341537"><ele>1895</ele></trkpt>
      <trkpt lat="47.108102" lon="10.341384"><ele>1890</ele></trkpt>
      <trkpt lat="47.108030" lon="10.341331"><ele>1888</ele></trkpt>
      <trkpt lat="47.108118" lon="10.341240"><ele>1885</ele></trkpt>
      <trkpt lat="47.108267" lon="10.341158"><ele>1881</ele></trkpt>
      <trkpt lat="47.108297" lon="10.341052"><ele>1878</ele></trkpt>
      <trkpt lat="47.108237" lon="10.340973"><ele>1876</ele></trkpt>
      <trkpt lat="47.108359" lon="10.340817"><ele>1871</ele></trkpt>
      <trkpt lat="47.108373" lon="10.340744"><ele>1868</ele></trkpt>
      <trkpt lat="47.108493" lon="10.340759"><ele>1866</ele></trkpt>
      <trkpt lat="47.108509" lon="10.340691"><ele>1863</ele></trkpt>
      <trkpt lat="47.108587" lon="10.340706"><ele>1861</ele></trkpt>
      <trkpt lat="47.108627" lon="10.340612"><ele>1858</ele></trkpt>
      <trkpt lat="47.108677" lon="10.340656"><ele>1857</ele></trkpt>
      <trkpt lat="47.108947" lon="10.340650"><ele>1847</ele></trkpt>
      <trkpt lat="47.109200" lon="10.340691"><ele>1841</ele></trkpt>
      <trkpt lat="47.109418" lon="10.340562"><ele>1834</ele></trkpt>
      <trkpt lat="47.109486" lon="10.340406"><ele>1830</ele></trkpt>
      <trkpt lat="47.109518" lon="10.340383"><ele>1829</ele></trkpt>
      <trkpt lat="47.109554" lon="10.340318"><ele>1827</ele></trkpt>
      <trkpt lat="47.109600" lon="10.340339"><ele>1826</ele></trkpt>
      <trkpt lat="47.109685" lon="10.340220"><ele>1822</ele></trkpt>
      <trkpt lat="47.109822" lon="10.340210"><ele>1818</ele></trkpt>
      <trkpt lat="47.109932" lon="10.340228"><ele>1816</ele></trkpt>
      <trkpt lat="47.109953" lon="10.340213"><ele>1815</ele></trkpt>
      <trkpt lat="47.110004" lon="10.340239"><ele>1814</ele></trkpt>
      <trkpt lat="47.110159" lon="10.340213"><ele>1809</ele></trkpt>
      <trkpt lat="47.110213" lon="10.340224"><ele>1808</ele></trkpt>
      <trkpt lat="47.110276" lon="10.340148"><ele>1806</ele></trkpt>
      <trkpt lat="47.110290" lon="10.340201"><ele>1805</ele></trkpt>
      <trkpt lat="47.110326" lon="10.340272"><ele>1804</ele></trkpt>
      <trkpt lat="47.110345" lon="10.340425"><ele>1804</ele></trkpt>
      <trkpt lat="47.110359" lon="10.340492"><ele>1804</ele></trkpt>
      <trkpt lat="47.110413" lon="10.340594"><ele>1804</ele></trkpt>
      <trkpt lat="47.110477" lon="10.340644"><ele>1804</ele></trkpt>
      <trkpt lat="47.110545" lon="10.340677"><ele>1803</ele></trkpt>
      <trkpt lat="47.110669" lon="10.340666"><ele>1800</ele></trkpt>
      <trkpt lat="47.110784" lon="10.340674"><ele>1800</ele></trkpt>
      <trkpt lat="47.110955" lon="10.340731"><ele>1797</ele></trkpt>
      <trkpt lat="47.111050" lon="10.340826"><ele>1797</ele></trkpt>
      <trkpt lat="47.111198" lon="10.340927"><ele>1796</ele></trkpt>
      <trkpt lat="47.111383" lon="10.341008"><ele>1792</ele></trkpt>
      <trkpt lat="47.111486" lon="10.341008"><ele>1790</ele></trkpt>
      <trkpt lat="47.111615" lon="10.341045"><ele>1790</ele></trkpt>
      <trkpt lat="47.111657" lon="10.341032"><ele>1790</ele></trkpt>
      <trkpt lat="47.111719" lon="10.340977"><ele>1790</ele></trkpt>
      <trkpt lat="47.112077" lon="10.340537"><ele>1782</ele></trkpt>
      <trkpt lat="47.112163" lon="10.340478"><ele>1782</ele></trkpt>
      <trkpt lat="47.112300" lon="10.340430"><ele>1782</ele></trkpt>
      <trkpt lat="47.112361" lon="10.340386"><ele>1781</ele></trkpt>
      <trkpt lat="47.112442" lon="10.340309"><ele>1779</ele></trkpt>
      <trkpt lat="47.112532" lon="10.340286"><ele>1778</ele></trkpt>
      <trkpt lat="47.112614" lon="10.340299"><ele>1777</ele></trkpt>
      <trkpt lat="47.112722" lon="10.340338"><ele>1776</ele></trkpt>
      <trkpt lat="47.112827" lon="10.340324"><ele>1774</ele></trkpt>
      <trkpt lat="47.112971" lon="10.340261"><ele>1770</ele></trkpt>
      <trkpt lat="47.113057" lon="10.340250"><ele>1770</ele></trkpt>
      <trkpt lat="47.113182" lon="10.340198"><ele>1768</ele></trkpt>
      <trkpt lat="47.113268" lon="10.340137"><ele>1765</ele></trkpt>
      <trkpt lat="47.113369" lon="10.340043"><ele>1762</ele></trkpt>
      <trkpt lat="47.113478" lon="10.339989"><ele>1759</ele></trkpt>
      <trkpt lat="47.113600" lon="10.339965"><ele>1758</ele></trkpt>
      <trkpt lat="47.113702" lon="10.339981"><ele>1756</ele></trkpt>
      <trkpt lat="47.113764" lon="10.340045"><ele>1755</ele></trkpt>
      <trkpt lat="47.113812" lon="10.340079"><ele>1754</ele></trkpt>
      <trkpt lat="47.113851" lon="10.340031"><ele>1752</ele></trkpt>
      <trkpt lat="47.113838" lon="10.339965"><ele>1752</ele></trkpt>
      <trkpt lat="47.113773" lon="10.339787"><ele>1749</ele></trkpt>
      <trkpt lat="47.113790" lon="10.339717"><ele>1747</ele></trkpt>
      <trkpt lat="47.113827" lon="10.339701"><ele>1746</ele></trkpt>
      <trkpt lat="47.113888" lon="10.339737"><ele>1746</ele></trkpt>
      <trkpt lat="47.113942" lon="10.339828"><ele>1745</ele></trkpt>
      <trkpt lat="47.114121" lon="10.340647"><ele>1740</ele></trkpt>
      <trkpt lat="47.114249" lon="10.340976"><ele>1740</ele></trkpt>
      <trkpt lat="47.114314" lon="10.341056"><ele>1739</ele></trkpt>
      <trkpt lat="47.114405" lon="10.341127"><ele>1736</ele></trkpt>
      <trkpt lat="47.114552" lon="10.341207"><ele>1733</ele></trkpt>
      <trkpt lat="47.114765" lon="10.341369"><ele>1730</ele></trkpt>
      <trkpt lat="47.114881" lon="10.341423"><ele>1729</ele></trkpt>
      <trkpt lat="47.115039" lon="10.341526"><ele>1727</ele></trkpt>
      <trkpt lat="47.115181" lon="10.341675"><ele>1725</ele></trkpt>
      <trkpt lat="47.115286" lon="10.341831"><ele>1725</ele></trkpt>
      <trkpt lat="47.115364" lon="10.341929"><ele>1725</ele></trkpt>
      <trkpt lat="47.115411" lon="10.341954"><ele>1724</ele></trkpt>
      <trkpt lat="47.115710" lon="10.342006"><ele>1720</ele></trkpt>
      <trkpt lat="47.115945" lon="10.342071"><ele>1717</ele></trkpt>
      <trkpt lat="47.116361" lon="10.342231"><ele>1713</ele></trkpt>
      <trkpt lat="47.116787" lon="10.342491"><ele>1709</ele></trkpt>
      <trkpt lat="47.116910" lon="10.342535"><ele>1707</ele></trkpt>
      <trkpt lat="47.117071" lon="10.342517"><ele>1706</ele></trkpt>
      <trkpt lat="47.117290" lon="10.342420"><ele>1702</ele></trkpt>
      <trkpt lat="47.117370" lon="10.342416"><ele>1701</ele></trkpt>
      <trkpt lat="47.117496" lon="10.342450"><ele>1701</ele></trkpt>
      <trkpt lat="47.117634" lon="10.342470"><ele>1698</ele></trkpt>
      <trkpt lat="47.117925" lon="10.342619"><ele>1697</ele></trkpt>
      <trkpt lat="47.117987" lon="10.342617"><ele>1696</ele></trkpt>
      <trkpt lat="47.118096" lon="10.342567"><ele>1693</ele></trkpt>
      <trkpt lat="47.118174" lon="10.342513"><ele>1692</ele></trkpt>
      <trkpt lat="47.118197" lon="10.342496"><ele>1691</ele></trkpt>
      <trkpt lat="47.118297" lon="10.342458"><ele>1691</ele></trkpt>
      <trkpt lat="47.118397" lon="10.342390"><ele>1691</ele></trkpt>
      <trkpt lat="47.118484" lon="10.342313"><ele>1690</ele></trkpt>
      <trkpt lat="47.118620" lon="10.342242"><ele>1689</ele></trkpt>
      <trkpt lat="47.118689" lon="10.342130"><ele>1688</ele></trkpt>
      <trkpt lat="47.118753" lon="10.341991"><ele>1687</ele></trkpt>
      <trkpt lat="47.118778" lon="10.341935"><ele>1686</ele></trkpt>
      <trkpt lat="47.118817" lon="10.341915"><ele>1686</ele></trkpt>
      <trkpt lat="47.118869" lon="10.341903"><ele>1686</ele></trkpt>
      <trkpt lat="47.118926" lon="10.341917"><ele>1686</ele></trkpt>
      <trkpt lat="47.118943" lon="10.341931"><ele>1686</ele></trkpt>
      <trkpt lat="47.119009" lon="10.341989"><ele>1687</ele></trkpt>
      <trkpt lat="47.119139" lon="10.342008"><ele>1687</ele></trkpt>
      <trkpt lat="47.119244" lon="10.341973"><ele>1686</ele></trkpt>
      <trkpt lat="47.119307" lon="10.341999"><ele>1686</ele></trkpt>
      <trkpt lat="47.119394" lon="10.342094"><ele>1686</ele></trkpt>
      <trkpt lat="47.119448" lon="10.342105"><ele>1686</ele></trkpt>
      <trkpt lat="47.119641" lon="10.342109"><ele>1685</ele></trkpt>
      <trkpt lat="47.119767" lon="10.342148"><ele>1685</ele></trkpt>
      <trkpt lat="47.119915" lon="10.342227"><ele>1683</ele></trkpt>
      <trkpt lat="47.120018" lon="10.342226"><ele>1682</ele></trkpt>
      <trkpt lat="47.120123" lon="10.342186"><ele>1681</ele></trkpt>
      <trkpt lat="47.120195" lon="10.342204"><ele>1680</ele></trkpt>
      <trkpt lat="47.120420" lon="10.342405"><ele>1678</ele></trkpt>
      <trkpt lat="47.120604" lon="10.342412"><ele>1676</ele></trkpt>
      <trkpt lat="47.120698" lon="10.342446"><ele>1675</ele></trkpt>
      <trkpt lat="47.120935" lon="10.342636"><ele>1675</ele></trkpt>
      <trkpt lat="47.121066" lon="10.342692"><ele>1673</ele></trkpt>
      <trkpt lat="47.121228" lon="10.342669"><ele>1670</ele></trkpt>
      <trkpt lat="47.121512" lon="10.342857"><ele>1667</ele></trkpt>
      <trkpt lat="47.121682" lon="10.342984"><ele>1664</ele></trkpt>
      <trkpt lat="47.121768" lon="10.343020"><ele>1662</ele></trkpt>
      <trkpt lat="47.121801" lon="10.342963"><ele>1661</ele></trkpt>
      <trkpt lat="47.121883" lon="10.342867"><ele>1657</ele></trkpt>
      <trkpt lat="47.122002" lon="10.342876"><ele>1653</ele></trkpt>
      <trkpt lat="47.122113" lon="10.342988"><ele>1652</ele></trkpt>
      <trkpt lat="47.122283" lon="10.343021"><ele>1648</ele></trkpt>
      <trkpt lat="47.122316" lon="10.343068"><ele>1648</ele></trkpt>
      <trkpt lat="47.122413" lon="10.343120"><ele>1646</ele></trkpt>
      <trkpt lat="47.122432" lon="10.343164"><ele>1646</ele></trkpt>
      <trkpt lat="47.122577" lon="10.343294"><ele>1644</ele></trkpt>
      <trkpt lat="47.122696" lon="10.343322"><ele>1641</ele></trkpt>
      <trkpt lat="47.122722" lon="10.343351"><ele>1640</ele></trkpt>
      <trkpt lat="47.122736" lon="10.343405"><ele>1641</ele></trkpt>
      <trkpt lat="47.122788" lon="10.343416"><ele>1639</ele></trkpt>
      <trkpt lat="47.122813" lon="10.343449"><ele>1638</ele></trkpt>
      <trkpt lat="47.122868" lon="10.343453"><ele>1636</ele></trkpt>
      <trkpt lat="47.122920" lon="10.343482"><ele>1635</ele></trkpt>
      <trkpt lat="47.122958" lon="10.343480"><ele>1634</ele></trkpt>
      <trkpt lat="47.123043" lon="10.343527"><ele>1632</ele></trkpt>
      <trkpt lat="47.123068" lon="10.343507"><ele>1630</ele></trkpt>
      <trkpt lat="47.123142" lon="10.343543"><ele>1629</ele></trkpt>
      <trkpt lat="47.123184" lon="10.343604"><ele>1628</ele></trkpt>
      <trkpt lat="47.123233" lon="10.343597"><ele>1626</ele></trkpt>
      <trkpt lat="47.123247" lon="10.343617"><ele>1626</ele></trkpt>
      <trkpt lat="47.123292" lon="10.343610"><ele>1624</ele></trkpt>
      <trkpt lat="47.123335" lon="10.343623"><ele>1623</ele></trkpt>
      <trkpt lat="47.123337" lon="10.343692"><ele>1624</ele></trkpt>
      <trkpt lat="47.123439" lon="10.343760"><ele>1622</ele></trkpt>
      <trkpt lat="47.123653" lon="10.343987"><ele>1621</ele></trkpt>
      <trkpt lat="47.123720" lon="10.343915"><ele>1618</ele></trkpt>
      <trkpt lat="47.123765" lon="10.343893"><ele>1617</ele></trkpt>
      <trkpt lat="47.123804" lon="10.343831"><ele>1615</ele></trkpt>
      <trkpt lat="47.123899" lon="10.343770"><ele>1612</ele></trkpt>
      <trkpt lat="47.123976" lon="10.343717"><ele>1608</ele></trkpt>
      <trkpt lat="47.124043" lon="10.343686"><ele>1606</ele></trkpt>
      <trkpt lat="47.124098" lon="10.343678"><ele>1605</ele></trkpt>
      <trkpt lat="47.124141" lon="10.343643"><ele>1604</ele></trkpt>
      <trkpt lat="47.124212" lon="10.343703"><ele>1603</ele></trkpt>
      <trkpt lat="47.124307" lon="10.343741"><ele>1600</ele></trkpt>
      <trkpt lat="47.124327" lon="10.343758"><ele>1599</ele></trkpt>
      <trkpt lat="47.124358" lon="10.343822"><ele>1599</ele></trkpt>
      <trkpt lat="47.124414" lon="10.343814"><ele>1596</ele></trkpt>
      <trkpt lat="47.124436" lon="10.343835"><ele>1596</ele></trkpt>
      <trkpt lat="47.124562" lon="10.343892"><ele>1594</ele></trkpt>
      <trkpt lat="47.124647" lon="10.343914"><ele>1593</ele></trkpt>
      <trkpt lat="47.124777" lon="10.343908"><ele>1590</ele></trkpt>
      <trkpt lat="47.124803" lon="10.343875"><ele>1589</ele></trkpt>
      <trkpt lat="47.124858" lon="10.343839"><ele>1587</ele></trkpt>
      <trkpt lat="47.124907" lon="10.343842"><ele>1586</ele></trkpt>
      <trkpt lat="47.125112" lon="10.343853"><ele>1580</ele></trkpt>
      <trkpt lat="47.125225" lon="10.343936"><ele>1579</ele></trkpt>
      <trkpt lat="47.125314" lon="10.343895"><ele>1574</ele></trkpt>
      <trkpt lat="47.125497" lon="10.343950"><ele>1572</ele></trkpt>
      <trkpt lat="47.125606" lon="10.343933"><ele>1569</ele></trkpt>
      <trkpt lat="47.125665" lon="10.343938"><ele>1568</ele></trkpt>
      <trkpt lat="47.125720" lon="10.343976"><ele>1568</ele></trkpt>
      <trkpt lat="47.125785" lon="10.343985"><ele>1567</ele></trkpt>
      <trkpt lat="47.125881" lon="10.344047"><ele>1565</ele></trkpt>
      <trkpt lat="47.125949" lon="10.344106"><ele>1564</ele></trkpt>
      <trkpt lat="47.126007" lon="10.344184"><ele>1563</ele></trkpt>
      <trkpt lat="47.126045" lon="10.344216"><ele>1563</ele></trkpt>
      <trkpt lat="47.126122" lon="10.344317"><ele>1563</ele></trkpt>
      <trkpt lat="47.126171" lon="10.344349"><ele>1562</ele></trkpt>
      <trkpt lat="47.126207" lon="10.344411"><ele>1562</ele></trkpt>
      <trkpt lat="47.126393" lon="10.344588"><ele>1562</ele></trkpt>
      <trkpt lat="47.126417" lon="10.344649"><ele>1563</ele></trkpt>
      <trkpt lat="47.126458" lon="10.344670"><ele>1562</ele></trkpt>
      <trkpt lat="47.126531" lon="10.344733"><ele>1560</ele></trkpt>
      <trkpt lat="47.126647" lon="10.344813"><ele>1556</ele></trkpt>
      <trkpt lat="47.126747" lon="10.344807"><ele>1552</ele></trkpt>
      <trkpt lat="47.126829" lon="10.344818"><ele>1550</ele></trkpt>
      <trkpt lat="47.126883" lon="10.344786"><ele>1547</ele></trkpt>
      <trkpt lat="47.126955" lon="10.344773"><ele>1544</ele></trkpt>
      <trkpt lat="47.127040" lon="10.344815"><ele>1543</ele></trkpt>
      <trkpt lat="47.127083" lon="10.344847"><ele>1543</ele></trkpt>
      <trkpt lat="47.127132" lon="10.344922"><ele>1542</ele></trkpt>
      <trkpt lat="47.127182" lon="10.344952"><ele>1542</ele></trkpt>
      <trkpt lat="47.127257" lon="10.344956"><ele>1540</ele></trkpt>
      <trkpt lat="47.127294" lon="10.344915"><ele>1540</ele></trkpt>
      <trkpt lat="47.127350" lon="10.344891"><ele>1539</ele></trkpt>
      <trkpt lat="47.127533" lon="10.344768"><ele>1537</ele></trkpt>
      <trkpt lat="47.127621" lon="10.344742"><ele>1535</ele></trkpt>
      <trkpt lat="47.127920" lon="10.344724"><ele>1530</ele></trkpt>
      <trkpt lat="47.128008" lon="10.344702"><ele>1528</ele></trkpt>
      <trkpt lat="47.128115" lon="10.344645"><ele>1527</ele></trkpt>
      <trkpt lat="47.128223" lon="10.344556"><ele>1525</ele></trkpt>
      <trkpt lat="47.128304" lon="10.344508"><ele>1523</ele></trkpt>
      <trkpt lat="47.128410" lon="10.344521"><ele>1522</ele></trkpt>
      <trkpt lat="47.128532" lon="10.344602"><ele>1522</ele></trkpt>
      <trkpt lat="47.128689" lon="10.344604"><ele>1520</ele></trkpt>
      <trkpt lat="47.128824" lon="10.344605"><ele>1520</ele></trkpt>
      <trkpt lat="47.129166" lon="10.344479"><ele>1512</ele></trkpt>
      <trkpt lat="47.129435" lon="10.344600"><ele>1510</ele></trkpt>
      <trkpt lat="47.129615" lon="10.344599"><ele>1510</ele></trkpt>
      <trkpt lat="47.129833" lon="10.344490"><ele>1503</ele></trkpt>
      <trkpt lat="47.129936" lon="10.344529"><ele>1504</ele></trkpt>
      <trkpt lat="47.130286" lon="10.344610"><ele>1494</ele></trkpt>
      <trkpt lat="47.130319" lon="10.344651"><ele>1494</ele></trkpt>
      <trkpt lat="47.130329" lon="10.344725"><ele>1495</ele></trkpt>
      <trkpt lat="47.130306" lon="10.344881"><ele>1495</ele></trkpt>
      <trkpt lat="47.130320" lon="10.344957"><ele>1494</ele></trkpt>
      <trkpt lat="47.130383" lon="10.344995"><ele>1493</ele></trkpt>
      <trkpt lat="47.130474" lon="10.344999"><ele>1491</ele></trkpt>
      <trkpt lat="47.130548" lon="10.345025"><ele>1490</ele></trkpt>
      <trkpt lat="47.130697" lon="10.345121"><ele>1488</ele></trkpt>
      <trkpt lat="47.130913" lon="10.345177"><ele>1484</ele></trkpt>
      <trkpt lat="47.130979" lon="10.345204"><ele>1484</ele></trkpt>
      <trkpt lat="47.131101" lon="10.345204"><ele>1481</ele></trkpt>
      <trkpt lat="47.131161" lon="10.345284"><ele>1481</ele></trkpt>
      <trkpt lat="47.131394" lon="10.345336"><ele>1480</ele></trkpt>
      <trkpt lat="47.131649" lon="10.345438"><ele>1475</ele></trkpt>
      <trkpt lat="47.131851" lon="10.345444"><ele>1471</ele></trkpt>
      <trkpt lat="47.132017" lon="10.345544"><ele>1469</ele></trkpt>
      <trkpt lat="47.132056" lon="10.345484"><ele>1467</ele></trkpt>
      <trkpt lat="47.131960" lon="10.345035"><ele>1463</ele></trkpt>
      <trkpt lat="47.131960" lon="10.344944"><ele>1461</ele></trkpt>
      <trkpt lat="47.131995" lon="10.344872"><ele>1458</ele></trkpt>
      <trkpt lat="47.132094" lon="10.344866"><ele>1456</ele></trkpt>
      <trkpt lat="47.132166" lon="10.344905"><ele>1456</ele></trkpt>
      <trkpt lat="47.132289" lon="10.345061"><ele>1456</ele></trkpt>
      <trkpt lat="47.132321" lon="10.345087"><ele>1455</ele></trkpt>
      <trkpt lat="47.132370" lon="10.345067"><ele>1454</ele></trkpt>
      <trkpt lat="47.132374" lon="10.344969"><ele>1452</ele></trkpt>
      <trkpt lat="47.132355" lon="10.344747"><ele>1449</ele></trkpt>
      <trkpt lat="47.132300" lon="10.344662"><ele>1448</ele></trkpt>
      <trkpt lat="47.132239" lon="10.344617"><ele>1448</ele></trkpt>
      <trkpt lat="47.132264" lon="10.344557"><ele>1446</ele></trkpt>
      <trkpt lat="47.132394" lon="10.344502"><ele>1443</ele></trkpt>
      <trkpt lat="47.132498" lon="10.344519"><ele>1441</ele></trkpt>
      <trkpt lat="47.132694" lon="10.344967"><ele>1440</ele></trkpt>
      <trkpt lat="47.132722" lon="10.344991"><ele>1438</ele></trkpt>
      <trkpt lat="47.132742" lon="10.344917"><ele>1436</ele></trkpt>
      <trkpt lat="47.132707" lon="10.344718"><ele>1434</ele></trkpt>
      <trkpt lat="47.132722" lon="10.344553"><ele>1432</ele></trkpt>
      <trkpt lat="47.132780" lon="10.344491"><ele>1430</ele></trkpt>
      <trkpt lat="47.132877" lon="10.344425"><ele>1432</ele></trkpt>
      <trkpt lat="47.132914" lon="10.344415"><ele>1433</ele></trkpt>
      <trkpt lat="47.133046" lon="10.344577"><ele>1427</ele></trkpt>
      <trkpt lat="47.133169" lon="10.344696"><ele>1422</ele></trkpt>
      <trkpt lat="47.133306" lon="10.344787"><ele>1420</ele></trkpt>
      <trkpt lat="47.133358" lon="10.344795"><ele>1419</ele></trkpt>
      <trkpt lat="47.133462" lon="10.344713"><ele>1417</ele></trkpt>
      <trkpt lat="47.133576" lon="10.344563"><ele>1417</ele></trkpt>
      <trkpt lat="47.133729" lon="10.344472"><ele>1414</ele></trkpt>
      <trkpt lat="47.133905" lon="10.344411"><ele>1412</ele></trkpt>
      <trkpt lat="47.133992" lon="10.344427"><ele>1412</ele></trkpt>
      <trkpt lat="47.134092" lon="10.344457"><ele>1410</ele></trkpt>
      <trkpt lat="47.134232" lon="10.344515"><ele>1404</ele></trkpt>
      <trkpt lat="47.134305" lon="10.344473"><ele>1402</ele></trkpt>
      <trkpt lat="47.134346" lon="10.344384"><ele>1404</ele></trkpt>
      <trkpt lat="47.134397" lon="10.344298"><ele>1406</ele></trkpt>
      <trkpt lat="47.134601" lon="10.344204"><ele>1402</ele></trkpt>
      <trkpt lat="47.134739" lon="10.344183"><ele>1399</ele></trkpt>
      <trkpt lat="47.134825" lon="10.344181"><ele>1397</ele></trkpt>
      <trkpt lat="47.135300" lon="10.344094"><ele>1390</ele></trkpt>
      <trkpt lat="47.135865" lon="10.343941"><ele>1382</ele></trkpt>
      <trkpt lat="47.136286" lon="10.344021"><ele>1372</ele></trkpt>
      <trkpt lat="47.136330" lon="10.344001"><ele>1373</ele></trkpt>
      <trkpt lat="47.136376" lon="10.344005"><ele>1372</ele></trkpt>
      <trkpt lat="47.136410" lon="10.343963"><ele>1372</ele></trkpt>
      <trkpt lat="47.136610" lon="10.343377"><ele>1366</ele></trkpt>
      <trkpt lat="47.136716" lon="10.343237"><ele>1366</ele></trkpt>
      <trkpt lat="47.136933" lon="10.343212"><ele>1362</ele></trkpt>
      <trkpt lat="47.137094" lon="10.343245"><ele>1359</ele></trkpt>
      <trkpt lat="47.137225" lon="10.343250"><ele>1358</ele></trkpt>
      <trkpt lat="47.137343" lon="10.343210"><ele>1356</ele></trkpt>
      <trkpt lat="47.137567" lon="10.343083"><ele>1354</ele></trkpt>
      <trkpt lat="47.137609" lon="10.343107"><ele>1351</ele></trkpt>
      <trkpt lat="47.137602" lon="10.343166"><ele>1349</ele></trkpt>
      <trkpt lat="47.137578" lon="10.343206"><ele>1348</ele></trkpt>
      <trkpt lat="47.137026" lon="10.343549"><ele>1346</ele></trkpt>
      <trkpt lat="47.136968" lon="10.343630"><ele>1344</ele></trkpt>
      <trkpt lat="47.136878" lon="10.343823"><ele>1345</ele></trkpt>
      <trkpt lat="47.136854" lon="10.344293"><ele>1342</ele></trkpt>
      <trkpt lat="47.136929" lon="10.344357"><ele>1338</ele></trkpt>
      <trkpt lat="47.136961" lon="10.344302"><ele>1336</ele></trkpt>
      <trkpt lat="47.136987" lon="10.343907"><ele>1339</ele></trkpt>
      <trkpt lat="47.137131" lon="10.343751"><ele>1337</ele></trkpt>
      <trkpt lat="47.137468" lon="10.343712"><ele>1330</ele></trkpt>
      <trkpt lat="47.137528" lon="10.343705"><ele>1329</ele></trkpt>
      <trkpt lat="47.137640" lon="10.343649"><ele>1328</ele></trkpt>
      <trkpt lat="47.137737" lon="10.343581"><ele>1326</ele></trkpt>
      <trkpt lat="47.137846" lon="10.343479"><ele>1326</ele></trkpt>
      <trkpt lat="47.137887" lon="10.343500"><ele>1323</ele></trkpt>
      <trkpt lat="47.137890" lon="10.343570"><ele>1320</ele></trkpt>
      <trkpt lat="47.137825" lon="10.343662"><ele>1320</ele></trkpt>
      <trkpt lat="47.137434" lon="10.344010"><ele>1320</ele></trkpt>
      <trkpt lat="47.137324" lon="10.344320"><ele>1317</ele></trkpt>
      <trkpt lat="47.137321" lon="10.344397"><ele>1315</ele></trkpt>
      <trkpt lat="47.137377" lon="10.344453"><ele>1313</ele></trkpt>
      <trkpt lat="47.137427" lon="10.344478"><ele>1312</ele></trkpt>
      <trkpt lat="47.137479" lon="10.344453"><ele>1310</ele></trkpt>
      <trkpt lat="47.137641" lon="10.344294"><ele>1308</ele></trkpt>
      <trkpt lat="47.137773" lon="10.344192"><ele>1305</ele></trkpt>
      <trkpt lat="47.137873" lon="10.344094"><ele>1306</ele></trkpt>
      <trkpt lat="47.138149" lon="10.343752"><ele>1301</ele></trkpt>
      <trkpt lat="47.138263" lon="10.343644"><ele>1298</ele></trkpt>
      <trkpt lat="47.138319" lon="10.343604"><ele>1295</ele></trkpt>
      <trkpt lat="47.138382" lon="10.343538"><ele>1296</ele></trkpt>
      <trkpt lat="47.138608" lon="10.343515"><ele>1292</ele></trkpt>
      <trkpt lat="47.138728" lon="10.343521"><ele>1288</ele></trkpt>
      <trkpt lat="47.138861" lon="10.343493"><ele>1285</ele></trkpt>
      <trkpt lat="47.138964" lon="10.343425"><ele>1284</ele></trkpt>
      <trkpt lat="47.139549" lon="10.342797"><ele>1270</ele></trkpt>
      <trkpt lat="47.139748" lon="10.342665"><ele>1268</ele></trkpt>
      <trkpt lat="47.139794" lon="10.342915"><ele>1264</ele></trkpt>
      <trkpt lat="47.139864" lon="10.343118"><ele>1266</ele></trkpt>
      <trkpt lat="47.139901" lon="10.343244"><ele>1268</ele></trkpt>
      <trkpt lat="47.139976" lon="10.343250"><ele>1268</ele></trkpt>
      <trkpt lat="47.140306" lon="10.343038"><ele>1268</ele></trkpt>
      <trkpt lat="47.140408" lon="10.342961"><ele>1266</ele></trkpt>
      <trkpt lat="47.140491" lon="10.342935"><ele>1266</ele></trkpt>
      <trkpt lat="47.140605" lon="10.342821"><ele>1260</ele></trkpt>
      <trkpt lat="47.140664" lon="10.342803"><ele>1258</ele></trkpt>
      <trkpt lat="47.140802" lon="10.342807"><ele>1256</ele></trkpt>
      <trkpt lat="47.140976" lon="10.342731"><ele>1253</ele></trkpt>
      <trkpt lat="47.141087" lon="10.342547"><ele>1247</ele></trkpt>
      <trkpt lat="47.141253" lon="10.342365"><ele>1242</ele></trkpt>
      <trkpt lat="47.141397" lon="10.342248"><ele>1239</ele></trkpt>
      <trkpt lat="47.141435" lon="10.342240"><ele>1238</ele></trkpt>
      <trkpt lat="47.141540" lon="10.342326"><ele>1238</ele></trkpt>
      <trkpt lat="47.141623" lon="10.342461"><ele>1240</ele></trkpt>
      <trkpt lat="47.141638" lon="10.342475"><ele>1240</ele></trkpt>
      <trkpt lat="47.141664" lon="10.342481"><ele>1240</ele></trkpt>
      <trkpt lat="47.141687" lon="10.342523"><ele>1240</ele></trkpt>
      <trkpt lat="47.141701" lon="10.342586"><ele>1241</ele></trkpt>
      <trkpt lat="47.141731" lon="10.342650"><ele>1241</ele></trkpt>
      <trkpt lat="47.141762" lon="10.342657"><ele>1240</ele></trkpt>
      <trkpt lat="47.141770" lon="10.342630"><ele>1238</ele></trkpt>
      <trkpt lat="47.141761" lon="10.342573"><ele>1237</ele></trkpt>
      <trkpt lat="47.141697" lon="10.342406"><ele>1236</ele></trkpt>
      <trkpt lat="47.141655" lon="10.342359"><ele>1236</ele></trkpt>
      <trkpt lat="47.141641" lon="10.342323"><ele>1236</ele></trkpt>
      <trkpt lat="47.141661" lon="10.342294"><ele>1234</ele></trkpt>
      <trkpt lat="47.141704" lon="10.342304"><ele>1233</ele></trkpt>
      <trkpt lat="47.141761" lon="10.342398"><ele>1233</ele></trkpt>
      <trkpt lat="47.141928" lon="10.342552"><ele>1227</ele></trkpt>
      <trkpt lat="47.141979" lon="10.342625"><ele>1227</ele></trkpt>
      <trkpt lat="47.142020" lon="10.342669"><ele>1226</ele></trkpt>
      <trkpt lat="47.142054" lon="10.342755"><ele>1226</ele></trkpt>
      <trkpt lat="47.142101" lon="10.342810"><ele>1226</ele></trkpt>
      <trkpt lat="47.142136" lon="10.342830"><ele>1225</ele></trkpt>
      <trkpt lat="47.142224" lon="10.342843"><ele>1222</ele></trkpt>
      <trkpt lat="47.142313" lon="10.342838"><ele>1220</ele></trkpt>
      <trkpt lat="47.142837" lon="10.342889"><ele>1214</ele></trkpt>
      <trkpt lat="47.143297" lon="10.342980"><ele>1211</ele></trkpt>
      <trkpt lat="47.143626" lon="10.343057"><ele>1208</ele></trkpt>
      <trkpt lat="47.143669" lon="10.343062"><ele>1207</ele></trkpt>
      <trkpt lat="47.143814" lon="10.343114"><ele>1205</ele></trkpt>
      <trkpt lat="47.144094" lon="10.343177"><ele>1201</ele></trkpt>
      <trkpt lat="47.144175" lon="10.343181"><ele>1200</ele></trkpt>
      <trkpt lat="47.144324" lon="10.343173"><ele>1199</ele></trkpt>
      <trkpt lat="47.144691" lon="10.343114"><ele>1196</ele></trkpt>
      <trkpt lat="47.144886" lon="10.343104"><ele>1194</ele></trkpt>
      <trkpt lat="47.144992" lon="10.343109"><ele>1193</ele></trkpt>
      <trkpt lat="47.145199" lon="10.343149"><ele>1193</ele></trkpt>
      <trkpt lat="47.145369" lon="10.343207"><ele>1192</ele></trkpt>
      <trkpt lat="47.145535" lon="10.343317"><ele>1191</ele></trkpt>
      <trkpt lat="47.145613" lon="10.343274"><ele>1190</ele></trkpt>
      <trkpt lat="47.145605" lon="10.343083"><ele>1189</ele></trkpt>
      <trkpt lat="47.145586" lon="10.342936"><ele>1190</ele></trkpt>
      <trkpt lat="47.145544" lon="10.342651"><ele>1190</ele></trkpt>
      <trkpt lat="47.145519" lon="10.342479"><ele>1190</ele></trkpt>
      <trkpt lat="47.145516" lon="10.342432"><ele>1190</ele></trkpt>
      <trkpt lat="47.145496" lon="10.342070"><ele>1190</ele></trkpt>
      <trkpt lat="47.145466" lon="10.341756"><ele>1191</ele></trkpt>
      <trkpt lat="47.145498" lon="10.341753"><ele>1190</ele></trkpt>
      <trkpt lat="47.145552" lon="10.341749"><ele>1190</ele></trkpt>
      <trkpt lat="47.145771" lon="10.341811"><ele>1191</ele></trkpt>
      <trkpt lat="47.145817" lon="10.341840"><ele>1191</ele></trkpt>
      <trkpt lat="47.145877" lon="10.341908"><ele>1192</ele></trkpt>
      <trkpt lat="47.145996" lon="10.341908"><ele>1193</ele></trkpt>
      <trkpt lat="47.146363" lon="10.341899"><ele>1200</ele></trkpt>
      <trkpt lat="47.146598" lon="10.341815"><ele>1204</ele></trkpt>
      <trkpt lat="47.146857" lon="10.341774"><ele>1208</ele></trkpt>
      <trkpt lat="47.146952" lon="10.341759"><ele>1209</ele></trkpt>
      <trkpt lat="47.147524" lon="10.341537"><ele>1218</ele></trkpt>
      <trkpt lat="47.148145" lon="10.341196"><ele>1228</ele></trkpt>
      <trkpt lat="47.148238" lon="10.341633"><ele>1228</ele></trkpt>
      <trkpt lat="47.148266" lon="10.341740"><ele>1228</ele></trkpt>
      <trkpt lat="47.148298" lon="10.341863"><ele>1229</ele></trkpt>
      <trkpt lat="47.148384" lon="10.342068"><ele>1231</ele></trkpt>
      <trkpt lat="47.148450" lon="10.342223"><ele>1232</ele></trkpt>
      <trkpt lat="47.148556" lon="10.342476"><ele>1233</ele></trkpt>
      <trkpt lat="47.148781" lon="10.342852"><ele>1234</ele></trkpt>
      <trkpt lat="47.148871" lon="10.342985"><ele>1235</ele></trkpt>
      <trkpt lat="47.149017" lon="10.343199"><ele>1236</ele></trkpt>
      <trkpt lat="47.149090" lon="10.343306"><ele>1236</ele></trkpt>
      <trkpt lat="47.149187" lon="10.343580"><ele>1237</ele></trkpt>
      <trkpt lat="47.149435" lon="10.343416"><ele>1242</ele></trkpt>
  </trkseg></trk>
</gpx>
